author_id,public_metrics,text,created_at,id,source,edit_history_tweet_ids,lang,cleaned_text,Tweet_tokenized
1544471696060649472,"{'retweet_count': 3, 'reply_count': 0, 'like_count': 0, 'quote_count': 0}","RT @mestredaspromos: ğŸª„ Oferta Amazon

ğŸ“™ A MÃ£o e o Tamboril (Capa dura)
ğŸ’¸ R$11,00*
â €â €â €â €â €â €â €â¥ https://t.co/qC19qxE261

ğŸ“™ Uma loucura discretaâ€¦",2022-10-08T18:43:21.000Z,1578818346598162433,Twitter for Android,['1578818346598162433'],pt,mestredaspromos Oferta Amazon Tamboril Capa dura R1100 httpstcoqC19qxE261 loucura discreta,"['mestredaspromos', 'oferta', 'amazon', 'tamboril', 'capa', 'dura', 'r1100', 'httpstcoqc19qxe261', 'loucura', 'discreta']"
1501808682258268161,"{'retweet_count': 67427, 'reply_count': 0, 'like_count': 0, 'quote_count': 0}","RT @Genshin_7: ï¼
#åŸç¥ Ver.3.1ã‚¢ãƒ—ãƒ‡
è¨˜å¿µã‚­ãƒ£ãƒ³ãƒšãƒ¼ãƒ³ï¼ç¬¬3å¼¾
2æ—¥ç›®
ï¼¼

10æœˆ13æ—¥(æœ¨)23:59ã¾ã§æ¯æ—¥ãƒãƒ£ãƒ¬ãƒ³ã‚¸ï¼
åŸç¥ã‚°ãƒƒã‚ºã‚„Amazonã‚®ãƒ•ãƒˆ10000å††åˆ†ãŒ
ãã®å ´ã§å½“ãŸã‚‹ãƒãƒ£ãƒ³ã‚¹ï¼

â–¼å‚åŠ æ–¹æ³•
â‘ @Genshin_7ã‚’ãƒ•ã‚©ãƒ­ãƒ¼
â‘¡â€¦",2022-10-08T18:43:21.000Z,1578818346081845248,Twitter for Android,['1578818346081845248'],ja,Genshin7 Ver313210132359Amazon10000Genshin7,"['genshin7', 'ver313210132359amazon10000genshin7']"
1343224330474250241,"{'retweet_count': 0, 'reply_count': 0, 'like_count': 0, 'quote_count': 0}","Amazon è‰¯ã‹ã£ãŸã‚‰è¦‹ã¦ãã ã•ã„

Apple Pencil(ç¬¬2ä¸–ä»£) â˜… ãƒšãƒ³ã‚·ãƒ« 855

â–¼å•†å“ãƒšãƒ¼ã‚¸ã¯ã‚³ãƒãƒ©
https://t.co/TzPeqUQcVy",2022-10-08T18:43:21.000Z,1578818345498918912,ãŠã®ãã,['1578818345498918912'],ja,Amazon Apple Pencil2 855httpstcoTzPeqUQcVy,"['amazon', 'apple', 'pencil2', '855httpstcotzpequqcvy']"
1303072068523577345,"{'retweet_count': 67427, 'reply_count': 0, 'like_count': 0, 'quote_count': 0}","RT @Genshin_7: ï¼
#åŸç¥ Ver.3.1ã‚¢ãƒ—ãƒ‡
è¨˜å¿µã‚­ãƒ£ãƒ³ãƒšãƒ¼ãƒ³ï¼ç¬¬3å¼¾
2æ—¥ç›®
ï¼¼

10æœˆ13æ—¥(æœ¨)23:59ã¾ã§æ¯æ—¥ãƒãƒ£ãƒ¬ãƒ³ã‚¸ï¼
åŸç¥ã‚°ãƒƒã‚ºã‚„Amazonã‚®ãƒ•ãƒˆ10000å††åˆ†ãŒ
ãã®å ´ã§å½“ãŸã‚‹ãƒãƒ£ãƒ³ã‚¹ï¼

â–¼å‚åŠ æ–¹æ³•
â‘ @Genshin_7ã‚’ãƒ•ã‚©ãƒ­ãƒ¼
â‘¡â€¦",2022-10-08T18:43:21.000Z,1578818344500985857,Twitter for iPhone,['1578818344500985857'],ja,Genshin7 Ver313210132359Amazon10000Genshin7,"['genshin7', 'ver313210132359amazon10000genshin7']"
1528041800832798721,"{'retweet_count': 0, 'reply_count': 0, 'like_count': 0, 'quote_count': 0}",@TalkinBaseball_ Changing their team name pleased the baseball gods  https://t.co/KbTOzBJuvZ,2022-10-08T18:43:20.000Z,1578818344219979776,Twitter for iPhone,['1578818344219979776'],en,TalkinBaseball Changing their team name pleased baseball gods httpstcoKbTOzBJuvZ,"['talkinbaseball', 'changing', 'their', 'team', 'name', 'pleased', 'baseball', 'gods', 'httpstcokbtozbjuvz']"
1142957601111457792,"{'retweet_count': 10, 'reply_count': 0, 'like_count': 0, 'quote_count': 0}","RT @DebKlaWriter: READ ABOUT COLONEL HANS FABER IN MY STORY, â€œSTILLE NACHTâ€ IN THE DARK DESIRE ANTHOLOGY AND MY NOVEL THESE EYES SO GREEN!â€¦",2022-10-08T18:43:20.000Z,1578818344031248385,Twitter Web App,['1578818344031248385'],en,DebKlaWriter READ ABOUT COLONEL HANS FABER STORY STILLE NACHT DARK DESIRE ANTHOLOGY NOVEL THESE EYES GREEN,"['debklawriter', 'read', 'about', 'colonel', 'hans', 'faber', 'story', 'stille', 'nacht', 'dark', 'desire', 'anthology', 'novel', 'these', 'eyes', 'green']"
1361770762617585665,"{'retweet_count': 0, 'reply_count': 0, 'like_count': 0, 'quote_count': 0}","ã€2022å¹´æœ€æ–°ç‰ˆã€‘ GPâ€PRO ã‚¿ãƒ–ãƒ¬ãƒƒãƒˆãƒ›ãƒ«ãƒ€ãƒ¼ è»Šè¼‰ é€²åŒ–ç‰ˆ ãƒ€ãƒƒã‚·ãƒ¥ãƒœãƒ¼ãƒ‰ç”¨ ç²˜ç€ã‚²ãƒ«+çœŸç©º å¸ç›¤ ãƒˆãƒ©ãƒƒã‚¯OK ipad 262

è»Š ãƒã‚¤ã‚¯ ãŠã™ã™ã‚
https://t.co/qf0imcGcT9",2022-10-08T18:43:20.000Z,1578818343800164352,ä¸æ€è­°ãªãƒ©ãƒ³ãƒ—,['1578818343800164352'],ja,2022 GPPRO ipad httpstcoqf0imcGcT9,"['2022', 'gppro', 'ipad', 'httpstcoqf0imcgct9']"
2205399246,"{'retweet_count': 1, 'reply_count': 0, 'like_count': 0, 'quote_count': 0}","RT @UviPoznansky: Via ""@mnnovelette
CRAZY LADIES - PART 2
https://t.co/7Bi6B7jzVQ
#BOOKSPECIALS #ASMSG https://t.co/UtRTcRCW25",2022-10-08T18:43:20.000Z,1578818342642937856,Twitter Web App,['1578818342642937856'],en,UviPoznansky mnnoveletteCRAZY LADIES PART 2httpstco7Bi6B7jzVQBOOKSPECIALS ASMSG httpstcoUtRTcRCW25,"['uvipoznansky', 'mnnovelettecrazy', 'ladies', 'part', '2httpstco7bi6b7jzvqbookspecials', 'asmsg', 'httpstcoutrtcrcw25']"
1253872922940207104,"{'retweet_count': 0, 'reply_count': 0, 'like_count': 0, 'quote_count': 0}","Amazonâ˜… GTRACING ã‚²ãƒ¼ãƒŸãƒ³ã‚°ãƒ‡ã‚¹ã‚¯ ãƒ‘ã‚½ã‚³ãƒ³ãƒ‡ã‚¹ã‚¯ ã‚²ãƒ¼ãƒ ãƒ‡ã‚¹ã‚¯ pcãƒ‡ã‚¹ã‚¯ ã‚²ãƒ¼ãƒãƒ¼ã«å‘ã‘ å¹… 108 cmÃ—å¥¥è¡Œ60cm è€è·é‡80kg Zå­—ãƒ•ãƒ¬ãƒ¼ãƒ  çµ„ç«‹ç°¡å˜ ãƒ¬ãƒƒãƒ‰ (Z02-RED)
ä»Šãƒ’ãƒƒãƒˆã—ã¦ã‚‹å•†å“ã‚’ã”ç´¹ä»‹âœ¨
https://t.co/cm2g712uix",2022-10-08T18:43:20.000Z,1578818342466768898,ä¸æ€è­°ãªãƒ©ãƒ³ãƒ—,['1578818342466768898'],ja,Amazon GTRACING cm60cm 80kg Z02REDhttpstcocm2g712uix,"['amazon', 'gtracing', 'cm60cm', '80kg', 'z02redhttpstcocm2g712uix']"
2427952675,"{'retweet_count': 0, 'reply_count': 0, 'like_count': 0, 'quote_count': 0}","ãƒ¦ãƒ‹ã‚¯ãƒ­ã®ã€Œ1å‹ï¼™æ•—ã€ã‚„ãƒ›ãƒ³ãƒ€ã®ã€Œèµ°ã£ã¦ã‹ã‚‰è€ƒãˆã‚‹ã€ã¨ã„ã†ç™ºæƒ³ãŒã€æ—¥æœ¬ã®ä¿Šæ•ã§ã—ãŸãŸã‹ãªçµŒå–¶ã‚’æ”¯ãˆã¦ããŸã®ã§ã‚ã‚Šã€ãã‚Œã¯åˆ†æã‚„æˆ¦ç•¥è¨ˆç”»ã§ã¯ãªãã€ãƒªãƒ¼ãƒ€ãƒ¼ãŸã¡ã®æœªæ¥å‰µé€ ã¸ã®åŸ·å¿µã ã£ãŸã€‚[é‡ä¸­éƒæ¬¡éƒ]
https://t.co/pz0zHzF7Ip",2022-10-08T18:43:20.000Z,1578818342424453122,twittbot.net,['1578818342424453122'],ja,1httpstcopz0zHzF7Ip,['1httpstcopz0zhzf7ip']
1555277832242139136,"{'retweet_count': 7725, 'reply_count': 0, 'like_count': 0, 'quote_count': 0}","RT @CAR_GO_OFFICIAL: ï¼
ã€Nintendo Switchæœ‰æ©ŸELé™å®šãƒ¢ãƒ‡ãƒ«ã€
      ã‚¹ãƒ—ãƒ©ãƒˆã‚¥ãƒ¼ãƒ³3ã‚¨ãƒ‡ã‚£ã‚·ãƒ§ãƒ³ğŸ®
ï¼¼

æŠ½é¸ã«ã¦1åæ§˜ã«ãƒ—ãƒ¬ã‚¼ãƒ³ãƒˆğŸ

Amazonï½·ï¾ï¾Œï¾„åˆ¸35,000å††å¤‰æ›´å¯èƒ½ã§ã™ã€‚
   
ã€€â¬å¿œå‹Ÿæ–¹æ³•ã¯ã“ã¡ã‚‰â¬

ãƒ•ã‚©ãƒ­ãƒ¼ã¨â€¦",2022-10-08T18:43:20.000Z,1578818342206713856,Twitter for iPhone,['1578818342206713856'],ja,CARGOOFFICIAL Nintendo SwitchEL 31Amazon35000,"['cargoofficial', 'nintendo', 'switchel', '31amazon35000']"
1371788620009381892,"{'retweet_count': 2, 'reply_count': 0, 'like_count': 0, 'quote_count': 0}","RT @Pythonlearnin11: 2022-10-09 03:42:47 ã®ãŠã™ã™ã‚ã®ã‚¢ã‚¤ãƒ†ãƒ ã¯â†“ 
åœ¨å®…ãƒ†ãƒ¬ãƒ¯ãƒ¼ã‚¯ç”¨ã®ãƒ¢ãƒ‹ã‚¿ãƒ¼ã« ã‚²ãƒ¼ãƒŸãƒ³ã‚°ã«ã‚‚å‹•ç”»ç·¨é›†ã«ã‚‚ãƒ”ãƒƒã‚¿ãƒª Acer ã‚²ãƒ¼ãƒŸãƒ³ã‚°ãƒ‡ã‚£ã‚¹ãƒ—ãƒ¬ã‚¤ VG270Sbmiipfx 27å‹ IPS éå…‰æ²¢ 165Hz htâ€¦",2022-10-08T18:43:20.000Z,1578818341036138496,Twitter,['1578818341036138496'],ja,Pythonlearnin11 20221009 034247 Acer VG270Sbmiipfx 165Hz,"['pythonlearnin11', '20221009', '034247', 'acer', 'vg270sbmiipfx', '165hz']"
1435095020726484998,"{'retweet_count': 754, 'reply_count': 0, 'like_count': 0, 'quote_count': 0}","RT @Baaabu_6: ğŸ§¼ã‚ã‚ã‚ã‚ãƒ—ãƒ¬ã‚¼ãƒ³ãƒˆâ‘¬ğŸ
ï¼
   é¸ã¹ã‚‹ã‚®ãƒ•ãƒˆåˆ¸ã€500å††ã€‘
ï¼¼

â¬‡ï¸ä¸‹è¨˜ã‚®ãƒ•ãƒˆåˆ¸ã‹ã‚‰é¸ã¹ã¾ã™â™¡
(PayPay,Amazon,iTunes,Google)

ğŸ”»å¿œå‹Ÿæ–¹æ³•ğŸ”»
âå¼•ç”¨å…ƒã„ã„ã­â¤ï¸ï¼†RTâ™»ï¸
âã“ã®æŠ•ç¨¿RTâ™»ï¸ 
æœ‰æ–™æŠ½é¸ã£ãŸãƒ¼(å¼•ç”¨â€¦",2022-10-08T18:43:20.000Z,1578818340625125377,Twitter for iPhone,['1578818340625125377'],ja,Baaabu6 500PayPayAmazoniTunesGoogleRTRT,"['baaabu6', '500paypayamazonitunesgooglertrt']"
1257313819971383296,"{'retweet_count': 67427, 'reply_count': 0, 'like_count': 0, 'quote_count': 0}","RT @Genshin_7: ï¼
#åŸç¥ Ver.3.1ã‚¢ãƒ—ãƒ‡
è¨˜å¿µã‚­ãƒ£ãƒ³ãƒšãƒ¼ãƒ³ï¼ç¬¬3å¼¾
2æ—¥ç›®
ï¼¼

10æœˆ13æ—¥(æœ¨)23:59ã¾ã§æ¯æ—¥ãƒãƒ£ãƒ¬ãƒ³ã‚¸ï¼
åŸç¥ã‚°ãƒƒã‚ºã‚„Amazonã‚®ãƒ•ãƒˆ10000å††åˆ†ãŒ
ãã®å ´ã§å½“ãŸã‚‹ãƒãƒ£ãƒ³ã‚¹ï¼

â–¼å‚åŠ æ–¹æ³•
â‘ @Genshin_7ã‚’ãƒ•ã‚©ãƒ­ãƒ¼
â‘¡â€¦",2022-10-08T18:43:20.000Z,1578818340474089473,Twitter for iPhone,['1578818340474089473'],ja,Genshin7 Ver313210132359Amazon10000Genshin7,"['genshin7', 'ver313210132359amazon10000genshin7']"
3085392704,"{'retweet_count': 8813, 'reply_count': 0, 'like_count': 0, 'quote_count': 0}","RT @houkai3rd: ï¼
#å´©å£Š3rd Ver.6.0ã‚¢ãƒƒãƒ—ãƒ‡ãƒ¼ãƒˆ
è¨˜å¿µã‚­ãƒ£ãƒ³ãƒšãƒ¼ãƒ³ç¬¬4å¼¾
3æ—¥ç›®
ï¼¼

10æœˆ13æ—¥(æœ¨)23:59ã¾ã§å‚åŠ å¯èƒ½ï¼
å´©å£Š3rdã‚°ãƒƒã‚ºã‚„Amazonã‚®ãƒ•ãƒˆ5000å††åˆ†ãŒãã®å ´ã§å½“ãŸã‚‹ãƒãƒ£ãƒ³ã‚¹ï¼

â–¼å‚åŠ æ–¹æ³•
â‘  @houkai3rdã‚’ãƒ•ã‚©â€¦",2022-10-08T18:43:19.000Z,1578818339824336896,Twitter for iPhone,['1578818339824336896'],ja,houkai3rd Ver6043101323593rdAmazon5000 houkai3rd,"['houkai3rd', 'ver6043101323593rdamazon5000', 'houkai3rd']"
1485121115584229376,"{'retweet_count': 770, 'reply_count': 0, 'like_count': 0, 'quote_count': 0}","RT @Baaabu_6: ğŸ§¼ã‚ã‚ã‚ã‚ãƒ—ãƒ¬ã‚¼ãƒ³ãƒˆâ‘­ğŸ
ï¼
   é¸ã¹ã‚‹ã‚®ãƒ•ãƒˆåˆ¸ã€500å††ã€‘
ï¼¼

â¬‡ï¸ä¸‹è¨˜ã‚®ãƒ•ãƒˆåˆ¸ã‹ã‚‰é¸ã¹ã¾ã™â™¡
(PayPay,Amazon,iTunes,Google)

ğŸ”»å¿œå‹Ÿæ–¹æ³•ğŸ”»
âå¼•ç”¨å…ƒã„ã„ã­â¤ï¸ï¼†RTâ™»ï¸
âã“ã®æŠ•ç¨¿RTâ™»ï¸ 
æœ‰æ–™æŠ½é¸ã£ãŸãƒ¼(å¼•ç”¨â€¦",2022-10-08T18:43:19.000Z,1578818339417124865,Twitter for iPhone,['1578818339417124865'],ja,Baaabu6 500PayPayAmazoniTunesGoogleRTRT,"['baaabu6', '500paypayamazonitunesgooglertrt']"
821814413753581570,"{'retweet_count': 9, 'reply_count': 0, 'like_count': 0, 'quote_count': 0}","RT @AnnaCampbelloz: THE WORST LORD IN LONDON, Book 1 Scoundrels of London

""A beautiful story of love."" 4.5* Amazon

Amazon: https://t.co/Sâ€¦",2022-10-08T18:43:19.000Z,1578818339157471233,Twitter for iPad,['1578818339157471233'],en,AnnaCampbelloz WORST LORD LONDON Book Scoundrels LondonA beautiful story love AmazonAmazon httpstcoS,"['annacampbelloz', 'worst', 'lord', 'london', 'book', 'scoundrels', 'londona', 'beautiful', 'story', 'love', 'amazonamazon', 'httpstcos']"
1147988404677697536,"{'retweet_count': 0, 'reply_count': 0, 'like_count': 0, 'quote_count': 0}","Grab Fast: Led Lights for Diwali at Rs 43

https://t.co/p0DBZVeVXW",2022-10-08T18:43:19.000Z,1578818339098411009,Twitter Web App,['1578818339098411009'],en,Grab Fast Lights Diwali 43httpstcop0DBZVeVXW,"['grab', 'fast', 'lights', 'diwali', '43httpstcop0dbzvevxw']"
1569458921357864961,"{'retweet_count': 26, 'reply_count': 0, 'like_count': 0, 'quote_count': 0}",RT @dbrenee: Good morning. Itâ€™s a beautiful day! Letâ€™s continue to spread happiness and support our awesome teachers with sprinkles of loveâ€¦,2022-10-08T18:43:19.000Z,1578818338977124352,Twitter for iPhone,['1578818338977124352'],en,dbrenee Good morning beautiful Lets continue spread happiness support awesome teachers with sprinkles love,"['dbrenee', 'good', 'morning', 'beautiful', 'lets', 'continue', 'spread', 'happiness', 'support', 'awesome', 'teachers', 'with', 'sprinkles', 'love']"
1297561821893672960,"{'retweet_count': 1122, 'reply_count': 0, 'like_count': 0, 'quote_count': 0}","RT @Baaabu_6: ğŸ§¼ã‚ã‚ã‚ã‚ãƒ—ãƒ¬ã‚¼ãƒ³ãƒˆâ‘¡ğŸ
ï¼
   é¸ã¹ã‚‹ã‚®ãƒ•ãƒˆåˆ¸ã€1,000å††ã€‘
ï¼¼

â¬‡ï¸ä¸‹è¨˜ã‚®ãƒ•ãƒˆåˆ¸ã‹ã‚‰é¸ã¹ã¾ã™â™¡
(PayPay,Amazon,iTunes,Google)

ğŸ”»å¿œå‹Ÿæ–¹æ³•ğŸ”»
âå¼•ç”¨å…ƒã„ã„ã­â¤ï¸ï¼†RTâ™»ï¸ 
âã“ã®æŠ•ç¨¿RTâ™»ï¸ 
æœ‰æ–™æŠ½é¸ã£ãŸãƒ¼â€¦",2022-10-08T18:43:19.000Z,1578818338536689665,Twitter for iPhone,['1578818338536689665'],ja,Baaabu6 1000PayPayAmazoniTunesGoogleRT,"['baaabu6', '1000paypayamazonitunesgooglert']"
499672969,"{'retweet_count': 0, 'reply_count': 0, 'like_count': 0, 'quote_count': 0}","(US)MSI Gaming 3090 Ti SUPRIM X  - $1699.99
Link: https://t.co/yV5taWd338
ATC: https://t.co/GyZTbYq5Ym
As an Amazon Associate I earn from qualifying purchases
1665240169",2022-10-08T18:43:18.000Z,1578818335826882561,Twitter,['1578818335826882561'],en,USMSI Gaming 3090 SUPRIM 169999Link httpstcoyV5taWd338ATC httpstcoGyZTbYq5YmAs Amazon Associate earn from qualifying purchases1665240169,"['usmsi', 'gaming', '3090', 'suprim', '169999link', 'httpstcoyv5tawd338atc', 'httpstcogyztbyq5ymas', 'amazon', 'associate', 'earn', 'from', 'qualifying', 'purchases1665240169']"
81047046,"{'retweet_count': 0, 'reply_count': 0, 'like_count': 0, 'quote_count': 0}","Jack &amp; Jones Men Casual Wear Blue Sweatshirt at â‚¹ 659

https://t.co/M3GgVqEiTY",2022-10-08T18:43:18.000Z,1578818335432581121,tgdealsofficial,['1578818335432581121'],en,Jack Jones Casual Wear Blue Sweatshirt 659httpstcoM3GgVqEiTY,"['jack', 'jones', 'casual', 'wear', 'blue', 'sweatshirt', '659httpstcom3ggvqeity']"
1079784684177911808,"{'retweet_count': 67427, 'reply_count': 0, 'like_count': 0, 'quote_count': 0}","RT @Genshin_7: ï¼
#åŸç¥ Ver.3.1ã‚¢ãƒ—ãƒ‡
è¨˜å¿µã‚­ãƒ£ãƒ³ãƒšãƒ¼ãƒ³ï¼ç¬¬3å¼¾
2æ—¥ç›®
ï¼¼

10æœˆ13æ—¥(æœ¨)23:59ã¾ã§æ¯æ—¥ãƒãƒ£ãƒ¬ãƒ³ã‚¸ï¼
åŸç¥ã‚°ãƒƒã‚ºã‚„Amazonã‚®ãƒ•ãƒˆ10000å††åˆ†ãŒ
ãã®å ´ã§å½“ãŸã‚‹ãƒãƒ£ãƒ³ã‚¹ï¼

â–¼å‚åŠ æ–¹æ³•
â‘ @Genshin_7ã‚’ãƒ•ã‚©ãƒ­ãƒ¼
â‘¡â€¦",2022-10-08T18:43:18.000Z,1578818334853693441,Twitter Web App,['1578818334853693441'],ja,Genshin7 Ver313210132359Amazon10000Genshin7,"['genshin7', 'ver313210132359amazon10000genshin7']"
976467042218926080,"{'retweet_count': 0, 'reply_count': 0, 'like_count': 0, 'quote_count': 0}","https://t.co/m0a5q9LIgC 

MRP error 

Reg Price 1.1k+",2022-10-08T18:43:18.000Z,1578818334644371458,IFTTT,['1578818334644371458'],ht,httpstcom0a5q9LIgC error Price,"['httpstcom0a5q9ligc', 'error', 'price']"
1578767618776780800,"{'retweet_count': 0, 'reply_count': 0, 'like_count': 0, 'quote_count': 0}","@amazon 
Hi,Thz is regarding My escalation ticket no 730900331. I am One of your fully dissatisfiedÂ customer. Sry to say thz, Amazon is not looking for customer satisfaction only for commercial, bcz your dlvry agent behaviour was very rude, he was full attitude
Suman 9494604345",2022-10-08T18:43:18.000Z,1578818334220783616,Twitter for Android,['1578818334220783616'],en,amazon HiThz regarding escalation ticket 730900331 your fully dissatisfiedcustomer Amazon looking customer satisfaction only commercial your dlvry agent behaviour very rude full attitudeSuman 9494604345,"['amazon', 'hithz', 'regarding', 'escalation', 'ticket', '730900331', 'your', 'fully', 'dissatisfiedcustomer', 'amazon', 'looking', 'customer', 'satisfaction', 'only', 'commercial', 'your', 'dlvry', 'agent', 'behaviour', 'very', 'rude', 'full', 'attitudesuman', '9494604345']"
1454674365958660096,"{'retweet_count': 67427, 'reply_count': 0, 'like_count': 0, 'quote_count': 0}","RT @Genshin_7: ï¼
#åŸç¥ Ver.3.1ã‚¢ãƒ—ãƒ‡
è¨˜å¿µã‚­ãƒ£ãƒ³ãƒšãƒ¼ãƒ³ï¼ç¬¬3å¼¾
2æ—¥ç›®
ï¼¼

10æœˆ13æ—¥(æœ¨)23:59ã¾ã§æ¯æ—¥ãƒãƒ£ãƒ¬ãƒ³ã‚¸ï¼
åŸç¥ã‚°ãƒƒã‚ºã‚„Amazonã‚®ãƒ•ãƒˆ10000å††åˆ†ãŒ
ãã®å ´ã§å½“ãŸã‚‹ãƒãƒ£ãƒ³ã‚¹ï¼

â–¼å‚åŠ æ–¹æ³•
â‘ @Genshin_7ã‚’ãƒ•ã‚©ãƒ­ãƒ¼
â‘¡â€¦",2022-10-08T18:43:18.000Z,1578818334203981824,Twitter for iPhone,['1578818334203981824'],ja,Genshin7 Ver313210132359Amazon10000Genshin7,"['genshin7', 'ver313210132359amazon10000genshin7']"
1292053654602518531,"{'retweet_count': 632, 'reply_count': 0, 'like_count': 0, 'quote_count': 0}","RT @x45chanx: ğŸ’™æœ¬æ—¥7å›ç›®presentğŸ’™

   ğŸé¸ã¹ã‚‹ã‚®ãƒ•ãƒˆ1000ğŸ
ã€PayPay Amazon iTunesã€‘

ï¼»å¿œå‹Ÿæ¡ä»¶ï¼½
ğŸ’™ç§ã¨@akkun9512 ã®ãƒ•ã‚©ãƒ­ãƒ¼
ğŸ’™ãƒªãƒ„ã‚¤ãƒ¼ãƒˆ
ğŸ†™å¼•ç”¨RTã‚‚æŠ½é¸å¯¾è±¡

ğŸ’™10/9 23:59ã€†

ğŸ’Œã‚³ãƒ©ãƒœä¾é ¼ãŠæ°—è»½â€¦",2022-10-08T18:43:18.000Z,1578818332459167744,Twitter for Android,['1578818332459167744'],ja,x45chanx 7present 1000PayPay Amazon iTunesakkun9512 RT109 2359,"['x45chanx', '7present', '1000paypay', 'amazon', 'itunesakkun9512', 'rt109', '2359']"
1361769225547698178,"{'retweet_count': 0, 'reply_count': 0, 'like_count': 0, 'quote_count': 0}","TeddyShop æ°´ç€ ãƒ¬ãƒ‡ã‚£ãƒ¼ã‚¹ ä½“å‹ã‚«ãƒãƒ¼ ã‚¿ãƒ³ã‚­ãƒ‹ 4ç‚¹ã‚»ãƒƒãƒˆ å¤§äºº ãƒãƒ æ°´ç€ãƒ“ã‚­ãƒ‹ ã‚¿ãƒ³ã‚¯ãƒˆãƒƒãƒ— ã‚·ãƒ§ãƒ¼ãƒˆãƒ‘ãƒ³ãƒ„ Tã‚·ãƒ£ãƒ„ ãƒ©ãƒƒã‚·ãƒ¥ã‚¬ãƒ¼ãƒ‰ ãƒãƒƒã‚¯ã‚·ãƒ£ãƒ³ hys1618 é»’ (Eï¼šãƒ–ãƒ©ãƒƒã‚¯ S(7å·)) 073

ãƒ•ã‚¡ãƒƒã‚·ãƒ§ãƒ³ äººæ°—å•†å“ã§ã™ï¼
https://t.co/pXtfA5PbiI",2022-10-08T18:43:18.000Z,1578818331943276546,ã‚„ã™ã‚‰ããƒ‘ãƒ³ãƒ€,['1578818331943276546'],ja,TeddyShop hys1618 httpstcopXtfA5PbiI,"['teddyshop', 'hys1618', 'httpstcopxtfa5pbii']"
1436646286560747521,"{'retweet_count': 0, 'reply_count': 0, 'like_count': 0, 'quote_count': 0}","ğŸš€ğŸš€ğŸš€Amazonè©±é¡Œå•†å“ğŸš€ğŸš€ğŸš€

ğŸ‰è©±é¡Œã®äººæ°—å•†å“æ²è¼‰ã§ã™ğŸ‰

æ¢ã—ã¦ã„ãŸã‚‚ã®ã¯ã‚ã‚Šã¾ã—ãŸã‹â“

Amazon
https://t.co/m7o437k9bL

å¸Œå°‘å•†å“ã‚‚ã‚ã‚‹ã®ã§å£²ã‚Šåˆ‡ã‚Œã‚‹å‰ã«ã„ã£ãã’ï½ğŸ˜ğŸ˜ğŸ˜
 #Amazonãƒ—ãƒ©ã‚¤ãƒ ãƒ‡ãƒ¼ #Amazonãƒ—ãƒ©ã‚¤ãƒ ã‚»ãƒ¼ãƒ«",2022-10-08T18:43:17.000Z,1578818331481497600,Lperson1204,['1578818331481497600'],ja,AmazonAmazonhttpstcom7o437k9bL Amazon Amazon,"['amazonamazonhttpstcom7o437k9bl', 'amazon', 'amazon']"
1526666855704068096,"{'retweet_count': 0, 'reply_count': 0, 'like_count': 0, 'quote_count': 0}","âš¡10æœˆ9æ—¥  æ–°ç€ãƒ©ãƒ³ã‚­ãƒ³ã‚°âš¡

ãƒ€ãƒ³ã‚¸ãƒ§ãƒ³ã«å‡ºä¼šã„ã‚’æ±‚ã‚ã‚‹ã®ã¯é–“é•ã£ã¦ã„ã‚‹ã ã‚ã†ã‹å¤–ä¼ã€€ã‚½ãƒ¼ãƒ‰ãƒ»ã‚ªãƒ©ãƒˆãƒªã‚¢13 (GAæ–‡åº«)ï¼ˆæ–‡åº«)
å¤§æ£®è—¤ãƒï¼ˆè‘—ï¼‰

ï¼¼Amazonç”·æ€§å‘ã‘ãƒ©ãƒãƒ™  ãƒ©ãƒ³ã‚­ãƒ³ã‚°ç¬¬25ä½ï¼ï¼ [10æœˆ09æ—¥00æ™‚ç‚¹]
https://t.co/I2kX3nVHvX",2022-10-08T18:43:17.000Z,1578818331443765248,LNovelNewsMale,['1578818331443765248'],ja,GAAmazon 100900httpstcoI2kX3nVHvX,"['gaamazon', '100900httpstcoi2kx3nvhvx']"
1329081509848915980,"{'retweet_count': 0, 'reply_count': 0, 'like_count': 0, 'quote_count': 0}","æ˜æ²» ã‚¶ãƒã‚¹(SAVAS) ã‚¢ã‚¹ãƒªãƒ¼ãƒˆ ã‚¦ã‚§ã‚¤ãƒˆãƒ€ã‚¦ãƒ³(ã‚½ã‚¤ãƒ—ãƒ­ãƒ†ã‚¤ãƒ³+ã‚¬ãƒ«ã‚·ãƒ‹ã‚¢)ãƒãƒ§ã‚³ãƒ¬ãƒ¼ãƒˆé¢¨å‘³ ã€16é£Ÿåˆ†ã€‘ 336g

Amazon æ—¥ç”¨å“ ã‚’ã€ãƒã‚§ãƒƒã‚¯ã§ãã¾ã™âœ…
https://t.co/lXgaCJpO5i",2022-10-08T18:43:17.000Z,1578818330613334016,ã‚„ã™ã‚‰ããƒ‘ãƒ³ãƒ€,['1578818330613334016'],ja,SAVAS 336gAmazon httpstcolXgaCJpO5i,"['savas', '336gamazon', 'httpstcolxgacjpo5i']"
1571952279917322246,"{'retweet_count': 0, 'reply_count': 0, 'like_count': 0, 'quote_count': 0}","hello everyones
https://t.co/hWxodC1HzM",2022-10-08T18:43:17.000Z,1578818330282328064,Twitter Web App,['1578818330282328064'],en,hello everyoneshttpstcohWxodC1HzM,"['hello', 'everyoneshttpstcohwxodc1hzm']"
3012465807,"{'retweet_count': 0, 'reply_count': 0, 'like_count': 0, 'quote_count': 0}","10æœˆ9æ—¥ Amazonæ—¥æœ¬é…’ ã® å£²ã‚Œç­‹ãƒ©ãƒ³ã‚­ãƒ³ã‚°ç¬¬4ä½ | æ—¥æœ¬é…’æœ€é«˜ãƒ©ãƒ³ã‚¯ã®å¤§åŸé†¸720ml 5æœ¬ã‚»ãƒƒãƒˆ 4åˆç“¶ é…’ æ—¥æœ¬é…’ å¤§åŸé†¸ é£²ã¿æ¯”ã¹ å†·é…’ å¤§åŸé†¸é…’ å¾¡ç¥ ã‚®ãƒ•ãƒˆ ãƒ—ãƒ¬ã‚¼ãƒ³ãƒˆ / ï¿¥5,500 [3:43Â æœ€æ–°] https://t.co/4ZPdONugrJ",2022-10-08T18:43:17.000Z,1578818330076454912,WordPress.com,['1578818330076454912'],ja,Amazon 720ml 5500 httpstco4ZPdONugrJ,"['amazon', '720ml', '5500', 'httpstco4zpdonugrj']"
945793154619527170,"{'retweet_count': 68, 'reply_count': 0, 'like_count': 0, 'quote_count': 0}","RT @aconbwakame: #æœ€è¿‘é›‡ã£ãŸãƒ¡ã‚¤ãƒ‰ãŒæ€ªã—ã„ ã‚¢ãƒ‹ãƒ¡è‰¯ã‹ã£ãŸâ€¥ğŸ˜­
çš†æ§˜æœ¬å½“ã«ã‚ã‚ŠãŒã¨ã†ã”ã–ã„ã¾ã—ãŸâ€¦ï¼ï¼ğŸ™

åŸä½œå˜è¡Œæœ¬1å·»ï½6å·»ç™ºå£²ä¸­ã§ã™ğŸ™
å¼•ãç¶šããƒªãƒªã‚¹é”ã‚’ã‚ˆã‚ã—ããŠé¡˜ã„ã—ã¾ã™ğŸŒ
 https://t.co/ey1DIn0Wv0 https://t.co/â€¦",2022-10-08T18:43:17.000Z,1578818329820954624,Twitter Web App,['1578818329820954624'],ja,aconbwakame httpstcoey1DIn0Wv0 httpstco,"['aconbwakame', 'httpstcoey1din0wv0', 'httpstco']"
721276180914053120,"{'retweet_count': 67427, 'reply_count': 0, 'like_count': 0, 'quote_count': 0}","RT @Genshin_7: ï¼
#åŸç¥ Ver.3.1ã‚¢ãƒ—ãƒ‡
è¨˜å¿µã‚­ãƒ£ãƒ³ãƒšãƒ¼ãƒ³ï¼ç¬¬3å¼¾
2æ—¥ç›®
ï¼¼

10æœˆ13æ—¥(æœ¨)23:59ã¾ã§æ¯æ—¥ãƒãƒ£ãƒ¬ãƒ³ã‚¸ï¼
åŸç¥ã‚°ãƒƒã‚ºã‚„Amazonã‚®ãƒ•ãƒˆ10000å††åˆ†ãŒ
ãã®å ´ã§å½“ãŸã‚‹ãƒãƒ£ãƒ³ã‚¹ï¼

â–¼å‚åŠ æ–¹æ³•
â‘ @Genshin_7ã‚’ãƒ•ã‚©ãƒ­ãƒ¼
â‘¡â€¦",2022-10-08T18:43:17.000Z,1578818329342791680,Twitter for Android,['1578818329342791680'],ja,Genshin7 Ver313210132359Amazon10000Genshin7,"['genshin7', 'ver313210132359amazon10000genshin7']"
1355461038389428227,"{'retweet_count': 3310, 'reply_count': 0, 'like_count': 0, 'quote_count': 0}","RT @PirikaChro: ï¼
ãƒã‚§ãƒ³ã‚¯ãƒ­2600ä¸‡DLè¨˜å¿µã‚­ãƒ£ãƒ³ãƒšãƒ¼ãƒ³ğŸ‰
ï¼¼

æ„Ÿè¬ã®æ°—æŒã¡ã‚’ã“ã‚ã¦ã€Amazon ã‚®ãƒ•ãƒˆåˆ¸ã®ã‚³ãƒ¼ãƒ‰1000å††åˆ†ã€‘ï¼†ã€ã‚¬ãƒãƒ£ã‚³ã‚¤ãƒ³1000æšã€‘ã‚’ã‚»ãƒƒãƒˆã§26åæ§˜ã«ãƒ—ãƒ¬ã‚¼ãƒ³ãƒˆğŸ

ãƒ•ã‚©ãƒ­ãƒ¼ï¼†RTã§å¿œå‹Ÿã—ã‚ˆã†â˜º

æµ´è¡£å‡ºç¾ç‡99ï¼…ã®ç„¡æ–™ãƒ•ã‚§ã‚¹é–‹â€¦",2022-10-08T18:43:17.000Z,1578818328704864256,Twitter Web App,['1578818328704864256'],ja,PirikaChro 2600DLAmazon 1000100026RT99,"['pirikachro', '2600dlamazon', '1000100026rt99']"
1395179189074939910,"{'retweet_count': 2, 'reply_count': 0, 'like_count': 0, 'quote_count': 0}",RT @ghostmotorfingr: maybe you could do some more amazon propaganda to help earn the money back,2022-10-08T18:43:17.000Z,1578818328516120578,Twitter for iPhone,['1578818328516120578'],en,ghostmotorfingr maybe could some more amazon propaganda help earn money back,"['ghostmotorfingr', 'maybe', 'could', 'some', 'more', 'amazon', 'propaganda', 'help', 'earn', 'money', 'back']"
2205399246,"{'retweet_count': 2, 'reply_count': 0, 'like_count': 0, 'quote_count': 0}","RT @UviPoznansky: Via ""@sandrayearman
A Single Lion Roars  / Undersea world of horrorsâ€¦ By Sandra Yearman
https://t.co/SENdfOXs9j â€¦  #serieâ€¦",2022-10-08T18:43:16.000Z,1578818327405023232,Twitter Web App,['1578818327405023232'],en,UviPoznansky sandrayearmanA Single Lion Roars Undersea world horrors Sandra YearmanhttpstcoSENdfOXs9j serie,"['uvipoznansky', 'sandrayearmana', 'single', 'lion', 'roars', 'undersea', 'world', 'horrors', 'sandra', 'yearmanhttpstcosendfoxs9j', 'serie']"
885885834397798401,"{'retweet_count': 0, 'reply_count': 0, 'like_count': 0, 'quote_count': 0}","Apple AirPods Proï¼ˆç¬¬2ä¸–ä»£ï¼‰ â€‹â€‹â€‹â€‹â€‹â€‹â€‹ãŒAmazonã§å†å…¥è·ã—ã¾ã—ãŸï¼
[03:43:16]
https://t.co/r1TlPnWAec",2022-10-08T18:43:16.000Z,1578818326481973248,aaaaaaaaap,['1578818326481973248'],ja,Apple AirPods Pro2 Amazon034316httpstcor1TlPnWAec,"['apple', 'airpods', 'pro2', 'amazon034316httpstcor1tlpnwaec']"
1504693026391670784,"{'retweet_count': 0, 'reply_count': 0, 'like_count': 0, 'quote_count': 0}","ğŸ‘‰  Amazon And Flipkart Loot Deals Upto 90 % Off  ğŸ‡®ğŸ‡³

â¡ï¸ Telegram : https://t.co/ZSmo9dL3oy   ğŸ’

Join Telegram ğŸ‘† And Save Money 

#GODFATHER   #PS1 #BB16â€¯â€¯â€¯â€¯â€¯â€¯ #biggboss16â€¯â€¯â€¯â€¯â€¯â€¯ #Prabhas #Varisu #ViratKohli #AsiaCup2022 . #Adipurush3DTeaser #HinduVirodhiKejriwal
40 https://t.co/kCnapaho1Q",2022-10-08T18:43:16.000Z,1578818326469709824,Twitter for Android,['1578818326469709824'],en,Amazon Flipkart Loot Deals Upto Telegram httpstcoZSmo9dL3oy Join Telegram Save Money GODFATHER BB16 biggboss16 Prabhas Varisu ViratKohli AsiaCup2022 Adipurush3DTeaser HinduVirodhiKejriwal40 httpstcokCnapaho1Q,"['amazon', 'flipkart', 'loot', 'deals', 'upto', 'telegram', 'httpstcozsmo9dl3oy', 'join', 'telegram', 'save', 'money', 'godfather', 'bb16', 'biggboss16', 'prabhas', 'varisu', 'viratkohli', 'asiacup2022', 'adipurush3dteaser', 'hinduvirodhikejriwal40', 'httpstcokcnapaho1q']"
1440546365864480769,"{'retweet_count': 0, 'reply_count': 0, 'like_count': 0, 'quote_count': 0}","ã€äººæ°—å•†å“ã€‘

â˜…AERA10/10-17å·
https://t.co/RfgwXr5DX3

#Amazon #ã‚¿ã‚¤ãƒ ã‚»ãƒ¼ãƒ«",2022-10-08T18:43:16.000Z,1578818326247387136,Twitter,['1578818326247387136'],ja,AERA101017httpstcoRfgwXr5DX3Amazon,['aera101017httpstcorfgwxr5dx3amazon']
1329072466879148036,"{'retweet_count': 0, 'reply_count': 0, 'like_count': 0, 'quote_count': 0}","Amazonå£²ã‚Œç­‹ãƒ©ãƒ³ã‚­ãƒ³ã‚°

â˜…AERA10/10-17å·
https://t.co/0n5JxVYj0V",2022-10-08T18:43:16.000Z,1578818326217646081,Twitter,['1578818326217646081'],ja,AmazonAERA101017httpstco0n5JxVYj0V,['amazonaera101017httpstco0n5jxvyj0v']
1570409300358733825,"{'retweet_count': 0, 'reply_count': 0, 'like_count': 0, 'quote_count': 0}","éŠæˆ¯ç‹OCG ãƒ‡ãƒ¥ã‚¨ãƒ«ãƒ¢ãƒ³ã‚¹ã‚¿ãƒ¼ã‚º DAWN OF MAJESTY BOX CG1725ãŒAmazonã§å†å…¥è·ã—ã¾ã—ãŸï¼
[03:43:16]
https://t.co/CdLOH0ldfe",2022-10-08T18:43:16.000Z,1578818325404000257,aaaaaaaaap,['1578818325404000257'],ja,DAWN MAJESTY CG1725Amazon034316httpstcoCdLOH0ldfe,"['dawn', 'majesty', 'cg1725amazon034316httpstcocdloh0ldfe']"
2154393319,"{'retweet_count': 67427, 'reply_count': 0, 'like_count': 0, 'quote_count': 0}","RT @Genshin_7: ï¼
#åŸç¥ Ver.3.1ã‚¢ãƒ—ãƒ‡
è¨˜å¿µã‚­ãƒ£ãƒ³ãƒšãƒ¼ãƒ³ï¼ç¬¬3å¼¾
2æ—¥ç›®
ï¼¼

10æœˆ13æ—¥(æœ¨)23:59ã¾ã§æ¯æ—¥ãƒãƒ£ãƒ¬ãƒ³ã‚¸ï¼
åŸç¥ã‚°ãƒƒã‚ºã‚„Amazonã‚®ãƒ•ãƒˆ10000å††åˆ†ãŒ
ãã®å ´ã§å½“ãŸã‚‹ãƒãƒ£ãƒ³ã‚¹ï¼

â–¼å‚åŠ æ–¹æ³•
â‘ @Genshin_7ã‚’ãƒ•ã‚©ãƒ­ãƒ¼
â‘¡â€¦",2022-10-08T18:43:16.000Z,1578818324989116416,Twitter for iPhone,['1578818324989116416'],ja,Genshin7 Ver313210132359Amazon10000Genshin7,"['genshin7', 'ver313210132359amazon10000genshin7']"
1476370623299563521,"{'retweet_count': 0, 'reply_count': 0, 'like_count': 0, 'quote_count': 0}","ãƒ”ã‚¸ãƒ§ãƒ³ Pigeon ãƒ™ãƒ“ãƒ¼ã‚¯ãƒªã‚¢ã‚ªã‚¤ãƒ« 80ml
  
èµ¤ã¡ã‚ƒã‚“ã®ãŠè‚Œã¸ã®ã‚„ã•ã—ã•ã‚’ã„ã¡ã°ã‚“ã«è€ƒãˆãŸã‚¹ã‚­ãƒ³ã‚±ã‚¢ åŸææ–™: ãƒ‘ãƒ«ãƒŸãƒãƒ³é…¸ã‚¨ãƒãƒ«ãƒ˜ã‚­ã‚·ãƒ«ã€ã‚¤ã‚½ã‚¹ãƒ†ã‚¢ãƒªãƒ«ã‚¢ãƒ«ã‚³ãƒ¼ãƒ«ã€ãƒ’ãƒãƒ¯ãƒªç¨®å­æ²¹ã€ã‚°ãƒªãƒãƒ«ãƒ¬ãƒãƒ³é…¸ã‚¹ãƒ†ã‚¢ãƒªãƒ«ã€ã‚»ãƒ©ãƒŸãƒ‰NPã€ã‚¤ã‚½ã‚¹ãƒ†ã‚¢ãƒªãƒ³é…¸ãƒ•ã‚£â€¦

ã€10/09 03:43ã€‘
https://t.co/vOC2Oynf1z",2022-10-08T18:43:16.000Z,1578818324926189569,   Twitter for iPad        ,['1578818324926189569'],ja,Pigeon 80ml NP1009 0343httpstcovOC2Oynf1z,"['pigeon', '80ml', 'np1009', '0343httpstcovoc2oynf1z']"
1570409300358733825,"{'retweet_count': 0, 'reply_count': 0, 'like_count': 0, 'quote_count': 0}","ã‚³ãƒŠãƒŸãƒ‡ã‚¸ã‚¿ãƒ«ã‚¨ãƒ³ã‚¿ãƒ†ã‚¤ãƒ³ãƒ¡ãƒ³ãƒˆ éŠæˆ¯ç‹OCGãƒ‡ãƒ¥ã‚¨ãƒ«ãƒ¢ãƒ³ã‚¹ã‚¿ãƒ¼ã‚º ãƒ‡ãƒƒã‚­ãƒ“ãƒ«ãƒ‰ãƒ‘ãƒƒã‚¯ ã‚¸ã‚§ãƒã‚·ã‚¹ãƒ»ã‚¤ãƒ³ãƒ‘ã‚¯ã‚¿ãƒ¼ã‚º BOX CG1692ãŒAmazonã§å†å…¥è·ã—ã¾ã—ãŸï¼
[03:43:16]
https://t.co/yXB6dHLWWC",2022-10-08T18:43:16.000Z,1578818324326416385,aaaaaaaaap,['1578818324326416385'],ja,CG1692Amazon034316httpstcoyXB6dHLWWC,['cg1692amazon034316httpstcoyxb6dhlwwc']
1477370285510828040,"{'retweet_count': 0, 'reply_count': 0, 'like_count': 0, 'quote_count': 0}",@raychelalexx Vet Tech Appreciation Day Tie Dye Veterinarian Veterinary T-Shirt https://t.co/GqCgx5fqWL,2022-10-08T18:43:16.000Z,1578818324208967680,Twitter for Android,['1578818324208967680'],en,raychelalexx Tech Appreciation Veterinarian Veterinary TShirt httpstcoGqCgx5fqWL,"['raychelalexx', 'tech', 'appreciation', 'veterinarian', 'veterinary', 'tshirt', 'httpstcogqcgx5fqwl']"
1454674365958660096,"{'retweet_count': 8813, 'reply_count': 0, 'like_count': 0, 'quote_count': 0}","RT @houkai3rd: ï¼
#å´©å£Š3rd Ver.6.0ã‚¢ãƒƒãƒ—ãƒ‡ãƒ¼ãƒˆ
è¨˜å¿µã‚­ãƒ£ãƒ³ãƒšãƒ¼ãƒ³ç¬¬4å¼¾
3æ—¥ç›®
ï¼¼

10æœˆ13æ—¥(æœ¨)23:59ã¾ã§å‚åŠ å¯èƒ½ï¼
å´©å£Š3rdã‚°ãƒƒã‚ºã‚„Amazonã‚®ãƒ•ãƒˆ5000å††åˆ†ãŒãã®å ´ã§å½“ãŸã‚‹ãƒãƒ£ãƒ³ã‚¹ï¼

â–¼å‚åŠ æ–¹æ³•
â‘  @houkai3rdã‚’ãƒ•ã‚©â€¦",2022-10-08T18:43:16.000Z,1578818324133482497,Twitter for iPhone,['1578818324133482497'],ja,houkai3rd Ver6043101323593rdAmazon5000 houkai3rd,"['houkai3rd', 'ver6043101323593rdamazon5000', 'houkai3rd']"
1226519141202432002,"{'retweet_count': 3, 'reply_count': 0, 'like_count': 0, 'quote_count': 0}","RT @mestredaspromos: ğŸª„ Oferta Amazon

ğŸ“™ A MÃ£o e o Tamboril (Capa dura)
ğŸ’¸ R$11,00*
â €â €â €â €â €â €â €â¥ https://t.co/qC19qxE261

ğŸ“™ Uma loucura discretaâ€¦",2022-10-08T18:43:15.000Z,1578818323193610240,Twitter for iPhone,['1578818323193610240'],pt,mestredaspromos Oferta Amazon Tamboril Capa dura R1100 httpstcoqC19qxE261 loucura discreta,"['mestredaspromos', 'oferta', 'amazon', 'tamboril', 'capa', 'dura', 'r1100', 'httpstcoqc19qxe261', 'loucura', 'discreta']"
1344495679,"{'retweet_count': 0, 'reply_count': 0, 'like_count': 0, 'quote_count': 0}",@Vicente73977721 MÃ¡s bien como los yankys le venden franelas a los pendemos por Amazon ğŸ¤£ğŸ¤£ğŸ¤£ğŸ¤£ğŸ¤£,2022-10-08T18:43:15.000Z,1578818323038769152,Twitter for iPhone,['1578818323038769152'],es,Vicente73977721 bien como yankys venden franelas pendemos Amazon,"['vicente73977721', 'bien', 'como', 'yankys', 'venden', 'franelas', 'pendemos', 'amazon']"
1326138729098956800,"{'retweet_count': 0, 'reply_count': 0, 'like_count': 0, 'quote_count': 0}","Amazon ãƒ–ãƒ©ã‚¦ãƒ³ ã‚ªãƒ¼ãƒ©ãƒ«B é›»å‹•æ­¯ãƒ–ãƒ©ã‚· PRO2000 ãƒ›ãƒ¯ã‚¤ãƒˆ D5015132WHã€https://t.co/jQigSZ8BF4 é™å®šã€‘

ãŠè²·ã„å¾—ğŸ‘‰
https://t.co/gbf8eyJnWR",2022-10-08T18:43:15.000Z,1578818322908708868,æ¥½ã—ãæ˜ã‚‹ã,['1578818322908708868'],ja,Amazon PRO2000 D5015132WHhttpstcojQigSZ8BF4 httpstcogbf8eyJnWR,"['amazon', 'pro2000', 'd5015132whhttpstcojqigsz8bf4', 'httpstcogbf8eyjnwr']"
1398951795892776960,"{'retweet_count': 739, 'reply_count': 0, 'like_count': 0, 'quote_count': 0}","RT @Baaabu_6: ğŸ§¼ã‚ã‚ã‚ã‚ãƒ—ãƒ¬ã‚¼ãƒ³ãƒˆâ‘©ğŸ
ï¼
   é¸ã¹ã‚‹ã‚®ãƒ•ãƒˆåˆ¸ã€500å††ã€‘
ï¼¼

â¬‡ï¸ä¸‹è¨˜ã‚®ãƒ•ãƒˆåˆ¸ã‹ã‚‰é¸ã¹ã¾ã™â™¡
(PayPay,Amazon,iTunes,Google)

ğŸ”»å¿œå‹Ÿæ–¹æ³•ğŸ”»
âå¼•ç”¨å…ƒã„ã„ã­â¤ï¸ï¼†RTâ™»ï¸
âã“ã®æŠ•ç¨¿RTâ™»ï¸ 
æœ‰æ–™æŠ½é¸ã£ãŸãƒ¼(å¼•ç”¨â€¦",2022-10-08T18:43:15.000Z,1578818322673508352,Twitter for iPhone,['1578818322673508352'],ja,Baaabu6 500PayPayAmazoniTunesGoogleRTRT,"['baaabu6', '500paypayamazonitunesgooglertrt']"
1084866199,"{'retweet_count': 1, 'reply_count': 0, 'like_count': 0, 'quote_count': 0}",RT @romancerider: Does Scott really want to forget the past and move on? Or can he convince Kate to step out of the cold Kentucky rain andâ€¦,2022-10-08T18:43:15.000Z,1578818322392489984,Twitter Web App,['1578818322392489984'],en,romancerider Does Scott really want forget past move convince Kate step cold Kentucky rain,"['romancerider', 'does', 'scott', 'really', 'want', 'forget', 'past', 'move', 'convince', 'kate', 'step', 'cold', 'kentucky', 'rain']"
1325464481397313536,"{'retweet_count': 0, 'reply_count': 0, 'like_count': 0, 'quote_count': 0}","Amazon Bauhutte(ãƒã‚¦ãƒ’ãƒ¥ãƒƒãƒ†) PCãƒ‡ã‚¹ã‚¯ æ˜‡é™å¼ (å¹…120cmÃ—å¥¥è¡Œ55cm) ãƒ–ãƒ©ãƒƒã‚¯ BHD-1200M
ã‚»ãƒ¼ãƒ«ã‚¹å•†å“ã‚’ã”ç´¹ä»‹ğŸš©
https://t.co/mJy6XBX1JH",2022-10-08T18:43:15.000Z,1578818321566543872,æ¥½ã—ãæ˜ã‚‹ã,['1578818321566543872'],ja,Amazon Bauhutte 120cm55cm BHD1200MhttpstcomJy6XBX1JH,"['amazon', 'bauhutte', '120cm55cm', 'bhd1200mhttpstcomjy6xbx1jh']"
613252672,"{'retweet_count': 295, 'reply_count': 0, 'like_count': 0, 'quote_count': 0}",RT @dougboneparth: Steve Jobs was 20 when he founded Apple. Jeff Bezos was 30 when he started Amazon. Mark Zuckerberg was only 19 when he dâ€¦,2022-10-08T18:43:15.000Z,1578818321389998080,Twitter Web App,['1578818321389998080'],en,dougboneparth Steve Jobs when founded Apple Jeff Bezos when started Amazon Mark Zuckerberg only when,"['dougboneparth', 'steve', 'jobs', 'when', 'founded', 'apple', 'jeff', 'bezos', 'when', 'started', 'amazon', 'mark', 'zuckerberg', 'only', 'when']"
1483569163813539840,"{'retweet_count': 0, 'reply_count': 0, 'like_count': 0, 'quote_count': 0}","HGUC 1/144 AMS-129M ã‚¼ãƒ¼ãƒ»ã‚ºãƒ¼ãƒ« (æ©Ÿå‹•æˆ¦å£«ã‚¬ãƒ³ãƒ€ãƒ UC)

https://t.co/Scgd9g53XS

ã‚¬ãƒ³ãƒ—ãƒ©å†è²© äºˆç´„ å…¥è· æŠ½é¸
é‰„è¡€ã®ã‚ªãƒ«ãƒ•ã‚§ãƒ³ã‚º
é€†è¥²ã®ã‚·ãƒ£ã‚¢ 
é–ƒå…‰ã®ãƒã‚µã‚¦ã‚§ã‚¤
ãƒã‚¤ãƒ‹ãƒ¥ãƒ¼ã‚¬ãƒ³ãƒ€ãƒ 
ã‚¯ã‚¹ã‚£ãƒ¼ã‚¬ãƒ³ãƒ€ãƒ 
ãƒšãƒ¼ãƒãƒ­ãƒšãƒ¼ ãƒ¡ãƒƒã‚µãƒ¼
Hivã‚¬ãƒ³ãƒ€ãƒ  åœ¨åº«å¾©æ´»",2022-10-08T18:43:15.000Z,1578818321210036224,Botbird tweets,['1578818321210036224'],ja,HGUC 1144 AMS129M UChttpstcoScgd9g53XS,"['hguc', '1144', 'ams129m', 'uchttpstcoscgd9g53xs']"
1529284816109449217,"{'retweet_count': 0, 'reply_count': 0, 'like_count': 0, 'quote_count': 0}","Segregation by Design: Local Politics and Inequality in American Cities MGY78KM

https://t.co/s31KvBOt7B",2022-10-08T18:43:15.000Z,1578818321150902272,Twitter Web App,['1578818321150902272'],en,Segregation Design Local Politics Inequality American Cities MGY78KMhttpstcos31KvBOt7B,"['segregation', 'design', 'local', 'politics', 'inequality', 'american', 'cities', 'mgy78kmhttpstcos31kvbot7b']"
1337782429822513152,"{'retweet_count': 0, 'reply_count': 0, 'like_count': 0, 'quote_count': 0}","ãªã«ã‚ç”·å­ First Arena Tour 2021 #ãªã«ã‚ç”·å­ã—ã‹å‹ãŸã‚“ (é€šå¸¸ç›¤) (Blu-ray) 762

ãŠã™ã™ã‚
https://t.co/Tmaos7TD4t",2022-10-08T18:43:15.000Z,1578818320484089856,ã‚µãƒ¼ãƒ“ã‚¹ãƒ„ã‚¤ãƒƒã‚¿ãƒ¼æƒ…å ±,['1578818320484089856'],ja,First Arena Tour 2021 Bluray 762httpstcoTmaos7TD4t,"['first', 'arena', 'tour', '2021', 'bluray', '762httpstcotmaos7td4t']"
1535801315808358400,"{'retweet_count': 0, 'reply_count': 0, 'like_count': 0, 'quote_count': 0}","Beat Cop Chicago Blue: Recollections of a ""Street Grunt"" Book Two NMF1PMF

https://t.co/vc2tkmZgv8",2022-10-08T18:43:15.000Z,1578818320282791936,Twitter Web App,['1578818320282791936'],en,Beat Chicago Blue Recollections Street Grunt Book NMF1PMFhttpstcovc2tkmZgv8,"['beat', 'chicago', 'blue', 'recollections', 'street', 'grunt', 'book', 'nmf1pmfhttpstcovc2tkmzgv8']"
1340959762410688514,"{'retweet_count': 0, 'reply_count': 0, 'like_count': 0, 'quote_count': 0}","æ±èŠ ãƒãƒ¼ãƒˆãƒ‘ã‚½ã‚³ãƒ³ B35/15.6å‹/Win 11/ (æ•´å‚™æ¸ˆã¿å“) ãƒ‘ã‚½ã‚³ãƒ³ Amazon 008

æ•´å‚™æ¸ˆã¿å“ãªã‚‰
ãƒ†ã‚¹ãƒˆã€ã‚¯ãƒªãƒ¼ãƒ‹ãƒ³ã‚°æ¸ˆã¿ã§
æ–°å“ã«è¿‘ãã€æ­£å¸¸ã«æ©Ÿèƒ½ã—ã¾ã™ï¼
https://t.co/US9bu1HsUx",2022-10-08T18:43:15.000Z,1578818320106520576,ãƒŸã‚ºãƒã‚ªãƒˆ,['1578818320106520576'],ja,B35156Win Amazon 008httpstcoUS9bu1HsUx,"['b35156win', 'amazon', '008httpstcous9bu1hsux']"
1535779181119823875,"{'retweet_count': 0, 'reply_count': 0, 'like_count': 0, 'quote_count': 0}","La filosofÃ­a del derecho de Habernas y Luhmann (Spanish Edition) YY4N6AE

https://t.co/QfHvAYx3Fc",2022-10-08T18:43:15.000Z,1578818319917850624,Twitter Web App,['1578818319917850624'],es,filosofa derecho Habernas Luhmann Spanish Edition YY4N6AEhttpstcoQfHvAYx3Fc,"['filosofa', 'derecho', 'habernas', 'luhmann', 'spanish', 'edition', 'yy4n6aehttpstcoqfhvayx3fc']"
1528927092888453124,"{'retweet_count': 0, 'reply_count': 0, 'like_count': 0, 'quote_count': 0}","Burning Down the House: The End of Juvenile Prison 5PTWMQ8

https://t.co/npfl0E6s61",2022-10-08T18:43:15.000Z,1578818319682916354,Twitter Web App,['1578818319682916354'],en,Burning Down House Juvenile Prison 5PTWMQ8httpstconpfl0E6s61,"['burning', 'down', 'house', 'juvenile', 'prison', '5ptwmq8httpstconpfl0e6s61']"
1284978886040645632,"{'retweet_count': 0, 'reply_count': 0, 'like_count': 0, 'quote_count': 0}","ã€ä»»å¤©å ‚ç´”æ­£å“ã€‘ãƒ¬ãƒƒã‚°ãƒãƒ³ãƒ‰ 563

ã‚²ãƒ¼ãƒ  å¤§äººæ°—ã§ã™
https://t.co/LM7gyXpMhH",2022-10-08T18:43:14.000Z,1578818318978326528,ã‚µãƒ¼ãƒ“ã‚¹ãƒ„ã‚¤ãƒƒã‚¿ãƒ¼æƒ…å ±,['1578818318978326528'],ja,httpstcoLM7gyXpMhH,['httpstcolm7gyxpmhh']
1327327722952028160,"{'retweet_count': 0, 'reply_count': 0, 'like_count': 0, 'quote_count': 0}","Kirala Air ç©ºæ°—æ¸…æµ„æ©Ÿ ã‚ªã‚¾ãƒ³ç©ºé–“é™¤èŒã€Pulizia 15ç•³å¯¾å¿œã€‘å›½å†…ãƒ¡ãƒ¼ã‚«ãƒ¼ PM2.5å¯¾å¿œ 3å±¤ãƒ•ã‚£ãƒ«ã‚¿ãƒ¼ èŠ±ç²‰ ã»ã“ã‚Š ã‚¿ãƒã‚³ æ¶ˆè‡­ ãƒã‚¤ãƒ–ãƒªãƒƒãƒ‰ç©ºæ°—æ¸…æµ„æ©Ÿ 760

å®¶é›» å£²ã‚Œç­‹
https://t.co/GnKSMAk39V",2022-10-08T18:43:14.000Z,1578818318739177473,ãƒŸã‚ºãƒã‚ªãƒˆ,['1578818318739177473'],ja,Kirala Pulizia PM25 httpstcoGnKSMAk39V,"['kirala', 'pulizia', 'pm25', 'httpstcognksmak39v']"
2923571768,"{'retweet_count': 1, 'reply_count': 1, 'like_count': 0, 'quote_count': 0}","Jack &amp; Jones Men Casual Wear Blue Sweatshirt at â‚¹ 659

https://t.co/azKEwIF6Te",2022-10-08T18:43:14.000Z,1578818317510266880,Deal.Bee,['1578818317510266880'],en,Jack Jones Casual Wear Blue Sweatshirt 659httpstcoazKEwIF6Te,"['jack', 'jones', 'casual', 'wear', 'blue', 'sweatshirt', '659httpstcoazkewif6te']"
1327586561597136898,"{'retweet_count': 0, 'reply_count': 0, 'like_count': 0, 'quote_count': 0}","ã€https://t.co/bUkv1zWGIpé™å®šã€‘ALIVE (æœŸé–“ç”Ÿç”£é™å®šç›¤) (ãƒ¡ã‚¬ã‚¸ãƒ£ã‚±ä»˜) 334

CD éŸ³æ¥½ ãƒŸãƒ¥ãƒ¼ã‚¸ãƒƒã‚¯ å£²ã‚Œç­‹
https://t.co/uRaWIReGIR",2022-10-08T18:43:14.000Z,1578818317497683968,ã‚µãƒ¼ãƒ“ã‚¹ãƒ„ã‚¤ãƒƒã‚¿ãƒ¼æƒ…å ±,['1578818317497683968'],ja,httpstcobUkv1zWGIpALIVE 334CD httpstcouRaWIReGIR,"['httpstcobukv1zwgipalive', '334cd', 'httpstcourawiregir']"
1487845131562672128,"{'retweet_count': 23, 'reply_count': 0, 'like_count': 0, 'quote_count': 0}","RT @M_Millerman: Sanctioned by the US, Canada, and EU. Daughter assassinated. Books banned on Amazon and Barnes and Noble. Channel removedâ€¦",2022-10-08T18:43:14.000Z,1578818317477109760,Twitter for Android,['1578818317477109760'],en,MMillerman Sanctioned Canada Daughter assassinated Books banned Amazon Barnes Noble Channel removed,"['mmillerman', 'sanctioned', 'canada', 'daughter', 'assassinated', 'books', 'banned', 'amazon', 'barnes', 'noble', 'channel', 'removed']"
1361767302153129985,"{'retweet_count': 0, 'reply_count': 0, 'like_count': 0, 'quote_count': 0}","å¤§ç²’ å®Œç†Ÿå—é«˜æ¢…ã€ä¸Šå“ãªç”˜ã¿ æ¸›å¡©ã¯ã¡ã¿ã¤ å¡©åˆ†3%ã€‘ç´€å·å—é«˜æ¢… é«˜ç´š æ¢…å¹²ã— ã¤ã¶ã‚Œæ¢… ä½å¡© ã¯ã¡ã¿ã¤å‘³ 1.6kg / 400gÃ—4å€‹ èœ‚èœœæ¼¬ã‘æ¢…å¹²ã—

æ¼¬ç‰©ãƒ»ä½ƒç…®ãƒ»ç…®è±† é£Ÿå“ãƒ»é£Ÿæ–™ ãŠã™ã™ã‚âœ¨
https://t.co/HEpUpwTROT",2022-10-08T18:43:14.000Z,1578818317389025280,ãƒŸã‚ºãƒã‚ªãƒˆ,['1578818317389025280'],ja,16kg 400g4 httpstcoHEpUpwTROT,"['16kg', '400g4', 'httpstcohepupwtrot']"
1435155529870028800,"{'retweet_count': 0, 'reply_count': 0, 'like_count': 0, 'quote_count': 0}",@S_Rtravelsfar Sex &amp; Drugs &amp; Rock &amp; Roll and Nursing https://t.co/nUATRHWV6D https://t.co/XSw8wCw82k,2022-10-08T18:43:14.000Z,1578818317082841088,Twitter for Android,['1578818317082841088'],en,SRtravelsfar Drugs Rock Roll Nursing httpstconUATRHWV6D httpstcoXSw8wCw82k,"['srtravelsfar', 'drugs', 'rock', 'roll', 'nursing', 'httpstconuatrhwv6d', 'httpstcoxsw8wcw82k']"
1279679442097332224,"{'retweet_count': 0, 'reply_count': 0, 'like_count': 0, 'quote_count': 0}","#Amazonã‚¿ã‚¤ãƒ ã‚»ãƒ¼ãƒ«ç¥­ã‚Š ã‚¿ã‚¤ãƒ ã‚»ãƒ¼ãƒ«ã‹ã‚‚ï¼ãƒ¤ãƒ•ã‚ªã‚¯,ãƒ©ã‚¯ãƒ,ãƒ¡ãƒ«ã‚«ãƒªã‚ˆã‚Šå®‰ã„å¯èƒ½æ€§ã€‚ã‚¬ãƒ³ã‚¨ãƒœRazer ã‚²ãƒ¼ãƒŸãƒ³ã‚°ã‚­ãƒ¼ãƒœãƒ¼ãƒ‰ Huntsman Tournament Edition JP Linear Optical Switch æ—¥æœ¬èª JPé…åˆ— è¶… .
https://t.co/2FnZ8n9DQO",2022-10-08T18:43:14.000Z,1578818316981784576,Twitter,['1578818316981784576'],ja,Amazon Razer Huntsman Tournament Edition Linear Optical Switch httpstco2FnZ8n9DQO,"['amazon', 'razer', 'huntsman', 'tournament', 'edition', 'linear', 'optical', 'switch', 'httpstco2fnz8n9dqo']"
1269863695783391232,"{'retweet_count': 67427, 'reply_count': 0, 'like_count': 0, 'quote_count': 0}","RT @Genshin_7: ï¼
#åŸç¥ Ver.3.1ã‚¢ãƒ—ãƒ‡
è¨˜å¿µã‚­ãƒ£ãƒ³ãƒšãƒ¼ãƒ³ï¼ç¬¬3å¼¾
2æ—¥ç›®
ï¼¼

10æœˆ13æ—¥(æœ¨)23:59ã¾ã§æ¯æ—¥ãƒãƒ£ãƒ¬ãƒ³ã‚¸ï¼
åŸç¥ã‚°ãƒƒã‚ºã‚„Amazonã‚®ãƒ•ãƒˆ10000å††åˆ†ãŒ
ãã®å ´ã§å½“ãŸã‚‹ãƒãƒ£ãƒ³ã‚¹ï¼

â–¼å‚åŠ æ–¹æ³•
â‘ @Genshin_7ã‚’ãƒ•ã‚©ãƒ­ãƒ¼
â‘¡â€¦",2022-10-08T18:43:14.000Z,1578818316076212226,Twitter for Android,['1578818316076212226'],ja,Genshin7 Ver313210132359Amazon10000Genshin7,"['genshin7', 'ver313210132359amazon10000genshin7']"
3292031623,"{'retweet_count': 18, 'reply_count': 0, 'like_count': 0, 'quote_count': 0}","RT @ROUBLENAGI: Do get a copy of my book â€œThe #SlumQueen and tag me on your favourite chapterğŸ˜ŠğŸ™Œ available on @amazonIN @amazon 
#MisaalIndiâ€¦",2022-10-08T18:43:14.000Z,1578818316009091072,Twitter for iPhone,['1578818316009091072'],en,ROUBLENAGI copy book SlumQueen your favourite chapter available amazonIN amazon MisaalIndi,"['roublenagi', 'copy', 'book', 'slumqueen', 'your', 'favourite', 'chapter', 'available', 'amazonin', 'amazon', 'misaalindi']"
1339551319057596416,"{'retweet_count': 0, 'reply_count': 0, 'like_count': 0, 'quote_count': 0}","ã€å˜è©±å£²ã€‘å±‹æ ¹ã®ä¸‹ã¯ç”˜ã‚„ã‹ã« ï½åˆæ‹ã®å½¼ã¨ã‚·ã‚§ã‚¢ãƒã‚¦ã‚¹ã§ï¼ï¼Ÿï½ 1è©± (æ‹æ„›ç™½æ›¸ãƒ‘ã‚¹ãƒ†ãƒ«) 815

æœ¬ Kindle é›»å­æ›¸ç± å£²ã‚Œã¦ã¾ã™ï¼
https://t.co/FBt5SfbJVE",2022-10-08T18:43:14.000Z,1578818315757420544,èŠ¸èƒ½é€Ÿå ±Only,['1578818315757420544'],ja,Kindle httpstcoFBt5SfbJVE,"['kindle', 'httpstcofbt5sfbjve']"
851268215225196544,"{'retweet_count': 16086, 'reply_count': 0, 'like_count': 0, 'quote_count': 0}","RT @NIKKE_japan: ã€ã‚°ãƒ­ãƒ¼ãƒãƒ«äº‹å‰ç™»éŒ²é–‹å§‹è¨˜å¿µã‚­ãƒ£ãƒ³ãƒšãƒ¼ãƒ³ã€‘
ç·é¡100ä¸‡å††å±±åˆ†ã‘ğŸ‰

è±ªè¯è³å“ãŒãã®å ´ã§å½“ãŸã‚Šã¾ã™ï¼
10æœˆ31æ—¥23:59ã¾ã§æ¯æ—¥ãƒãƒ£ãƒ¬ãƒ³ã‚¸âœ¨

â—†å‚åŠ æ–¹æ³•
1.@NIKKE_japanã‚’ãƒ•ã‚©ãƒ­ãƒ¼
2.ã“ã®æŠ•ç¨¿ã‚’RT
3.Wãƒãƒ£ãƒ³ã‚¹(Amazâ€¦",2022-10-08T18:43:14.000Z,1578818315312455681,Twitter for Android,['1578818315312455681'],ja,NIKKEjapan 100103123591NIKKEjapan2RT3WAmaz,"['nikkejapan', '100103123591nikkejapan2rt3wamaz']"
1021208189495279616,"{'retweet_count': 0, 'reply_count': 0, 'like_count': 0, 'quote_count': 0}",#Fortnite #plush https://t.co/OIzqJhRq51,2022-10-08T18:43:14.000Z,1578818315274792960,"Cheap Bots, Done Quick!",['1578818315274792960'],qme,Fortnite plush httpstcoOIzqJhRq51,"['fortnite', 'plush', 'httpstcooizqjhrq51']"
1260145097921884160,"{'retweet_count': 130, 'reply_count': 0, 'like_count': 0, 'quote_count': 0}","RT @yuming_official: ãƒãƒãƒ¼ã‚¸ãƒ£ãƒ¼Kå­ã‹ã‚‰ã®ãŠçŸ¥ã‚‰ã›ã§ã™ã€‚

Amazonã§CDã‚’ã”è³¼å…¥ã•ã‚ŒãŸä¸€éƒ¨ã®ãŠå®¢æ§˜ã‹ã‚‰ã€å±Šã„ãŸCDã®ç ´æã‚„ç‰¹å…¸æ˜ åƒç‰¹å…¸ã®ã‚·ãƒªã‚¢ãƒ«ã‚³ãƒ¼ãƒ‰ãŒå±Šã‹ãªã„ã¨ã„ã£ãŸãŠå•ã„åˆã‚ã›ã‚’é ‚ã„ã¦ãŠã‚Šã¾ã™ã€‚
å¤§å¤‰ã”å¿ƒé…ã€ã”è¿·æƒ‘ãŠæ›ã‘ã—ã¦ç”³ã—è¨³ã‚ã‚Šã¾ã›ã‚“ã€‚ä¸‹è¨˜â€¦",2022-10-08T18:43:13.000Z,1578818314532290560,Twitter for Android,['1578818314532290560'],ja,yumingofficial KAmazonCDCD,"['yumingofficial', 'kamazoncdcd']"
1340979390235078656,"{'retweet_count': 0, 'reply_count': 0, 'like_count': 0, 'quote_count': 0}","SALONIA ã‚µãƒ­ãƒ‹ã‚¢ ã‚¹ãƒ”ãƒ¼ãƒ‡ã‚£ãƒ¼ã‚¤ã‚ªãƒ³ãƒ‰ãƒ©ã‚¤ãƒ¤ãƒ¼ ãƒ–ãƒ©ãƒƒã‚¯ å¤§é¢¨é‡ é€Ÿä¹¾ ãƒã‚¤ãƒŠã‚¹ã‚¤ãƒ³ æŠ˜ã‚Šç•³ã¿å¼ 687

å®¶é›» ãŠã™ã™ã‚
https://t.co/msjuANWheX",2022-10-08T18:43:13.000Z,1578818314402672640,èµ¤ã„ãƒãƒ©,['1578818314402672640'],ja,SALONIA httpstcomsjuANWheX,"['salonia', 'httpstcomsjuanwhex']"
1326125334652096514,"{'retweet_count': 0, 'reply_count': 0, 'like_count': 0, 'quote_count': 0}","ã€æ–°ã‚¸ãƒ£ãƒ³ãƒ«/ç¬¬3ã®ãƒ“ãƒ¼ãƒ«ã€‘ã‚­ãƒªãƒ³ ã®ã©ã”ã—&lt;ç”Ÿ&gt;   350mlÃ—24æœ¬ 072

ãŠé…’ å£²ã‚Œã¦ã¾ã™
https://t.co/IP7hvGRClT",2022-10-08T18:43:13.000Z,1578818314310017024,èŠ¸èƒ½é€Ÿå ±Only,['1578818314310017024'],ja,ltgt 350ml24 httpstcoIP7hvGRClT,"['ltgt', '350ml24', 'httpstcoip7hvgrclt']"
891787443506208769,"{'retweet_count': 51, 'reply_count': 0, 'like_count': 0, 'quote_count': 0}","RT @primevideouk: Now included with Prime. 

And to celebrate 60 years of Bond, an all-new documentary on the iconic music of Bond.  

Theâ€¦",2022-10-08T18:43:13.000Z,1578818314171977728,Twitter for Android,['1578818314171977728'],en,primevideouk included with Prime celebrate years Bond allnew documentary iconic music Bond,"['primevideouk', 'included', 'with', 'prime', 'celebrate', 'years', 'bond', 'allnew', 'documentary', 'iconic', 'music', 'bond']"
1541620639748210688,"{'retweet_count': 8142, 'reply_count': 0, 'like_count': 0, 'quote_count': 0}","RT @hadeko41: ğŸ€9æœˆãƒ»15å°ç›®è±ªè¯ã‚­ãƒ£ãƒ³ãƒšãƒ¼ãƒ³ğŸ€

âœ¨Switch Lite or é¸ã¹ã‚‹ã‚®ãƒ•ãƒˆåˆ¸1.5ä¸‡å††åˆ†ã‚’æŠ½é¸ã§1åæ§˜ã«ãƒ—ãƒ¬ã‚¼ãƒ³ãƒˆâœ¨

â†‘Amazonãƒ»iTunesãƒ»PayPayä½•ã§ã‚‚å¯ï¼

ğŸ€å¿œå‹Ÿæ–¹æ³•
(1)ã“ã®ãƒ„ã‚¤ãƒ¼ãƒˆã®RT
(2)ç§ã¨@kOt5UzBwâ€¦",2022-10-08T18:43:13.000Z,1578818313651892225,Twitter for iPhone,['1578818313651892225'],ja,hadeko41 915Switch Lite 151AmazoniTunesPayPay1RT2kOt5UzBw,"['hadeko41', '915switch', 'lite', '151amazonitunespaypay1rt2kot5uzbw']"
264343659,"{'retweet_count': 3, 'reply_count': 0, 'like_count': 0, 'quote_count': 0}","RT @telefis1961: If you only stream, here's the link for the new album on Spotify, Apple, Deezer, Tidal, Amazon, etc . please share and foâ€¦",2022-10-08T18:43:13.000Z,1578818313022410752,Twitter for iPhone,['1578818313022410752'],en,telefis1961 only stream heres link album Spotify Apple Deezer Tidal Amazon please share,"['telefis1961', 'only', 'stream', 'heres', 'link', 'album', 'spotify', 'apple', 'deezer', 'tidal', 'amazon', 'please', 'share']"
1551377026204205056,"{'retweet_count': 0, 'reply_count': 0, 'like_count': 0, 'quote_count': 0}","WEST BIKING HD Polarized Sunglasses Men Women UV 400 Protection MTB Bike Sports Cycling Glasses Running Goggles Sun Glasses 2022 $11.97
click&gt;&gt;https://t.co/5FgpW7pTUZ
#bike #bicycle #amazon #aliexpress #rt https://t.co/VhDADmwBeW",2022-10-08T18:43:13.000Z,1578818312464924673,whale_love_me,['1578818312464924673'],en,WEST BIKING Polarized Sunglasses Women Protection Bike Sports Cycling Glasses Running Goggles Glasses 2022 1197clickgtgthttpstco5FgpW7pTUZbike bicycle amazon aliexpress httpstcoVhDADmwBeW,"['west', 'biking', 'polarized', 'sunglasses', 'women', 'protection', 'bike', 'sports', 'cycling', 'glasses', 'running', 'goggles', 'glasses', '2022', '1197clickgtgthttpstco5fgpw7ptuzbike', 'bicycle', 'amazon', 'aliexpress', 'httpstcovhdadmwbew']"
2711736175,"{'retweet_count': 8813, 'reply_count': 0, 'like_count': 0, 'quote_count': 0}","RT @houkai3rd: ï¼
#å´©å£Š3rd Ver.6.0ã‚¢ãƒƒãƒ—ãƒ‡ãƒ¼ãƒˆ
è¨˜å¿µã‚­ãƒ£ãƒ³ãƒšãƒ¼ãƒ³ç¬¬4å¼¾
3æ—¥ç›®
ï¼¼

10æœˆ13æ—¥(æœ¨)23:59ã¾ã§å‚åŠ å¯èƒ½ï¼
å´©å£Š3rdã‚°ãƒƒã‚ºã‚„Amazonã‚®ãƒ•ãƒˆ5000å††åˆ†ãŒãã®å ´ã§å½“ãŸã‚‹ãƒãƒ£ãƒ³ã‚¹ï¼

â–¼å‚åŠ æ–¹æ³•
â‘  @houkai3rdã‚’ãƒ•ã‚©â€¦",2022-10-08T18:43:13.000Z,1578818311546056705,Twitter for Android,['1578818311546056705'],ja,houkai3rd Ver6043101323593rdAmazon5000 houkai3rd,"['houkai3rd', 'ver6043101323593rdamazon5000', 'houkai3rd']"
1518205179245785089,"{'retweet_count': 0, 'reply_count': 0, 'like_count': 0, 'quote_count': 0}","https://t.co/nHQ3v3Wp8N
#dinosaurier #dinosaurier #paleoart #vintage #awkward #trex #trickortreat #anatomy #paleoartist #scary #instagram #illustration #paleofail #paleontology #prehistoric #jurassicpark",2022-10-08T18:43:13.000Z,1578818311499829248,Twitter Web App,['1578818311499829248'],qme,httpstconHQ3v3Wp8Ndinosaurier dinosaurier paleoart vintage awkward trex trickortreat anatomy paleoartist scary instagram illustration paleofail paleontology prehistoric jurassicpark,"['httpstconhq3v3wp8ndinosaurier', 'dinosaurier', 'paleoart', 'vintage', 'awkward', 'trex', 'trickortreat', 'anatomy', 'paleoartist', 'scary', 'instagram', 'illustration', 'paleofail', 'paleontology', 'prehistoric', 'jurassicpark']"
1569928213790605316,"{'retweet_count': 0, 'reply_count': 0, 'like_count': 0, 'quote_count': 0}","https://t.co/MWTX3ndKio

Aurion Green Polyester Badminton Kit Bag | Racket Sports | Shoe Compartment

Pay only â‚¹375.00",2022-10-08T18:43:13.000Z,1578818311160492033,Post Deals,['1578818311160492033'],en,httpstcoMWTX3ndKioAurion Green Polyester Badminton Racket Sports Shoe CompartmentPay only 37500,"['httpstcomwtx3ndkioaurion', 'green', 'polyester', 'badminton', 'racket', 'sports', 'shoe', 'compartmentpay', 'only', '37500']"
1185356206728085509,"{'retweet_count': 116179, 'reply_count': 0, 'like_count': 0, 'quote_count': 0}","RT @Genshin_7: ï¼
#åŸç¥ Ver.3.1ã‚¢ãƒ—ãƒ‡
è¨˜å¿µã‚­ãƒ£ãƒ³ãƒšãƒ¼ãƒ³ï¼ç¬¬3å¼¾
1æ—¥ç›®
ï¼¼

10æœˆ13æ—¥(æœ¨)23:59ã¾ã§æ¯æ—¥ãƒãƒ£ãƒ¬ãƒ³ã‚¸ï¼
åŸç¥ã‚°ãƒƒã‚ºã‚„Amazonã‚®ãƒ•ãƒˆ10000å††åˆ†ãŒ
ãã®å ´ã§å½“ãŸã‚‹ãƒãƒ£ãƒ³ã‚¹ï¼

â–¼å‚åŠ æ–¹æ³•
â‘ @Genshin_7ã‚’ãƒ•ã‚©ãƒ­ãƒ¼
â‘¡â€¦",2022-10-08T18:43:13.000Z,1578818310917206016,Twitter for iPhone,['1578818310917206016'],ja,Genshin7 Ver313110132359Amazon10000Genshin7,"['genshin7', 'ver313110132359amazon10000genshin7']"
1627795339,"{'retweet_count': 1074, 'reply_count': 0, 'like_count': 0, 'quote_count': 0}","RT @DiggerWacks_: GIVEAWAY pour fÃªter les 20k TikTok ! ğŸğŸŠ
6500 RP (ou 49.99â‚¬ PayPal) +150â‚¬ Amazon ! ğŸ¤‘
RT + Follow pour participer
Tirage auâ€¦",2022-10-08T18:43:12.000Z,1578818310690729985,Twitter for iPhone,['1578818310690729985'],fr,DiggerWacks GIVEAWAY pour fter TikTok 6500 4999 PayPal Amazon Follow pour participerTirage,"['diggerwacks', 'giveaway', 'pour', 'fter', 'tiktok', '6500', '4999', 'paypal', 'amazon', 'follow', 'pour', 'participertirage']"
1353096545969823745,"{'retweet_count': 471, 'reply_count': 0, 'like_count': 0, 'quote_count': 0}","RT @shopbeyonce: RENAISSANCE Deluxe Vinyl available in stores NOW.

@Target @Amazon @Walmart @BNBuzz and at your local indie retailer. httpâ€¦",2022-10-08T18:43:12.000Z,1578818310501986304,Twitter for iPhone,['1578818310501986304'],en,shopbeyonce RENAISSANCE Deluxe Vinyl available stores NOWTarget Amazon Walmart BNBuzz your local indie retailer http,"['shopbeyonce', 'renaissance', 'deluxe', 'vinyl', 'available', 'stores', 'nowtarget', 'amazon', 'walmart', 'bnbuzz', 'your', 'local', 'indie', 'retailer', 'http']"
264874726,"{'retweet_count': 6, 'reply_count': 0, 'like_count': 0, 'quote_count': 0}",RT @DogsOfDestiny: @inspiredbylaban @TonyaWrites @davepperlmutter @MICHELL64959353 @dmichele2123 @AvaBanton @jgmacleodauthor @CordonRoma @lâ€¦,2022-10-08T18:43:12.000Z,1578818310292262912,Twitter for Android,['1578818310292262912'],en,DogsOfDestiny inspiredbylaban TonyaWrites davepperlmutter MICHELL64959353 dmichele2123 AvaBanton jgmacleodauthor CordonRoma,"['dogsofdestiny', 'inspiredbylaban', 'tonyawrites', 'davepperlmutter', 'michell64959353', 'dmichele2123', 'avabanton', 'jgmacleodauthor', 'cordonroma']"
1454755358757376000,"{'retweet_count': 67427, 'reply_count': 0, 'like_count': 0, 'quote_count': 0}","RT @Genshin_7: ï¼
#åŸç¥ Ver.3.1ã‚¢ãƒ—ãƒ‡
è¨˜å¿µã‚­ãƒ£ãƒ³ãƒšãƒ¼ãƒ³ï¼ç¬¬3å¼¾
2æ—¥ç›®
ï¼¼

10æœˆ13æ—¥(æœ¨)23:59ã¾ã§æ¯æ—¥ãƒãƒ£ãƒ¬ãƒ³ã‚¸ï¼
åŸç¥ã‚°ãƒƒã‚ºã‚„Amazonã‚®ãƒ•ãƒˆ10000å††åˆ†ãŒ
ãã®å ´ã§å½“ãŸã‚‹ãƒãƒ£ãƒ³ã‚¹ï¼

â–¼å‚åŠ æ–¹æ³•
â‘ @Genshin_7ã‚’ãƒ•ã‚©ãƒ­ãƒ¼
â‘¡â€¦",2022-10-08T18:43:12.000Z,1578818310225170434,Twitter for iPhone,['1578818310225170434'],ja,Genshin7 Ver313210132359Amazon10000Genshin7,"['genshin7', 'ver313210132359amazon10000genshin7']"
1286261768600264706,"{'retweet_count': 67427, 'reply_count': 0, 'like_count': 0, 'quote_count': 0}","RT @Genshin_7: ï¼
#åŸç¥ Ver.3.1ã‚¢ãƒ—ãƒ‡
è¨˜å¿µã‚­ãƒ£ãƒ³ãƒšãƒ¼ãƒ³ï¼ç¬¬3å¼¾
2æ—¥ç›®
ï¼¼

10æœˆ13æ—¥(æœ¨)23:59ã¾ã§æ¯æ—¥ãƒãƒ£ãƒ¬ãƒ³ã‚¸ï¼
åŸç¥ã‚°ãƒƒã‚ºã‚„Amazonã‚®ãƒ•ãƒˆ10000å††åˆ†ãŒ
ãã®å ´ã§å½“ãŸã‚‹ãƒãƒ£ãƒ³ã‚¹ï¼

â–¼å‚åŠ æ–¹æ³•
â‘ @Genshin_7ã‚’ãƒ•ã‚©ãƒ­ãƒ¼
â‘¡â€¦",2022-10-08T18:43:12.000Z,1578818310182866944,Twitter for iPhone,['1578818310182866944'],ja,Genshin7 Ver313210132359Amazon10000Genshin7,"['genshin7', 'ver313210132359amazon10000genshin7']"
1538007842728251392,"{'retweet_count': 0, 'reply_count': 0, 'like_count': 0, 'quote_count': 0}","House &amp;amp; Shields Men's Cargo Shorts at â‚¹230.

â¡ï¸ https://t.co/F5XjUaGitx

 #amazon #deals #offers",2022-10-08T18:43:12.000Z,1578818309792964608,DealsAndOffers_,['1578818309792964608'],en,House ampamp Shields Mens Cargo Shorts httpstcoF5XjUaGitx amazon deals offers,"['house', 'ampamp', 'shields', 'mens', 'cargo', 'shorts', 'httpstcof5xjuagitx', 'amazon', 'deals', 'offers']"
1343221810473496576,"{'retweet_count': 0, 'reply_count': 0, 'like_count': 0, 'quote_count': 0}","ã‚±ã‚¢ ã‚·ãƒ£ãƒ³ãƒ—ãƒ¼ è©°æ›¿ç”¨2å›åˆ† 680ãƒŸãƒªãƒªãƒƒãƒˆãƒ« (x 1) 080

ç¾å®¹ ãƒ˜ã‚¢ã‚±ã‚¢ ã‚ªã‚¹ã‚¹ãƒ¡
https://t.co/wMfRCNCrtA",2022-10-08T18:43:12.000Z,1578818309436628993,ã‚­ãƒƒã‚ºland,['1578818309436628993'],ja,httpstcowMfRCNCrtA,['httpstcowmfrcncrta']
1251019193408827392,"{'retweet_count': 67427, 'reply_count': 0, 'like_count': 0, 'quote_count': 0}","RT @Genshin_7: ï¼
#åŸç¥ Ver.3.1ã‚¢ãƒ—ãƒ‡
è¨˜å¿µã‚­ãƒ£ãƒ³ãƒšãƒ¼ãƒ³ï¼ç¬¬3å¼¾
2æ—¥ç›®
ï¼¼

10æœˆ13æ—¥(æœ¨)23:59ã¾ã§æ¯æ—¥ãƒãƒ£ãƒ¬ãƒ³ã‚¸ï¼
åŸç¥ã‚°ãƒƒã‚ºã‚„Amazonã‚®ãƒ•ãƒˆ10000å††åˆ†ãŒ
ãã®å ´ã§å½“ãŸã‚‹ãƒãƒ£ãƒ³ã‚¹ï¼

â–¼å‚åŠ æ–¹æ³•
â‘ @Genshin_7ã‚’ãƒ•ã‚©ãƒ­ãƒ¼
â‘¡â€¦",2022-10-08T18:43:12.000Z,1578818309138837504,Twitter for iPhone,['1578818309138837504'],ja,Genshin7 Ver313210132359Amazon10000Genshin7,"['genshin7', 'ver313210132359amazon10000genshin7']"
1436552904,"{'retweet_count': 2584, 'reply_count': 0, 'like_count': 0, 'quote_count': 0}","RT @AJINOMOTOPARK: ï¼¼é‡èœã‚’ã‚ã¾ã‚‰ã›ã¦ã—ã¾ã†æ–¹å¿…è¦‹ï¼

#ãƒ—ãƒ¬ã‚¼ãƒ³ãƒˆ #ã‚­ãƒ£ãƒ³ãƒšãƒ¼ãƒ³ #ãŠã†ã¡ã®ãƒ•ãƒ¼ãƒ‰ãƒ­ã‚¹å‰Šæ¸›
æ¨ã¦ã‚‰ã‚Œã¦ã„ã‚‹ã‚‚ã®ã«ã‚‚ã€ä¾¡å€¤ãŒã‚ã‚‹ï¼

ãŠã†ã¡ã§ã‚ã¾ã‚ŠãŒã¡ãªé‡èœã®æ´»ç”¨è¡“ã‚’ã”ç´¹ä»‹âœ‹

ğŸ¥ã‚’è¦‹ã¦ãƒ•ã‚©ãƒ­ãƒ¼ï¼†RTã™ã‚‹ã¨ãƒªãƒ—ãƒ©ã‚¤ã§ #ã“ã‚ã“ã‚ã‚¹ãƒŠãƒƒã‚¯ ãƒ¬â€¦",2022-10-08T18:43:12.000Z,1578818309105287168,Twitter Web App,['1578818309105287168'],ja,AJINOMOTOPARK,['ajinomotopark']
1359052670527414273,"{'retweet_count': 0, 'reply_count': 0, 'like_count': 0, 'quote_count': 0}","Amazon MTG ãƒã‚¸ãƒƒã‚¯:ã‚¶ãƒ»ã‚®ãƒ£ã‚¶ãƒªãƒ³ã‚° ã‚¹ãƒˆãƒªã‚¯ã‚¹ãƒ˜ã‚¤ãƒ´ãƒ³:é­”æ³•å­¦é™¢ ã‚»ãƒƒãƒˆãƒ»ãƒ–ãƒ¼ã‚¹ã‚¿ãƒ¼ æ—¥æœ¬èªç‰ˆ BOX C84461400

å£²ã‚Œã¦ã¾ã™
https://t.co/a18jYziD9I",2022-10-08T18:43:12.000Z,1578818308409028610,ä¾¡æ ¼xyz,['1578818308409028610'],ja,Amazon C84461400httpstcoa18jYziD9I,"['amazon', 'c84461400httpstcoa18jyzid9i']"
1331984385084571649,"{'retweet_count': 0, 'reply_count': 0, 'like_count': 0, 'quote_count': 0}","Amazon Ulike è„±æ¯›å™¨ å…‰ç¾å®¹å™¨ ã‚µãƒ•ã‚¡ã‚¤ã‚¢å†·æ„Ÿè„±æ¯›å™¨ ãƒ¬ãƒ¼ã‚¶ãƒ¼ IPL å®¶åº­ç”¨ ç”·å¥³å…¼ç”¨ é¡”ã¨å…¨èº«ç”¨ãƒ¢ãƒ‡ãƒ« vioå¯¾å¿œ 10â„ƒå†·å´ã‚¯ãƒ¼ãƒªãƒ³ã‚° Air+ pro

å¤§äººæ°—â˜‘
https://t.co/VmGLVnKZdZ",2022-10-08T18:43:12.000Z,1578818308094062592,ã‚­ãƒƒã‚ºland,['1578818308094062592'],ja,Amazon Ulike prohttpstcoVmGLVnKZdZ,"['amazon', 'ulike', 'prohttpstcovmglvnkzdz']"
1442247863677845515,"{'retweet_count': 609, 'reply_count': 0, 'like_count': 0, 'quote_count': 0}",RT @pinkhairednoah1: Have you heard of the Amazon position? https://t.co/FLegeNKtpu,2022-10-08T18:43:12.000Z,1578818307092000771,Twitter for Android,['1578818307092000771'],en,pinkhairednoah1 Have heard Amazon position httpstcoFLegeNKtpu,"['pinkhairednoah1', 'have', 'heard', 'amazon', 'position', 'httpstcoflegenktpu']"
1339547563507163137,"{'retweet_count': 0, 'reply_count': 0, 'like_count': 0, 'quote_count': 0}","Amazoné™å®šãƒ–ãƒ©ãƒ³ãƒ‰  (æ—¥æœ¬è£½ ä¸ç¹”å¸ƒ) ã‚¨ãƒªã‚¨ãƒ¼ãƒ« ãƒã‚¤ãƒ‘ãƒ¼ãƒ–ãƒ­ãƒƒã‚¯ãƒã‚¹ã‚¯ ãƒ ãƒ¬çˆ½å¿« ãµã¤ã†ã‚µã‚¤ã‚º 50æš ã‚¿ãƒƒãƒ—ãƒªãƒƒãƒ

Amazon æ—¥ç”¨å“ ã‚’ã€ãƒã‚§ãƒƒã‚¯ã—ã¦ã­âœ…
https://t.co/MhAlfehg1x",2022-10-08T18:43:12.000Z,1578818306966163456,ä¾¡æ ¼xyz,['1578818306966163456'],ja,Amazon Amazon httpstcoMhAlfehg1x,"['amazon', 'amazon', 'httpstcomhalfehg1x']"
1355853425775407104,"{'retweet_count': 3209, 'reply_count': 0, 'like_count': 0, 'quote_count': 0}","RT @esports_select: ğŸSELeCT  #ãƒ—ãƒ¬ã‚¼ãƒ³ãƒˆä¼ç”» #94ğŸ
Amazon ã‚®ãƒ•ãƒˆåˆ¸ 2,000å††åˆ†ã‚’æŠ½é¸ã§5åæ§˜ã«ğŸ

ğŸ”»å¿œå‹Ÿæ–¹æ³•
â‘ @esports_selectã‚’ãƒ•ã‚©ãƒ­ãƒ¼
â‘¡ã“ã®ãƒ„ã‚¤ãƒ¼ãƒˆã‚’RT

ğŸ”»å¿œå‹ŸæœŸé–“
10/7(é‡‘)ï½10/10(æœˆ)23:5â€¦",2022-10-08T18:43:12.000Z,1578818306920046593,Twitter for Android,['1578818306920046593'],ja,esportsselect SELeCT 94Amazon 20005esportsselectRT1071010235,"['esportsselect', 'select', '94amazon', '20005esportsselectrt1071010235']"
