id,source,lang,public_metrics,created_at,text,author_id,edit_history_tweet_ids,cleaned_text,Tweet_tokenized
1578820086411976704,The Bargain Hunter,en,"{'retweet_count': 0, 'reply_count': 0, 'like_count': 0, 'quote_count': 0}",2022-10-08T18:50:16.000Z,"Splatoon 2 Standard Edition - Nintendo Switch is $52.99 https://t.co/QXPdGwUpzP 

All Games on Sale https://t.co/AOGdGiOeNW ğŸ™‚

#ad #PS5 #Xbox #Nintendo

10-08-2022 14:50:14",1381352768997367826,['1578820086411976704'],Splatoon Standard Edition Nintendo Switch 5299 httpstcoQXPdGwUpzP Games Sale httpstcoAOGdGiOeNW Xbox Nintendo10082022 145014,"['splatoon', 'standard', 'edition', 'nintendo', 'switch', '5299', 'httpstcoqxpdgwupzp', 'games', 'sale', 'httpstcoaogdgioenw', 'xbox', 'nintendo10082022', '145014']"
1578820023782559744,Media uploads app,en,"{'retweet_count': 0, 'reply_count': 0, 'like_count': 1, 'quote_count': 0}",2022-10-08T18:50:01.000Z,"ğŸ‘‰  ğŸ‘ˆ
LYANER Womens Satin Spaghetti Straps Cowl Neck Ruch Split Cocktail Mini Dresses @buy1_best
#LYANER #Womens #Satin #Spaghetti #Straps #Cowl #Neck #Ruch #fashion #lifestyle 

Are you ready to be #pretty?! https://t.co/FoYgg6Bjkk",1118057594281758720,['1578820023782559744'],LYANER Womens Satin Spaghetti Straps Cowl Neck Ruch Split Cocktail Mini Dresses buy1bestLYANER Womens Satin Spaghetti Straps Cowl Neck Ruch fashion lifestyle ready pretty httpstcoFoYgg6Bjkk,"['lyaner', 'womens', 'satin', 'spaghetti', 'straps', 'cowl', 'neck', 'ruch', 'split', 'cocktail', 'mini', 'dresses', 'buy1bestlyaner', 'womens', 'satin', 'spaghetti', 'straps', 'cowl', 'neck', 'ruch', 'fashion', 'lifestyle', 'ready', 'pretty', 'httpstcofoygg6bjkk']"
1578820005008789504,Foursquare,en,"{'retweet_count': 0, 'reply_count': 0, 'like_count': 0, 'quote_count': 0}",2022-10-08T18:49:56.000Z,"I'm at @BestBuy in Blaine, MN https://t.co/KUARMjKhE0",48896378,['1578820005008789504'],BestBuy Blaine httpstcoKUARMjKhE0,"['bestbuy', 'blaine', 'httpstcokuarmjkhe0']"
1578819994565369856,Twitter for Android,en,"{'retweet_count': 7, 'reply_count': 0, 'like_count': 0, 'quote_count': 0}",2022-10-08T18:49:54.000Z,"RT @toybroreviews: NECA Last Ronin IN STOCK at Best Buy, $32.99

https://t.co/sVDDWy7vIs https://t.co/niBng9W8W9",1117818138584858626,['1578819994565369856'],toybroreviews NECA Last Ronin STOCK Best 3299httpstcosVDDWy7vIs httpstconiBng9W8W9,"['toybroreviews', 'neca', 'last', 'ronin', 'stock', 'best', '3299httpstcosvddwy7vis', 'httpstconibng9w8w9']"
1578819232644575232,RestockifyBot,en,"{'retweet_count': 0, 'reply_count': 0, 'like_count': 0, 'quote_count': 0}",2022-10-08T18:46:52.000Z,"GeForce RTX 3070 - GIGABYTE - EAGLE OC will be available for in-store pickup within the next 5 minutes!

STATUS: In-Store Pickup
PRICE: $531.99
RETAILER: Best Buy
TIME: 06:46 PM UTC

LINK: https://t.co/zphm2KCUqW",1404406896220676099,['1578819232644575232'],GeForce 3070 GIGABYTE EAGLE will available instore pickup within next minutesSTATUS InStore PickupPRICE 53199RETAILER Best BuyTIME 0646 UTCLINK httpstcozphm2KCUqW,"['geforce', '3070', 'gigabyte', 'eagle', 'will', 'available', 'instore', 'pickup', 'within', 'next', 'minutesstatus', 'instore', 'pickupprice', '53199retailer', 'best', 'buytime', '0646', 'utclink', 'httpstcozphm2kcuqw']"
1578818986065727489,The Bargain Hunter,en,"{'retweet_count': 0, 'reply_count': 0, 'like_count': 0, 'quote_count': 0}",2022-10-08T18:45:53.000Z,"Maneater Standard Edition - Xbox One is $9.99 https://t.co/izjdMUlznt 

All Games on Sale https://t.co/AOGdGiOeNW ğŸ™‚

#ad #PS5 #Xbox #Nintendo

10-08-2022 14:45:52",1381352768997367826,['1578818986065727489'],Maneater Standard Edition Xbox httpstcoizjdMUlznt Games Sale httpstcoAOGdGiOeNW Xbox Nintendo10082022 144552,"['maneater', 'standard', 'edition', 'xbox', 'httpstcoizjdmulznt', 'games', 'sale', 'httpstcoaogdgioenw', 'xbox', 'nintendo10082022', '144552']"
1578818627880353792,Twitter for iPhone,ja,"{'retweet_count': 249, 'reply_count': 0, 'like_count': 0, 'quote_count': 0}",2022-10-08T18:44:28.000Z,"RT @K_BA_LIFE: \
#æ¯æ—¥ç‹å† 2022 æœ€çµ‚äºˆæƒ³ğŸ‡
/
â—‰ã“ã®æ¡ä»¶ã§ã“ãã®ä¸€æŠå›
â—‰åœŸæ›œé¦¬å ´ã‚’è¦‹ã¦ã‚‚ã“ã®é¦¬ã‹ã‚‰
â—‰ã‚¹ãƒ—ãƒªãƒ³ã‚¿ãƒ¼ã‚ºSã§ã‚¸ãƒ£ãƒ³ãƒ€ãƒ«ãƒ æœ¬å‘½8äºº1ç€ï¼
â—‰å…ˆé€±åœŸæ›œBESTBUYã¯7äººæ°—1ç€ï¼

ä»Šé€±ã‚‚é‡è³ã§ãŠè²·ã„å¾—ãªä¸€é ­ã‚«ãƒå½“ã¦ã¾ã™ã€‚

ãƒ•ã‚©ãƒ­ãƒ¼ï¼†RTï¼†ã„â€¦",2524483694,['1578818627880353792'],KBALIFE 2022 S81BESTBUY71RT,"['kbalife', '2022', 's81bestbuy71rt']"
1578818379581820928,Media uploads app,en,"{'retweet_count': 0, 'reply_count': 0, 'like_count': 0, 'quote_count': 0}",2022-10-08T18:43:29.000Z,"ğŸ‘‰ $595.95 ğŸ‘ˆ
Adore Cosmetics  Advanced Firming Eye Cream  105 Oz  Anti Aging Eye Cream @buy1_best
#Adore #Cosmetics  #Advanced #Firming #Eye #Cream  #105 #Oz #fashion #lifestyle 

Are you ready to be #pretty?! https://t.co/1R9tMVRQc8",1118057594281758720,['1578818379581820928'],59595 Adore Cosmetics Advanced Firming Cream Anti Aging Cream buy1bestAdore Cosmetics Advanced Firming Cream fashion lifestyle ready pretty httpstco1R9tMVRQc8,"['59595', 'adore', 'cosmetics', 'advanced', 'firming', 'cream', 'anti', 'aging', 'cream', 'buy1bestadore', 'cosmetics', 'advanced', 'firming', 'cream', 'fashion', 'lifestyle', 'ready', 'pretty', 'httpstco1r9tmvrqc8']"
1578818204847296515,The Bargain Hunter,en,"{'retweet_count': 0, 'reply_count': 0, 'like_count': 0, 'quote_count': 0}",2022-10-08T18:42:47.000Z,"AI: THE SOMNIUM FILES - nirvanA Initiative - Nintendo Switch is $39.99 https://t.co/8AfBXW7paR 

All Games on Sale https://t.co/AOGdGiOeNW ğŸ™‚

#ad #PS5 #Xbox #Nintendo

10-08-2022 14:42:45",1381352768997367826,['1578818204847296515'],SOMNIUM FILES nirvanA Initiative Nintendo Switch 3999 httpstco8AfBXW7paR Games Sale httpstcoAOGdGiOeNW Xbox Nintendo10082022 144245,"['somnium', 'files', 'nirvana', 'initiative', 'nintendo', 'switch', '3999', 'httpstco8afbxw7par', 'games', 'sale', 'httpstcoaogdgioenw', 'xbox', 'nintendo10082022', '144245']"
1578818090951151616,Twitter for iPhone,en,"{'retweet_count': 0, 'reply_count': 0, 'like_count': 0, 'quote_count': 0}",2022-10-08T18:42:20.000Z,#bestbuy in store return is so slow.,467180212,['1578818090951151616'],bestbuy store return slow,"['bestbuy', 'store', 'return', 'slow']"
1578817934281281538,WordPress.com,en,"{'retweet_count': 0, 'reply_count': 0, 'like_count': 0, 'quote_count': 0}",2022-10-08T18:41:43.000Z,Does Bestbuy Sell Apple ComputerÂ Charger https://t.co/rSO5SzoIOK,1528405833402290176,['1578817934281281538'],Does Bestbuy Sell Apple ComputerCharger httpstcorSO5SzoIOK,"['does', 'bestbuy', 'sell', 'apple', 'computercharger', 'httpstcorso5szoiok']"
1578817475877433344,Twitter for Android,en,"{'retweet_count': 0, 'reply_count': 1, 'like_count': 0, 'quote_count': 0}",2022-10-08T18:39:53.000Z,"I called the @BestBuy I originally placed my order at to see why they moved my pick up to a different location. It was a local number - that sends you to a national call center. I asked to speak to someone in the actual store. She said there's ""no way"" to do that.

Trash.",41609015,['1578817475877433344'],called BestBuy originally placed order they moved pick different location local number that sends national call center asked speak someone actual store said theres thatTrash,"['called', 'bestbuy', 'originally', 'placed', 'order', 'they', 'moved', 'pick', 'different', 'location', 'local', 'number', 'that', 'sends', 'national', 'call', 'center', 'asked', 'speak', 'someone', 'actual', 'store', 'said', 'theres', 'thattrash']"
1578817314623049729,The Bargain Hunter,en,"{'retweet_count': 0, 'reply_count': 0, 'like_count': 0, 'quote_count': 0}",2022-10-08T18:39:15.000Z,"Elden Ring - PlayStation 4, PlayStation 5 is $52.99 https://t.co/k85Q3N9ZvM 

All Games on Sale https://t.co/AOGdGiOeNW ğŸ™‚

#ad #PS5 #Xbox #Nintendo

10-08-2022 14:39:13",1381352768997367826,['1578817314623049729'],Elden Ring PlayStation PlayStation 5299 httpstcok85Q3N9ZvM Games Sale httpstcoAOGdGiOeNW Xbox Nintendo10082022 143913,"['elden', 'ring', 'playstation', 'playstation', '5299', 'httpstcok85q3n9zvm', 'games', 'sale', 'httpstcoaogdgioenw', 'xbox', 'nintendo10082022', '143913']"
1578816966747639810,RestockifyBot,en,"{'retweet_count': 0, 'reply_count': 0, 'like_count': 0, 'quote_count': 0}",2022-10-08T18:37:52.000Z,"GeForce RTX 3080 Ti - ASUS - ROG Strix OC will be available for in-store pickup within the next 5 minutes!

STATUS: In-Store Pickup
PRICE: $1099.99
RETAILER: Best Buy
TIME: 06:37 PM UTC

LINK: https://t.co/nWDUHSS99x",1404406896220676099,['1578816966747639810'],GeForce 3080 ASUS Strix will available instore pickup within next minutesSTATUS InStore PickupPRICE 109999RETAILER Best BuyTIME 0637 UTCLINK httpstconWDUHSS99x,"['geforce', '3080', 'asus', 'strix', 'will', 'available', 'instore', 'pickup', 'within', 'next', 'minutesstatus', 'instore', 'pickupprice', '109999retailer', 'best', 'buytime', '0637', 'utclink', 'httpstconwduhss99x']"
1578816910975565824,H.P. Lovecraft Bot,en,"{'retweet_count': 1, 'reply_count': 0, 'like_count': 0, 'quote_count': 0}",2022-10-08T18:37:39.000Z,"RT @CommonCD: Discussing Worlds and Season 2 of HCS! Brought to you by @TMThrustmaster! https://t.co/qKarS1ZFw0 #ad #EswapXProController

hâ€¦",3645639137,['1578816910975565824'],CommonCD Discussing Worlds Season Brought TMThrustmaster httpstcoqKarS1ZFw0 EswapXProControllerh,"['commoncd', 'discussing', 'worlds', 'season', 'brought', 'tmthrustmaster', 'httpstcoqkars1zfw0', 'eswapxprocontrollerh']"
1578816680708317184,Twitter for iPhone,en,"{'retweet_count': 0, 'reply_count': 0, 'like_count': 0, 'quote_count': 0}",2022-10-08T18:36:44.000Z,@BestBuy Two-word spooky stories: â€œNo Signal.â€,1849714266,['1578816680708317184'],BestBuy Twoword spooky stories Signal,"['bestbuy', 'twoword', 'spooky', 'stories', 'signal']"
1578816675105079297,Foursquare,en,"{'retweet_count': 0, 'reply_count': 0, 'like_count': 0, 'quote_count': 0}",2022-10-08T18:36:42.000Z,"I'm at @BestBuy in Levittown, NY https://t.co/fAe8ehvMjT",64809491,['1578816675105079297'],BestBuy Levittown httpstcofAe8ehvMjT,"['bestbuy', 'levittown', 'httpstcofae8ehvmjt']"
1578816634474487809,Media uploads app,en,"{'retweet_count': 0, 'reply_count': 0, 'like_count': 0, 'quote_count': 0}",2022-10-08T18:36:33.000Z,"ğŸ‘‰ $175.71 ğŸ‘ˆ
Trina Turk Womens Tie Front Blouse Whitewash Extra Large @buy1_best
#Trina #Turk #Womens #Tie #Front #Blouse #Whitewash #Extra #fashion #lifestyle 

Are you ready to be #pretty?! https://t.co/FEpf6vvhFF",1118057594281758720,['1578816634474487809'],17571 Trina Turk Womens Front Blouse Whitewash Extra Large buy1bestTrina Turk Womens Front Blouse Whitewash Extra fashion lifestyle ready pretty httpstcoFEpf6vvhFF,"['17571', 'trina', 'turk', 'womens', 'front', 'blouse', 'whitewash', 'extra', 'large', 'buy1besttrina', 'turk', 'womens', 'front', 'blouse', 'whitewash', 'extra', 'fashion', 'lifestyle', 'ready', 'pretty', 'httpstcofepf6vvhff']"
1578816302361124865,TBD Events,en,"{'retweet_count': 1, 'reply_count': 0, 'like_count': 0, 'quote_count': 0}",2022-10-08T18:35:14.000Z,"RT @buy1_best: ğŸ‘‰ $150.99 ğŸ‘ˆ
Wedding Dress Plus Size Luxury 2020 Mermaid Wedding Dresses Lace Applique Beads @buy1_best
#Wedding #Dress #Plusâ€¦",1075964516452593664,['1578816302361124865'],buy1best 15099 Wedding Dress Plus Size Luxury 2020 Mermaid Wedding Dresses Lace Applique Beads buy1bestWedding Dress Plus,"['buy1best', '15099', 'wedding', 'dress', 'plus', 'size', 'luxury', '2020', 'mermaid', 'wedding', 'dresses', 'lace', 'applique', 'beads', 'buy1bestwedding', 'dress', 'plus']"
1578816243800342528,The Bargain Hunter,en,"{'retweet_count': 0, 'reply_count': 0, 'like_count': 0, 'quote_count': 0}",2022-10-08T18:35:00.000Z,"MONOPOLY for Nintendo Switch + MONOPOLY Madness - Nintendo Switch, Nintendo Switch Lite is $20.99 https://t.co/VYrfqI9THf 

All Games on Sale https://t.co/AOGdGiOeNW ğŸ™‚

#ad #PS5 #Xbox #Nintendo

10-08-2022 14:34:58",1381352768997367826,['1578816243800342528'],MONOPOLY Nintendo Switch MONOPOLY Madness Nintendo Switch Nintendo Switch Lite 2099 httpstcoVYrfqI9THf Games Sale httpstcoAOGdGiOeNW Xbox Nintendo10082022 143458,"['monopoly', 'nintendo', 'switch', 'monopoly', 'madness', 'nintendo', 'switch', 'nintendo', 'switch', 'lite', '2099', 'httpstcovyrfqi9thf', 'games', 'sale', 'httpstcoaogdgioenw', 'xbox', 'nintendo10082022', '143458']"
1578816071947075585,Media uploads app,en,"{'retweet_count': 0, 'reply_count': 0, 'like_count': 0, 'quote_count': 0}",2022-10-08T18:34:19.000Z,"ğŸ‘‰  ğŸ‘ˆ
Johnny Was Womens 34 Sleeve Tunic Multi Small @buy1_best
#Johnny #Was #Womens #34 #Sleeve #Tunic #Multi #Small #fashion #lifestyle 

Are you ready to be #pretty?! https://t.co/stJ3rC3Otd",1118057594281758720,['1578816071947075585'],Johnny Womens Sleeve Tunic Multi Small buy1bestJohnny Womens Sleeve Tunic Multi Small fashion lifestyle ready pretty httpstcostJ3rC3Otd,"['johnny', 'womens', 'sleeve', 'tunic', 'multi', 'small', 'buy1bestjohnny', 'womens', 'sleeve', 'tunic', 'multi', 'small', 'fashion', 'lifestyle', 'ready', 'pretty', 'httpstcostj3rc3otd']"
1578816036064743425,Twitter Web App,en,"{'retweet_count': 1, 'reply_count': 0, 'like_count': 0, 'quote_count': 0}",2022-10-08T18:34:10.000Z,"Discussing Worlds and Season 2 of HCS! Brought to you by @TMThrustmaster! https://t.co/qKarS1ZFw0 #ad #EswapXProController

https://t.co/CVQsJMh4C4",750054914886434816,['1578816036064743425'],Discussing Worlds Season Brought TMThrustmaster httpstcoqKarS1ZFw0 EswapXProControllerhttpstcoCVQsJMh4C4,"['discussing', 'worlds', 'season', 'brought', 'tmthrustmaster', 'httpstcoqkars1zfw0', 'eswapxprocontrollerhttpstcocvqsjmh4c4']"
1578815622397427712,The Bargain Hunter,en,"{'retweet_count': 0, 'reply_count': 0, 'like_count': 0, 'quote_count': 0}",2022-10-08T18:32:32.000Z,"Death Stranding Directorâ€™s Cut - PlayStation 5 is $46.99 https://t.co/HGydpS43Oc 

All Games on Sale https://t.co/AOGdGiOeNW ğŸ™‚

#ad #PS5 #Xbox #Nintendo

10-08-2022 14:32:30",1381352768997367826,['1578815622397427712'],Death Stranding Directors PlayStation 4699 httpstcoHGydpS43Oc Games Sale httpstcoAOGdGiOeNW Xbox Nintendo10082022 143230,"['death', 'stranding', 'directors', 'playstation', '4699', 'httpstcohgydps43oc', 'games', 'sale', 'httpstcoaogdgioenw', 'xbox', 'nintendo10082022', '143230']"
1578815554298601472,Media uploads app,en,"{'retweet_count': 1, 'reply_count': 0, 'like_count': 1, 'quote_count': 0}",2022-10-08T18:32:15.000Z,"ğŸ‘‰ $150.99 ğŸ‘ˆ
Wedding Dress Plus Size Luxury 2020 Mermaid Wedding Dresses Lace Applique Beads @buy1_best
#Wedding #Dress #Plus #Size #Luxury #2020 #Mermaid #Wedding #fashion #lifestyle 

Are you ready to be #pretty?! https://t.co/uzCk8BT89s",1118057594281758720,['1578815554298601472'],15099 Wedding Dress Plus Size Luxury 2020 Mermaid Wedding Dresses Lace Applique Beads buy1bestWedding Dress Plus Size Luxury 2020 Mermaid Wedding fashion lifestyle ready pretty httpstcouzCk8BT89s,"['15099', 'wedding', 'dress', 'plus', 'size', 'luxury', '2020', 'mermaid', 'wedding', 'dresses', 'lace', 'applique', 'beads', 'buy1bestwedding', 'dress', 'plus', 'size', 'luxury', '2020', 'mermaid', 'wedding', 'fashion', 'lifestyle', 'ready', 'pretty', 'httpstcouzck8bt89s']"
1578815525828063233,Twitter for iPhone,en,"{'retweet_count': 1, 'reply_count': 0, 'like_count': 0, 'quote_count': 0}",2022-10-08T18:32:08.000Z,"RT @EcomBran: https://t.co/3KMCzHdw4B
Portable Car Vacuum Cleaner - Baseus 
#vacuumcleaner #Cars #Car #clean #Vacuum #bestbuy #Gift #Gizmoâ€¦",1502256174296666114,['1578815525828063233'],EcomBran httpstco3KMCzHdw4BPortable Vacuum Cleaner Baseus vacuumcleaner Cars clean Vacuum bestbuy Gift Gizmo,"['ecombran', 'httpstco3kmczhdw4bportable', 'vacuum', 'cleaner', 'baseus', 'vacuumcleaner', 'cars', 'clean', 'vacuum', 'bestbuy', 'gift', 'gizmo']"
1578815424308789248,Twitter for Android,en,"{'retweet_count': 7, 'reply_count': 0, 'like_count': 0, 'quote_count': 0}",2022-10-08T18:31:44.000Z,"RT @toybroreviews: NECA Last Ronin IN STOCK at Best Buy, $32.99

https://t.co/sVDDWy7vIs https://t.co/niBng9W8W9",3038393018,['1578815424308789248'],toybroreviews NECA Last Ronin STOCK Best 3299httpstcosVDDWy7vIs httpstconiBng9W8W9,"['toybroreviews', 'neca', 'last', 'ronin', 'stock', 'best', '3299httpstcosvddwy7vis', 'httpstconibng9w8w9']"
1578815329471385602,Media uploads app,en,"{'retweet_count': 0, 'reply_count': 0, 'like_count': 0, 'quote_count': 0}",2022-10-08T18:31:22.000Z,"ğŸ‘‰  ğŸ‘ˆ
Ramy Brook Womens Mini Netta Dress Rouge 6 @buy1_best
#Ramy #Brook #Womens #Mini #Netta #Dress #Rouge #6 #fashion #lifestyle 

Are you ready to be #pretty?! https://t.co/nkzmlQ6U39",1118057594281758720,['1578815329471385602'],Ramy Brook Womens Mini Netta Dress Rouge buy1bestRamy Brook Womens Mini Netta Dress Rouge fashion lifestyle ready pretty httpstconkzmlQ6U39,"['ramy', 'brook', 'womens', 'mini', 'netta', 'dress', 'rouge', 'buy1bestramy', 'brook', 'womens', 'mini', 'netta', 'dress', 'rouge', 'fashion', 'lifestyle', 'ready', 'pretty', 'httpstconkzmlq6u39']"
1578815243773435905,The Bargain Hunter,en,"{'retweet_count': 0, 'reply_count': 0, 'like_count': 0, 'quote_count': 0}",2022-10-08T18:31:01.000Z,"XBX/XB1 Grand Theft Auto: The Trilogy- The Definitive Edition - Xbox Series X is $29.99 https://t.co/iggpQWCTne 

All Games on Sale https://t.co/AOGdGiOeNW ğŸ™‚

#ad #PS5 #Xbox #Nintendo

10-08-2022 14:30:59",1381352768997367826,['1578815243773435905'],XBXXB1 Grand Theft Auto Trilogy Definitive Edition Xbox Series 2999 httpstcoiggpQWCTne Games Sale httpstcoAOGdGiOeNW Xbox Nintendo10082022 143059,"['xbxxb1', 'grand', 'theft', 'auto', 'trilogy', 'definitive', 'edition', 'xbox', 'series', '2999', 'httpstcoiggpqwctne', 'games', 'sale', 'httpstcoaogdgioenw', 'xbox', 'nintendo10082022', '143059']"
1578815174936788994,Twitter for iPhone,ja,"{'retweet_count': 249, 'reply_count': 0, 'like_count': 0, 'quote_count': 0}",2022-10-08T18:30:45.000Z,"RT @K_BA_LIFE: \
#æ¯æ—¥ç‹å† 2022 æœ€çµ‚äºˆæƒ³ğŸ‡
/
â—‰ã“ã®æ¡ä»¶ã§ã“ãã®ä¸€æŠå›
â—‰åœŸæ›œé¦¬å ´ã‚’è¦‹ã¦ã‚‚ã“ã®é¦¬ã‹ã‚‰
â—‰ã‚¹ãƒ—ãƒªãƒ³ã‚¿ãƒ¼ã‚ºSã§ã‚¸ãƒ£ãƒ³ãƒ€ãƒ«ãƒ æœ¬å‘½8äºº1ç€ï¼
â—‰å…ˆé€±åœŸæ›œBESTBUYã¯7äººæ°—1ç€ï¼

ä»Šé€±ã‚‚é‡è³ã§ãŠè²·ã„å¾—ãªä¸€é ­ã‚«ãƒå½“ã¦ã¾ã™ã€‚

ãƒ•ã‚©ãƒ­ãƒ¼ï¼†RTï¼†ã„â€¦",283522070,['1578815174936788994'],KBALIFE 2022 S81BESTBUY71RT,"['kbalife', '2022', 's81bestbuy71rt']"
1578815138403999744,Media uploads app,en,"{'retweet_count': 0, 'reply_count': 0, 'like_count': 0, 'quote_count': 0}",2022-10-08T18:30:36.000Z,"ğŸ‘‰  ğŸ‘ˆ
Monat Volume System  Revive Volumizing Shampoo Revitalize Conditioner Reshape Root Lifter Bundle @buy1_best
#Monat #Volume #System  #Revive #Volumizing #Shampoo #Revitalize #Conditioner #fashion #lifestyle 

Are you ready to be #pretty?! https://t.co/z7NFBQGOFU",1118057594281758720,['1578815138403999744'],Monat Volume System Revive Volumizing Shampoo Revitalize Conditioner Reshape Root Lifter Bundle buy1bestMonat Volume System Revive Volumizing Shampoo Revitalize Conditioner fashion lifestyle ready pretty httpstcoz7NFBQGOFU,"['monat', 'volume', 'system', 'revive', 'volumizing', 'shampoo', 'revitalize', 'conditioner', 'reshape', 'root', 'lifter', 'bundle', 'buy1bestmonat', 'volume', 'system', 'revive', 'volumizing', 'shampoo', 'revitalize', 'conditioner', 'fashion', 'lifestyle', 'ready', 'pretty', 'httpstcoz7nfbqgofu']"
1578814906039615490,Media uploads app,en,"{'retweet_count': 0, 'reply_count': 0, 'like_count': 0, 'quote_count': 0}",2022-10-08T18:29:41.000Z,"ğŸ‘
 @buy1_best
 #fashion #lifestyle 

Are you ready to be #pretty?! https://t.co/mJdcV72lTm",1118057594281758720,['1578814906039615490'],buy1best fashion lifestyle ready pretty httpstcomJdcV72lTm,"['buy1best', 'fashion', 'lifestyle', 'ready', 'pretty', 'httpstcomjdcv72ltm']"
1578814672920190977,Media uploads app,en,"{'retweet_count': 0, 'reply_count': 0, 'like_count': 0, 'quote_count': 0}",2022-10-08T18:28:45.000Z,"ğŸ‘‰  ğŸ‘ˆ
SheIn Womens 2PCS Swimsuit String Ring Triangle Bikini Solid Wireless Padded Swimwear @buy1_best
#SheIn #Womens #2PCS #Swimsuit #String #Ring #Triangle #Bikini #fashion #lifestyle 

Are you ready to be #pretty?! https://t.co/eb5AYOS3HC",1118057594281758720,['1578814672920190977'],SheIn Womens 2PCS Swimsuit String Ring Triangle Bikini Solid Wireless Padded Swimwear buy1bestSheIn Womens 2PCS Swimsuit String Ring Triangle Bikini fashion lifestyle ready pretty httpstcoeb5AYOS3HC,"['shein', 'womens', '2pcs', 'swimsuit', 'string', 'ring', 'triangle', 'bikini', 'solid', 'wireless', 'padded', 'swimwear', 'buy1bestshein', 'womens', '2pcs', 'swimsuit', 'string', 'ring', 'triangle', 'bikini', 'fashion', 'lifestyle', 'ready', 'pretty', 'httpstcoeb5ayos3hc']"
1578814481638969344,Media uploads app,en,"{'retweet_count': 0, 'reply_count': 0, 'like_count': 1, 'quote_count': 0}",2022-10-08T18:28:00.000Z,"ğŸ‘‰ $27.53 ğŸ‘ˆ
New Clinique Superbalanced Makeup Foundation 1 oz  30 ml 03 Ivory VFN @buy1_best
#New #Clinique #Superbalanced #Makeup #Foundation #1 #oz  #30 #fashion #lifestyle 

Are you ready to be #pretty?! https://t.co/lLGfcjsgNP",1118057594281758720,['1578814481638969344'],2753 Clinique Superbalanced Makeup Foundation Ivory buy1bestNew Clinique Superbalanced Makeup Foundation fashion lifestyle ready pretty httpstcolLGfcjsgNP,"['2753', 'clinique', 'superbalanced', 'makeup', 'foundation', 'ivory', 'buy1bestnew', 'clinique', 'superbalanced', 'makeup', 'foundation', 'fashion', 'lifestyle', 'ready', 'pretty', 'httpstcollgfcjsgnp']"
1578814236599324672,Media uploads app,en,"{'retweet_count': 0, 'reply_count': 0, 'like_count': 0, 'quote_count': 0}",2022-10-08T18:27:01.000Z,"ğŸ‘
 @buy1_best
 #fashion #lifestyle 

Are you ready to be #pretty?! https://t.co/E3ta91Femd",1118057594281758720,['1578814236599324672'],buy1best fashion lifestyle ready pretty httpstcoE3ta91Femd,"['buy1best', 'fashion', 'lifestyle', 'ready', 'pretty', 'httpstcoe3ta91femd']"
1578814051584544769,The Bargain Hunter,en,"{'retweet_count': 0, 'reply_count': 0, 'like_count': 0, 'quote_count': 0}",2022-10-08T18:26:17.000Z,"F1 2022 - Xbox One is $34.99 https://t.co/7884eWbvcW 

All Games on Sale https://t.co/AOGdGiOeNW ğŸ™‚

#ad #PS5 #Xbox #Nintendo

10-08-2022 14:26:15",1381352768997367826,['1578814051584544769'],2022 Xbox 3499 httpstco7884eWbvcW Games Sale httpstcoAOGdGiOeNW Xbox Nintendo10082022 142615,"['2022', 'xbox', '3499', 'httpstco7884ewbvcw', 'games', 'sale', 'httpstcoaogdgioenw', 'xbox', 'nintendo10082022', '142615']"
1578813756574175234,Twitter for Android,en,"{'retweet_count': 0, 'reply_count': 1, 'like_count': 1, 'quote_count': 0}",2022-10-08T18:25:07.000Z,"Usar correo gmail (verificacion)
Use Namso-gen cards (bug)

ğŸ”— ğ—Ÿğ—œğ—¡ğ—: https://t.co/cW2IL4XXJQ",1375595784561954817,['1578813756574175234'],Usar correo gmail verificacionUse Namsogen cards httpstcocW2IL4XXJQ,"['usar', 'correo', 'gmail', 'verificacionuse', 'namsogen', 'cards', 'httpstcocw2il4xxjq']"
1578813709858009089,Twitter for iPhone,en,"{'retweet_count': 0, 'reply_count': 0, 'like_count': 0, 'quote_count': 0}",2022-10-08T18:24:56.000Z,@BestBuySupport @BestBuy @BestBuy THIS is what was in my bag. That lady probably has my MacBook. That store that did this ruined my birthday present for my wife. Can you guys please rectify this? Customer service number puts me on hold.  Iâ€™m so frustrated. https://t.co/odgRty55eO,1263509121292292097,['1578813709858009089'],BestBuySupport BestBuy BestBuy THIS what That lady probably MacBook That store that this ruined birthday present wife guys please rectify this Customer service number puts hold frustrated httpstcoodgRty55eO,"['bestbuysupport', 'bestbuy', 'bestbuy', 'this', 'what', 'that', 'lady', 'probably', 'macbook', 'that', 'store', 'that', 'this', 'ruined', 'birthday', 'present', 'wife', 'guys', 'please', 'rectify', 'this', 'customer', 'service', 'number', 'puts', 'hold', 'frustrated', 'httpstcoodgrty55eo']"
1578813649451642880,Twitter for Android,it,"{'retweet_count': 0, 'reply_count': 1, 'like_count': 4, 'quote_count': 0}",2022-10-08T18:24:41.000Z,"ğŸŸ¨ BIN BESTBUY FREE CODES ğŸŸ¨

ğŸ’³ ğ—•ğ—œğ—¡: 415975001451xxxx
ğŸ“… ğ——ğ—”ğ—§ğ—˜: 12|24
ğŸ’³ ğ—•ğ—œğ—¡: 417848873700xxxx
ğŸ“… ğ——ğ—”ğ—§ğ—˜: 12|26
ğŸ“¥ ğ—–ğ—©ğ—©: RANDOM
ğŸŒ ğ—œğ—£: USA [ğŸ‡ºğŸ‡¸]
ğŸ™ï¸ ğ—­ğ—œğ—£: 10080|10001

ğŸ™ï¸ DIRECCIÃ“N: 
STREET: 2113 Wayside Lane
CITY: New york
STATE: NEW YORK
ZIP: 10080
â¬‡ï¸",1375595784561954817,['1578813649451642880'],BESTBUY FREE CODES 415975001451xxxx 1224 417848873700xxxx 1226 RANDOM 1008010001 DIRECCIN STREET 2113 Wayside LaneCITY yorkSTATE YORKZIP 10080,"['bestbuy', 'free', 'codes', '415975001451xxxx', '1224', '417848873700xxxx', '1226', 'random', '1008010001', 'direccin', 'street', '2113', 'wayside', 'lanecity', 'yorkstate', 'yorkzip', '10080']"
1578813528051679232,Twitter for Android,en,"{'retweet_count': 0, 'reply_count': 0, 'like_count': 0, 'quote_count': 0}",2022-10-08T18:24:12.000Z,@Vol_Football Wish I could watch the game today ğŸ˜ª  got a new 75 inch TV from @BestBuy  and turned it on and the screen was cracked ğŸ™„,2629430511,['1578813528051679232'],VolFootball Wish could watch game today inch from BestBuy turned screen cracked,"['volfootball', 'wish', 'could', 'watch', 'game', 'today', 'inch', 'from', 'bestbuy', 'turned', 'screen', 'cracked']"
1578813476524691456,Twitter for Android,en,"{'retweet_count': 0, 'reply_count': 0, 'like_count': 0, 'quote_count': 0}",2022-10-08T18:24:00.000Z,"Why did you change the location for my pickup order and say that I did it, @BestBuy???",41609015,['1578813476524691456'],change location pickup order that BestBuy,"['change', 'location', 'pickup', 'order', 'that', 'bestbuy']"
1578812838340182016,The Bargain Hunter,en,"{'retweet_count': 0, 'reply_count': 0, 'like_count': 0, 'quote_count': 0}",2022-10-08T18:21:28.000Z,"It Takes Two - Xbox One, Xbox Series X is $19.99 https://t.co/6vYTa62A6u 

All Games on Sale https://t.co/AOGdGiOeNW ğŸ™‚

#ad #PS5 #Xbox #Nintendo

10-08-2022 14:21:26",1381352768997367826,['1578812838340182016'],Takes Xbox Xbox Series 1999 httpstco6vYTa62A6u Games Sale httpstcoAOGdGiOeNW Xbox Nintendo10082022 142126,"['takes', 'xbox', 'xbox', 'series', '1999', 'httpstco6vyta62a6u', 'games', 'sale', 'httpstcoaogdgioenw', 'xbox', 'nintendo10082022', '142126']"
1578812557631967233,Media uploads app,en,"{'retweet_count': 0, 'reply_count': 0, 'like_count': 0, 'quote_count': 0}",2022-10-08T18:20:21.000Z,"ğŸ‘‰  ğŸ‘ˆ
 Love Lemons Alisa Crop Top Green Medium @buy1_best
 #Love #Lemons #Alisa #Crop #Top #Green #Medium #fashion #lifestyle 

Are you ready to be #pretty?! https://t.co/zJfJRfwC23",1118057594281758720,['1578812557631967233'],Love Lemons Alisa Crop Green Medium buy1best Love Lemons Alisa Crop Green Medium fashion lifestyle ready pretty httpstcozJfJRfwC23,"['love', 'lemons', 'alisa', 'crop', 'green', 'medium', 'buy1best', 'love', 'lemons', 'alisa', 'crop', 'green', 'medium', 'fashion', 'lifestyle', 'ready', 'pretty', 'httpstcozjfjrfwc23']"
1578812357857288193,Media uploads app,en,"{'retweet_count': 0, 'reply_count': 0, 'like_count': 0, 'quote_count': 0}",2022-10-08T18:19:33.000Z,"ğŸ‘‰ $150.00 ğŸ‘ˆ
HANRO Womens Juliet Chemise White Small @buy1_best
#HANRO #Womens #Juliet #Chemise #White #Small #fashion #lifestyle 

Are you ready to be #pretty?! https://t.co/O0cmoLZhe2",1118057594281758720,['1578812357857288193'],15000 HANRO Womens Juliet Chemise White Small buy1bestHANRO Womens Juliet Chemise White Small fashion lifestyle ready pretty httpstcoO0cmoLZhe2,"['15000', 'hanro', 'womens', 'juliet', 'chemise', 'white', 'small', 'buy1besthanro', 'womens', 'juliet', 'chemise', 'white', 'small', 'fashion', 'lifestyle', 'ready', 'pretty', 'httpstcoo0cmolzhe2']"
1578812321476001792,The Bargain Hunter,en,"{'retweet_count': 0, 'reply_count': 0, 'like_count': 0, 'quote_count': 0}",2022-10-08T18:19:25.000Z,"Sackboy: A Big Adventure Standard - PlayStation 5 is $46.99 https://t.co/5VvO4iQyxw 

All Games on Sale https://t.co/AOGdGiOeNW ğŸ™‚

#ad #PS5 #Xbox #Nintendo

10-08-2022 14:19:23",1381352768997367826,['1578812321476001792'],Sackboy Adventure Standard PlayStation 4699 httpstco5VvO4iQyxw Games Sale httpstcoAOGdGiOeNW Xbox Nintendo10082022 141923,"['sackboy', 'adventure', 'standard', 'playstation', '4699', 'httpstco5vvo4iqyxw', 'games', 'sale', 'httpstcoaogdgioenw', 'xbox', 'nintendo10082022', '141923']"
1578811853442273282,Twitter for iPhone,en,"{'retweet_count': 0, 'reply_count': 1, 'like_count': 0, 'quote_count': 0}",2022-10-08T18:17:33.000Z,"@Mr__Mitchell__ No.
I had to go into the BestBuy store today and pick up another one.",1381775436527644677,['1578811853442273282'],MrMitchell into BestBuy store today pick another,"['mrmitchell', 'into', 'bestbuy', 'store', 'today', 'pick', 'another']"
1578811750027333639,The Bargain Hunter,en,"{'retweet_count': 0, 'reply_count': 0, 'like_count': 0, 'quote_count': 0}",2022-10-08T18:17:08.000Z,"Sekiro: Shadows Die Twice Game of the Year Game of the Year Edition - PlayStation 4, PlayStation 5 is $43.99 https://t.co/nFxLdORMbO 

All Games on Sale https://t.co/AOGdGiOeNW ğŸ™‚

#ad #PS5 #Xbox #Nintendo

10-08-2022 14:17:06",1381352768997367826,['1578811750027333639'],Sekiro Shadows Twice Game Year Game Year Edition PlayStation PlayStation 4399 httpstconFxLdORMbO Games Sale httpstcoAOGdGiOeNW Xbox Nintendo10082022 141706,"['sekiro', 'shadows', 'twice', 'game', 'year', 'game', 'year', 'edition', 'playstation', 'playstation', '4399', 'httpstconfxldormbo', 'games', 'sale', 'httpstcoaogdgioenw', 'xbox', 'nintendo10082022', '141706']"
1578811203702226944,Media uploads app,en,"{'retweet_count': 0, 'reply_count': 0, 'like_count': 0, 'quote_count': 0}",2022-10-08T18:14:58.000Z,"ğŸ‘‰ $75.00 ğŸ‘ˆ
CliÌ‡niÌ‡cal HaiÌ‡r Keratin Serum 50 Ml Hair Care Serum @buy1_best
#CliÌ‡#niÌ‡#cal #HaiÌ‡#r #Keratin #Serum #50 #fashion #lifestyle 

Are you ready to be #pretty?! https://t.co/I7UM9azTg7",1118057594281758720,['1578811203702226944'],7500 Clinical Hair Keratin Serum Hair Care Serum buy1bestClinical Hair Keratin Serum fashion lifestyle ready pretty httpstcoI7UM9azTg7,"['7500', 'clinical', 'hair', 'keratin', 'serum', 'hair', 'care', 'serum', 'buy1bestclinical', 'hair', 'keratin', 'serum', 'fashion', 'lifestyle', 'ready', 'pretty', 'httpstcoi7um9aztg7']"
1578811044247605248,The Bargain Hunter,en,"{'retweet_count': 0, 'reply_count': 0, 'like_count': 0, 'quote_count': 0}",2022-10-08T18:14:20.000Z,"Watch Dogs: Legion Standard Edition - PlayStation 4, PlayStation 5 is $20.99 https://t.co/lqs8kHx4T3 

All Games on Sale https://t.co/AOGdGiOeNW ğŸ™‚

#ad #PS5 #Xbox #Nintendo

10-08-2022 14:14:18",1381352768997367826,['1578811044247605248'],Watch Dogs Legion Standard Edition PlayStation PlayStation 2099 httpstcolqs8kHx4T3 Games Sale httpstcoAOGdGiOeNW Xbox Nintendo10082022 141418,"['watch', 'dogs', 'legion', 'standard', 'edition', 'playstation', 'playstation', '2099', 'httpstcolqs8khx4t3', 'games', 'sale', 'httpstcoaogdgioenw', 'xbox', 'nintendo10082022', '141418']"
1578810840483958784,Twitter Web App,en,"{'retweet_count': 2, 'reply_count': 0, 'like_count': 0, 'quote_count': 0}",2022-10-08T18:13:31.000Z,"RT @LeBlorstOfGames: Best Buy [$299.99]: Gotham Knights Collectorâ€™s Edition Xbox Series X

ğŸ“¦ğŸ› Online+in stores (locations vary)

ğŸ›’ https://â€¦",1538839668644401152,['1578810840483958784'],LeBlorstOfGames Best 29999 Gotham Knights Collectors Edition Xbox Series Onlinein stores locations vary https,"['leblorstofgames', 'best', '29999', 'gotham', 'knights', 'collectors', 'edition', 'xbox', 'series', 'onlinein', 'stores', 'locations', 'vary', 'https']"
1578810518973939715,The Bargain Hunter,en,"{'retweet_count': 0, 'reply_count': 0, 'like_count': 0, 'quote_count': 0}",2022-10-08T18:12:15.000Z,"F1 2022 - PlayStation 5 is $44.99 https://t.co/3YCoPMJIbJ 

All Games on Sale https://t.co/AOGdGiOeNW ğŸ™‚

#ad #PS5 #Xbox #Nintendo

10-08-2022 14:12:13",1381352768997367826,['1578810518973939715'],2022 PlayStation 4499 httpstco3YCoPMJIbJ Games Sale httpstcoAOGdGiOeNW Xbox Nintendo10082022 141213,"['2022', 'playstation', '4499', 'httpstco3ycopmjibj', 'games', 'sale', 'httpstcoaogdgioenw', 'xbox', 'nintendo10082022', '141213']"
1578810202513559553,Media uploads app,en,"{'retweet_count': 0, 'reply_count': 0, 'like_count': 0, 'quote_count': 0}",2022-10-08T18:10:59.000Z,"ğŸ‘‰ $121.35 ğŸ‘ˆ
Majestic Filatures Womens ViscoseElastane French Terry Turtleneck Dress Aubergine 4 @buy1_best
#Majestic #Filatures #Womens #ViscoseElastane #French #Terry #Turtleneck #Dress #fashion #lifestyle 

Are you ready to be #pretty?! https://t.co/NFP851OCxA",1118057594281758720,['1578810202513559553'],12135 Majestic Filatures Womens ViscoseElastane French Terry Turtleneck Dress Aubergine buy1bestMajestic Filatures Womens ViscoseElastane French Terry Turtleneck Dress fashion lifestyle ready pretty httpstcoNFP851OCxA,"['12135', 'majestic', 'filatures', 'womens', 'viscoseelastane', 'french', 'terry', 'turtleneck', 'dress', 'aubergine', 'buy1bestmajestic', 'filatures', 'womens', 'viscoseelastane', 'french', 'terry', 'turtleneck', 'dress', 'fashion', 'lifestyle', 'ready', 'pretty', 'httpstconfp851ocxa']"
1578809977128464384,Media uploads app,en,"{'retweet_count': 0, 'reply_count': 0, 'like_count': 0, 'quote_count': 0}",2022-10-08T18:10:06.000Z,"ğŸ‘‰  ğŸ‘ˆ
John Hardy 65 mm Classic Chain Small Chain Bracelet Sterling Silver LG @buy1_best
#John #Hardy #65 #mm #Classic #Chain #Small #Chain #fashion #lifestyle 

Are you ready to be #pretty?! https://t.co/KmPkyPpaMF",1118057594281758720,['1578809977128464384'],John Hardy Classic Chain Small Chain Bracelet Sterling Silver buy1bestJohn Hardy Classic Chain Small Chain fashion lifestyle ready pretty httpstcoKmPkyPpaMF,"['john', 'hardy', 'classic', 'chain', 'small', 'chain', 'bracelet', 'sterling', 'silver', 'buy1bestjohn', 'hardy', 'classic', 'chain', 'small', 'chain', 'fashion', 'lifestyle', 'ready', 'pretty', 'httpstcokmpkyppamf']"
1578809760781959168,Media uploads app,en,"{'retweet_count': 0, 'reply_count': 0, 'like_count': 0, 'quote_count': 0}",2022-10-08T18:09:14.000Z,"ğŸ‘‰ $92.26 ğŸ‘ˆ
SL Fashions Womens Jewel Neck Sheath Dress Steel 14 @buy1_best
#SL #Fashions #Womens #Jewel #Neck #Sheath #Dress #Steel #fashion #lifestyle 

Are you ready to be #pretty?! https://t.co/yXdRVEsImq",1118057594281758720,['1578809760781959168'],9226 Fashions Womens Jewel Neck Sheath Dress Steel buy1bestSL Fashions Womens Jewel Neck Sheath Dress Steel fashion lifestyle ready pretty httpstcoyXdRVEsImq,"['9226', 'fashions', 'womens', 'jewel', 'neck', 'sheath', 'dress', 'steel', 'buy1bestsl', 'fashions', 'womens', 'jewel', 'neck', 'sheath', 'dress', 'steel', 'fashion', 'lifestyle', 'ready', 'pretty', 'httpstcoyxdrvesimq']"
1578809427485933568,The Bargain Hunter,en,"{'retweet_count': 0, 'reply_count': 0, 'like_count': 0, 'quote_count': 0}",2022-10-08T18:07:55.000Z,"Need for Speed Heat Standard Edition - PlayStation 4, PlayStation 5 is $17.99 https://t.co/eKUISyRuA8 

All Games on Sale https://t.co/AOGdGiOeNW ğŸ™‚

#ad #PS5 #Xbox #Nintendo

10-08-2022 14:07:53",1381352768997367826,['1578809427485933568'],Need Speed Heat Standard Edition PlayStation PlayStation 1799 httpstcoeKUISyRuA8 Games Sale httpstcoAOGdGiOeNW Xbox Nintendo10082022 140753,"['need', 'speed', 'heat', 'standard', 'edition', 'playstation', 'playstation', '1799', 'httpstcoekuisyrua8', 'games', 'sale', 'httpstcoaogdgioenw', 'xbox', 'nintendo10082022', '140753']"
1578809187588395008,Media uploads app,en,"{'retweet_count': 0, 'reply_count': 0, 'like_count': 0, 'quote_count': 0}",2022-10-08T18:06:57.000Z,"ğŸ‘‰  ğŸ‘ˆ
Misa Womens Kara Dress Falling Flora Satin Red Floral L @buy1_best
#Misa #Womens #Kara #Dress #Falling #Flora #Satin #Red #fashion #lifestyle 

Are you ready to be #pretty?! https://t.co/BAW7uDuo7F",1118057594281758720,['1578809187588395008'],Misa Womens Kara Dress Falling Flora Satin Floral buy1bestMisa Womens Kara Dress Falling Flora Satin fashion lifestyle ready pretty httpstcoBAW7uDuo7F,"['misa', 'womens', 'kara', 'dress', 'falling', 'flora', 'satin', 'floral', 'buy1bestmisa', 'womens', 'kara', 'dress', 'falling', 'flora', 'satin', 'fashion', 'lifestyle', 'ready', 'pretty', 'httpstcobaw7uduo7f']"
1578808959162466304,Media uploads app,en,"{'retweet_count': 0, 'reply_count': 0, 'like_count': 0, 'quote_count': 0}",2022-10-08T18:06:03.000Z,"ğŸ‘‰  ğŸ‘ˆ
Amanda Uprichard Womens Saffron Dress Scarlet Red M @buy1_best
#Amanda #Uprichard #Womens #Saffron #Dress #Scarlet #Red #M #fashion #lifestyle 

Are you ready to be #pretty?! https://t.co/mpS9Cv5AlW",1118057594281758720,['1578808959162466304'],Amanda Uprichard Womens Saffron Dress Scarlet buy1bestAmanda Uprichard Womens Saffron Dress Scarlet fashion lifestyle ready pretty httpstcompS9Cv5AlW,"['amanda', 'uprichard', 'womens', 'saffron', 'dress', 'scarlet', 'buy1bestamanda', 'uprichard', 'womens', 'saffron', 'dress', 'scarlet', 'fashion', 'lifestyle', 'ready', 'pretty', 'httpstcomps9cv5alw']"
1578808896076271616,Twitter Web App,en,"{'retweet_count': 5, 'reply_count': 0, 'like_count': 0, 'quote_count': 0}",2022-10-08T18:05:48.000Z,"RT @buy1_best: ğŸ‘‰ $58.96 ğŸ‘ˆ
Michael Kors Womens Jet Travel Dbl Zip Wristlet No Size Luggage @buy1_best
#Michael #Kors #Womens #Jet #Travel #Dâ€¦",1537293172841365504,['1578808896076271616'],buy1best 5896 Michael Kors Womens Travel Wristlet Size Luggage buy1bestMichael Kors Womens Travel,"['buy1best', '5896', 'michael', 'kors', 'womens', 'travel', 'wristlet', 'size', 'luggage', 'buy1bestmichael', 'kors', 'womens', 'travel']"
1578808734423425026,The Bargain Hunter,en,"{'retweet_count': 0, 'reply_count': 0, 'like_count': 0, 'quote_count': 0}",2022-10-08T18:05:09.000Z,"PGA Tour 2K21 Standard Edition - PlayStation 4, PlayStation 5 is $16.99 https://t.co/X1ENPrgSAY 

All Games on Sale https://t.co/AOGdGiOeNW ğŸ™‚

#ad #PS5 #Xbox #Nintendo

10-08-2022 14:05:07",1381352768997367826,['1578808734423425026'],Tour 2K21 Standard Edition PlayStation PlayStation 1699 httpstcoX1ENPrgSAY Games Sale httpstcoAOGdGiOeNW Xbox Nintendo10082022 140507,"['tour', '2k21', 'standard', 'edition', 'playstation', 'playstation', '1699', 'httpstcox1enprgsay', 'games', 'sale', 'httpstcoaogdgioenw', 'xbox', 'nintendo10082022', '140507']"
1578807983206985728,Twitter for iPhone,en,"{'retweet_count': 0, 'reply_count': 0, 'like_count': 0, 'quote_count': 0}",2022-10-08T18:02:10.000Z,"@BestBuy Youâ€™re code that Lucy, The Daughter Of The Devil DVD from 2010 is now impossibly rare and never been found to me to catch it with new extras Iâ€™ll never get to see.ğŸ‘§ğŸ»ğŸ˜ˆğŸ“€",1416852950023081986,['1578807983206985728'],BestBuy Youre code that Lucy Daughter Devil from 2010 impossibly rare never been found catch with extras never,"['bestbuy', 'youre', 'code', 'that', 'lucy', 'daughter', 'devil', 'from', '2010', 'impossibly', 'rare', 'never', 'been', 'found', 'catch', 'with', 'extras', 'never']"
1578807781288808450,The Bargain Hunter,en,"{'retweet_count': 0, 'reply_count': 0, 'like_count': 0, 'quote_count': 0}",2022-10-08T18:01:22.000Z,"Mass Effect Legendary Edition - PlayStation 4, PlayStation 5 is $24.99 https://t.co/aYKTjfaBlp 

All Games on Sale https://t.co/AOGdGiOeNW ğŸ™‚

#ad #PS5 #Xbox #Nintendo

10-08-2022 14:01:20",1381352768997367826,['1578807781288808450'],Mass Effect Legendary Edition PlayStation PlayStation 2499 httpstcoaYKTjfaBlp Games Sale httpstcoAOGdGiOeNW Xbox Nintendo10082022 140120,"['mass', 'effect', 'legendary', 'edition', 'playstation', 'playstation', '2499', 'httpstcoayktjfablp', 'games', 'sale', 'httpstcoaogdgioenw', 'xbox', 'nintendo10082022', '140120']"
1578807722757136384,Media uploads app,en,"{'retweet_count': 0, 'reply_count': 0, 'like_count': 0, 'quote_count': 0}",2022-10-08T18:01:08.000Z,"ğŸ‘‰ $32.99 ğŸ‘ˆ
Actloe Women Swimsuits One  Bathing Suits Modest Swimdress Push Up Tummy Control @buy1_best
#Actloe #Women #Swimsuits #One  #Bathing #Suits #Modest #Swimdress #fashion #lifestyle 

Are you ready to be #pretty?! https://t.co/4izChtqW2d",1118057594281758720,['1578807722757136384'],3299 Actloe Women Swimsuits Bathing Suits Modest Swimdress Push Tummy Control buy1bestActloe Women Swimsuits Bathing Suits Modest Swimdress fashion lifestyle ready pretty httpstco4izChtqW2d,"['3299', 'actloe', 'women', 'swimsuits', 'bathing', 'suits', 'modest', 'swimdress', 'push', 'tummy', 'control', 'buy1bestactloe', 'women', 'swimsuits', 'bathing', 'suits', 'modest', 'swimdress', 'fashion', 'lifestyle', 'ready', 'pretty', 'httpstco4izchtqw2d']"
1578807700988698625,Twitter for iPhone,en,"{'retweet_count': 0, 'reply_count': 0, 'like_count': 0, 'quote_count': 0}",2022-10-08T18:01:03.000Z,"@BestBuy Lessssss goo 

Best Buy representin",897289213690949632,['1578807700988698625'],BestBuy Lessssss Best representin,"['bestbuy', 'lessssss', 'best', 'representin']"
1578807696907608064,Twitter for Android,en,"{'retweet_count': 0, 'reply_count': 1, 'like_count': 1, 'quote_count': 0}",2022-10-08T18:01:02.000Z,@TheodoreArtist @cronos_chain @tofuNFT @garyvee Call up the @BestBuy @GeekSquad because I don't know that nerd shit.,1518263287208574978,['1578807696907608064'],TheodoreArtist cronoschain tofuNFT garyvee Call BestBuy GeekSquad because dont know that nerd shit,"['theodoreartist', 'cronoschain', 'tofunft', 'garyvee', 'call', 'bestbuy', 'geeksquad', 'because', 'dont', 'know', 'that', 'nerd', 'shit']"
1578807648816095232,Twitter for iPhone,qme,"{'retweet_count': 0, 'reply_count': 0, 'like_count': 0, 'quote_count': 0}",2022-10-08T18:00:50.000Z,@BestBuy https://t.co/oGT0TTFlND,1282468768657154048,['1578807648816095232'],BestBuy httpstcooGT0TTFlND,"['bestbuy', 'httpstcoogt0ttflnd']"
1578807597817565184,Twitter for iPhone,en,"{'retweet_count': 0, 'reply_count': 0, 'like_count': 0, 'quote_count': 0}",2022-10-08T18:00:38.000Z,@BestBuy Thatâ€™s very great,2171003965,['1578807597817565184'],BestBuy Thats very great,"['bestbuy', 'thats', 'very', 'great']"
1578807547867279360,MeetEdgar,en,"{'retweet_count': 0, 'reply_count': 0, 'like_count': 1, 'quote_count': 1}",2022-10-08T18:00:26.000Z,"Preorder the NEW Google Pixel 7 Pro PLUS get a FREE $200 BestBuy Gift Card! 

https://t.co/6pH6BcJWK1

*CAN CANCEL PREORDER AT ANY TIME*

*HUGE Trade in Promos, Verizon offering $700 with an iPhone 7 or newer when you start or upgrade your line! Info --&gt; https://t.co/Imr8vhNcy0 https://t.co/3CLcWoD03y",2360121187,['1578807547867279360'],Preorder Google Pixel PLUS FREE BestBuy Gift Card httpstco6pH6BcJWK1CAN CANCEL PREORDER TIMEHUGE Trade Promos Verizon offering with iPhone newer when start upgrade your line Info httpstcoImr8vhNcy0 httpstco3CLcWoD03y,"['preorder', 'google', 'pixel', 'plus', 'free', 'bestbuy', 'gift', 'card', 'httpstco6ph6bcjwk1can', 'cancel', 'preorder', 'timehuge', 'trade', 'promos', 'verizon', 'offering', 'with', 'iphone', 'newer', 'when', 'start', 'upgrade', 'your', 'line', 'info', 'httpstcoimr8vhncy0', 'httpstco3clcwod03y']"
1578807520520732673,Twitter,en,"{'retweet_count': 0, 'reply_count': 0, 'like_count': 0, 'quote_count': 0}",2022-10-08T18:00:20.000Z,"[$11.99]
Funko - POP Movies: Justice League - Superman
#funko #funkopop #justiceleague
Source: Best Buy checker
Reason: Add to Cart button

ğŸ›’: https://t.co/DMmcGcgMSa

01:59:49.2810 PM EDT #Ad

https://t.co/8R0BVI3DB7",1447877070588157961,['1578807520520732673'],1199Funko Movies Justice League Supermanfunko funkopop justiceleagueSource Best checkerReason Cart button httpstcoDMmcGcgMSa0159492810 Adhttpstco8R0BVI3DB7,"['1199funko', 'movies', 'justice', 'league', 'supermanfunko', 'funkopop', 'justiceleaguesource', 'best', 'checkerreason', 'cart', 'button', 'httpstcodmmcgcgmsa0159492810', 'adhttpstco8r0bvi3db7']"
1578807489369231360,Media uploads app,en,"{'retweet_count': 0, 'reply_count': 0, 'like_count': 0, 'quote_count': 0}",2022-10-08T18:00:12.000Z,"ğŸ‘‰ $139.00 ğŸ‘ˆ
Alex Evenings womens Ruched Collar Blouse Dress Shirt New Black Velvet Large @buy1_best
#Alex #Evenings #womens #Ruched #Collar #Blouse #Dress #Shirt #fashion #lifestyle 

Are you ready to be #pretty?! https://t.co/Wo6LL5c2Wd",1118057594281758720,['1578807489369231360'],13900 Alex Evenings womens Ruched Collar Blouse Dress Shirt Black Velvet Large buy1bestAlex Evenings womens Ruched Collar Blouse Dress Shirt fashion lifestyle ready pretty httpstcoWo6LL5c2Wd,"['13900', 'alex', 'evenings', 'womens', 'ruched', 'collar', 'blouse', 'dress', 'shirt', 'black', 'velvet', 'large', 'buy1bestalex', 'evenings', 'womens', 'ruched', 'collar', 'blouse', 'dress', 'shirt', 'fashion', 'lifestyle', 'ready', 'pretty', 'httpstcowo6ll5c2wd']"
1578807313531817985,Twitter for Android,en,"{'retweet_count': 0, 'reply_count': 0, 'like_count': 0, 'quote_count': 0}",2022-10-08T17:59:31.000Z,Some new Videography Stabilizers to the Collection Joby Gorilla 3k and Joby Gorilla Mini.  @jobyinc 10/7/2022 @BestBuy @BestBuy_Deals @bhphoto https://t.co/OVBVRls7w4,1323052333220143104,['1578807313531817985'],Some Videography Stabilizers Collection Joby Gorilla Joby Gorilla Mini jobyinc 1072022 BestBuy BestBuyDeals bhphoto httpstcoOVBVRls7w4,"['some', 'videography', 'stabilizers', 'collection', 'joby', 'gorilla', 'joby', 'gorilla', 'mini', 'jobyinc', '1072022', 'bestbuy', 'bestbuydeals', 'bhphoto', 'httpstcoovbvrls7w4']"
1578807219679698944,Twitter Web App,en,"{'retweet_count': 1, 'reply_count': 0, 'like_count': 0, 'quote_count': 0}",2022-10-08T17:59:08.000Z,RT @timmaay: Wanted to buy a phone today @BestBuy and they wouldn't let me. The guy at the door insisted I wait 30 mins to speak to a salesâ€¦,128347448,['1578807219679698944'],timmaay Wanted phone today BestBuy they wouldnt door insisted wait mins speak sales,"['timmaay', 'wanted', 'phone', 'today', 'bestbuy', 'they', 'wouldnt', 'door', 'insisted', 'wait', 'mins', 'speak', 'sales']"
1578807171969687554,The Bargain Hunter,en,"{'retweet_count': 0, 'reply_count': 0, 'like_count': 0, 'quote_count': 0}",2022-10-08T17:58:57.000Z,"Just Dance 2022 - PlayStation 4, PlayStation 5 is $19.99 https://t.co/lVROikc7b0 

All Games on Sale https://t.co/AOGdGiOeNW ğŸ™‚

#ad #PS5 #Xbox #Nintendo

10-08-2022 13:58:55",1381352768997367826,['1578807171969687554'],Just Dance 2022 PlayStation PlayStation 1999 httpstcolVROikc7b0 Games Sale httpstcoAOGdGiOeNW Xbox Nintendo10082022 135855,"['just', 'dance', '2022', 'playstation', 'playstation', '1999', 'httpstcolvroikc7b0', 'games', 'sale', 'httpstcoaogdgioenw', 'xbox', 'nintendo10082022', '135855']"
1578806854360055808,Twitter for iPhone,ja,"{'retweet_count': 249, 'reply_count': 0, 'like_count': 0, 'quote_count': 0}",2022-10-08T17:57:41.000Z,"RT @K_BA_LIFE: \
#æ¯æ—¥ç‹å† 2022 æœ€çµ‚äºˆæƒ³ğŸ‡
/
â—‰ã“ã®æ¡ä»¶ã§ã“ãã®ä¸€æŠå›
â—‰åœŸæ›œé¦¬å ´ã‚’è¦‹ã¦ã‚‚ã“ã®é¦¬ã‹ã‚‰
â—‰ã‚¹ãƒ—ãƒªãƒ³ã‚¿ãƒ¼ã‚ºSã§ã‚¸ãƒ£ãƒ³ãƒ€ãƒ«ãƒ æœ¬å‘½8äºº1ç€ï¼
â—‰å…ˆé€±åœŸæ›œBESTBUYã¯7äººæ°—1ç€ï¼

ä»Šé€±ã‚‚é‡è³ã§ãŠè²·ã„å¾—ãªä¸€é ­ã‚«ãƒå½“ã¦ã¾ã™ã€‚

ãƒ•ã‚©ãƒ­ãƒ¼ï¼†RTï¼†ã„â€¦",4723384454,['1578806854360055808'],KBALIFE 2022 S81BESTBUY71RT,"['kbalife', '2022', 's81bestbuy71rt']"
1578806591465267200,Media uploads app,en,"{'retweet_count': 0, 'reply_count': 0, 'like_count': 0, 'quote_count': 0}",2022-10-08T17:56:38.000Z,"ğŸ‘
 @buy1_best
 #fashion #lifestyle 

Are you ready to be #pretty?! https://t.co/t0f4ZccIPr",1118057594281758720,['1578806591465267200'],buy1best fashion lifestyle ready pretty httpstcot0f4ZccIPr,"['buy1best', 'fashion', 'lifestyle', 'ready', 'pretty', 'httpstcot0f4zccipr']"
1578806508309151746,The Bargain Hunter,en,"{'retweet_count': 0, 'reply_count': 0, 'like_count': 0, 'quote_count': 0}",2022-10-08T17:56:19.000Z,"Battlefield 2042 - Xbox One is $19.99 https://t.co/kC7tcKavcP 

All Games on Sale https://t.co/AOGdGiOeNW ğŸ™‚

#ad #PS5 #Xbox #Nintendo

10-08-2022 13:56:17",1381352768997367826,['1578806508309151746'],Battlefield 2042 Xbox 1999 httpstcokC7tcKavcP Games Sale httpstcoAOGdGiOeNW Xbox Nintendo10082022 135617,"['battlefield', '2042', 'xbox', '1999', 'httpstcokc7tckavcp', 'games', 'sale', 'httpstcoaogdgioenw', 'xbox', 'nintendo10082022', '135617']"
1578806376000032768,Twitter for iPhone,ja,"{'retweet_count': 249, 'reply_count': 0, 'like_count': 0, 'quote_count': 0}",2022-10-08T17:55:47.000Z,"RT @K_BA_LIFE: \
#æ¯æ—¥ç‹å† 2022 æœ€çµ‚äºˆæƒ³ğŸ‡
/
â—‰ã“ã®æ¡ä»¶ã§ã“ãã®ä¸€æŠå›
â—‰åœŸæ›œé¦¬å ´ã‚’è¦‹ã¦ã‚‚ã“ã®é¦¬ã‹ã‚‰
â—‰ã‚¹ãƒ—ãƒªãƒ³ã‚¿ãƒ¼ã‚ºSã§ã‚¸ãƒ£ãƒ³ãƒ€ãƒ«ãƒ æœ¬å‘½8äºº1ç€ï¼
â—‰å…ˆé€±åœŸæ›œBESTBUYã¯7äººæ°—1ç€ï¼

ä»Šé€±ã‚‚é‡è³ã§ãŠè²·ã„å¾—ãªä¸€é ­ã‚«ãƒå½“ã¦ã¾ã™ã€‚

ãƒ•ã‚©ãƒ­ãƒ¼ï¼†RTï¼†ã„â€¦",992779685523214338,['1578806376000032768'],KBALIFE 2022 S81BESTBUY71RT,"['kbalife', '2022', 's81bestbuy71rt']"
1578806346136268800,Media uploads app,en,"{'retweet_count': 0, 'reply_count': 0, 'like_count': 0, 'quote_count': 0}",2022-10-08T17:55:40.000Z,"ğŸ‘‰ $49.88 ğŸ‘ˆ
Shiseido Hair Care Fuente te Treatment Scalp 85 Ounce @buy1_best
#Shiseido #Hair #Care #Fuente #te #Treatment #Scalp #85 #fashion #lifestyle 

Are you ready to be #pretty?! https://t.co/EC38JlE8KA",1118057594281758720,['1578806346136268800'],4988 Shiseido Hair Care Fuente Treatment Scalp Ounce buy1bestShiseido Hair Care Fuente Treatment Scalp fashion lifestyle ready pretty httpstcoEC38JlE8KA,"['4988', 'shiseido', 'hair', 'care', 'fuente', 'treatment', 'scalp', 'ounce', 'buy1bestshiseido', 'hair', 'care', 'fuente', 'treatment', 'scalp', 'fashion', 'lifestyle', 'ready', 'pretty', 'httpstcoec38jle8ka']"
1578806129718530048,Media uploads app,en,"{'retweet_count': 0, 'reply_count': 0, 'like_count': 0, 'quote_count': 0}",2022-10-08T17:54:48.000Z,"ğŸ‘‰ $178.00 ğŸ‘ˆ
Dress Population womens Bailey Off Shoulder Sweetheart Bodycon Midi Sheath Dress Rouge @buy1_best
#Dress #Population #womens #Bailey #Off #Shoulder #Sweetheart #Bodycon #fashion #lifestyle 

Are you ready to be #pretty?! https://t.co/GTu0XZndwZ",1118057594281758720,['1578806129718530048'],17800 Dress Population womens Bailey Shoulder Sweetheart Bodycon Midi Sheath Dress Rouge buy1bestDress Population womens Bailey Shoulder Sweetheart Bodycon fashion lifestyle ready pretty httpstcoGTu0XZndwZ,"['17800', 'dress', 'population', 'womens', 'bailey', 'shoulder', 'sweetheart', 'bodycon', 'midi', 'sheath', 'dress', 'rouge', 'buy1bestdress', 'population', 'womens', 'bailey', 'shoulder', 'sweetheart', 'bodycon', 'fashion', 'lifestyle', 'ready', 'pretty', 'httpstcogtu0xzndwz']"
1578806070004559872,Twitter for iPhone,en,"{'retweet_count': 1, 'reply_count': 0, 'like_count': 0, 'quote_count': 0}",2022-10-08T17:54:34.000Z,"RT @TargetRestock: Sony - PlayStation 5 - DualSense Wireless Controller - God of War RagnarÃ¶k 

Shows available for pre-order at BestBuy. #â€¦",1306764045257789440,['1578806070004559872'],TargetRestock Sony PlayStation DualSense Wireless Controller Ragnark Shows available preorder BestBuy,"['targetrestock', 'sony', 'playstation', 'dualsense', 'wireless', 'controller', 'ragnark', 'shows', 'available', 'preorder', 'bestbuy']"
1578806020662509568,The Bargain Hunter,en,"{'retweet_count': 0, 'reply_count': 0, 'like_count': 0, 'quote_count': 0}",2022-10-08T17:54:22.000Z,"Among Us Crewmate Edition - Nintendo Switch is $25.99 https://t.co/t4GUc7GXI0 

All Games on Sale https://t.co/AOGdGiOeNW ğŸ™‚

#ad #PS5 #Xbox #Nintendo

10-08-2022 13:54:20",1381352768997367826,['1578806020662509568'],Among Crewmate Edition Nintendo Switch 2599 httpstcot4GUc7GXI0 Games Sale httpstcoAOGdGiOeNW Xbox Nintendo10082022 135420,"['among', 'crewmate', 'edition', 'nintendo', 'switch', '2599', 'httpstcot4guc7gxi0', 'games', 'sale', 'httpstcoaogdgioenw', 'xbox', 'nintendo10082022', '135420']"
1578805613731393536,Twitter,en,"{'retweet_count': 0, 'reply_count': 0, 'like_count': 0, 'quote_count': 0}",2022-10-08T17:52:45.000Z,"[$17.99]
LEGO - Star Wars Trouble on Tatooine 75299
#lego #starwars #troubleonTatooine
Source: Best Buy checker
Reason: Add to Cart button

ğŸ›’: https://t.co/9g6WPtdtwA

01:51:42.4790 PM EDT #Ad

https://t.co/fDHMNveh6f",1342919737358110720,['1578805613731393536'],1799LEGO Star Wars Trouble Tatooine 75299lego starwars troubleonTatooineSource Best checkerReason Cart button httpstco9g6WPtdtwA0151424790 AdhttpstcofDHMNveh6f,"['1799lego', 'star', 'wars', 'trouble', 'tatooine', '75299lego', 'starwars', 'troubleontatooinesource', 'best', 'checkerreason', 'cart', 'button', 'httpstco9g6wptdtwa0151424790', 'adhttpstcofdhmnveh6f']"
1578805147249131521,The Bargain Hunter,en,"{'retweet_count': 0, 'reply_count': 0, 'like_count': 0, 'quote_count': 0}",2022-10-08T17:50:54.000Z,"Far Cry 6 Standard Edition - PlayStation 5 is $52.99 https://t.co/EjG3R0b1LS 

All Games on Sale https://t.co/AOGdGiOeNW ğŸ™‚

#ad #PS5 #Xbox #Nintendo

10-08-2022 13:50:52",1381352768997367826,['1578805147249131521'],Standard Edition PlayStation 5299 httpstcoEjG3R0b1LS Games Sale httpstcoAOGdGiOeNW Xbox Nintendo10082022 135052,"['standard', 'edition', 'playstation', '5299', 'httpstcoejg3r0b1ls', 'games', 'sale', 'httpstcoaogdgioenw', 'xbox', 'nintendo10082022', '135052']"
1578804726812086275,The Bargain Hunter,en,"{'retweet_count': 0, 'reply_count': 0, 'like_count': 0, 'quote_count': 0}",2022-10-08T17:49:14.000Z,"Call of Duty Vanguard - Xbox Series X is $49.99 https://t.co/WVa3jmLiqH 

All Games on Sale https://t.co/AOGdGiOeNW ğŸ™‚

#ad #PS5 #Xbox #Nintendo

10-08-2022 13:49:12",1381352768997367826,['1578804726812086275'],Call Duty Vanguard Xbox Series 4999 httpstcoWVa3jmLiqH Games Sale httpstcoAOGdGiOeNW Xbox Nintendo10082022 134912,"['call', 'duty', 'vanguard', 'xbox', 'series', '4999', 'httpstcowva3jmliqh', 'games', 'sale', 'httpstcoaogdgioenw', 'xbox', 'nintendo10082022', '134912']"
1578804541843132417,Twitter for iPhone,en,"{'retweet_count': 389, 'reply_count': 0, 'like_count': 0, 'quote_count': 0}",2022-10-08T17:48:30.000Z,RT @PublicSexGay: FEDEX meets BESTBUY https://t.co/PztRZeZX8F,1451340381270937610,['1578804541843132417'],PublicSexGay FEDEX meets BESTBUY httpstcoPztRZeZX8F,"['publicsexgay', 'fedex', 'meets', 'bestbuy', 'httpstcopztrzezx8f']"
1578804272757723136,The Bargain Hunter,en,"{'retweet_count': 0, 'reply_count': 0, 'like_count': 0, 'quote_count': 0}",2022-10-08T17:47:26.000Z,"Paper Mario: The Origami King - Nintendo Switch, Nintendo Switch Lite is $41.99 https://t.co/Loiq1B6KmR 

All Games on Sale https://t.co/AOGdGiOeNW ğŸ™‚

#ad #PS5 #Xbox #Nintendo

10-08-2022 13:47:24",1381352768997367826,['1578804272757723136'],Paper Mario Origami King Nintendo Switch Nintendo Switch Lite 4199 httpstcoLoiq1B6KmR Games Sale httpstcoAOGdGiOeNW Xbox Nintendo10082022 134724,"['paper', 'mario', 'origami', 'king', 'nintendo', 'switch', 'nintendo', 'switch', 'lite', '4199', 'httpstcoloiq1b6kmr', 'games', 'sale', 'httpstcoaogdgioenw', 'xbox', 'nintendo10082022', '134724']"
1578804227555852288,Twitter Web App,en,"{'retweet_count': 0, 'reply_count': 3, 'like_count': 3, 'quote_count': 0}",2022-10-08T17:47:15.000Z,@CollinKwok @ogcryptofarmer @joinvalhalla can you use this: https://t.co/qFZemcb3P9,826217765849616385,['1578804227555852288'],CollinKwok ogcryptofarmer joinvalhalla this httpstcoqFZemcb3P9,"['collinkwok', 'ogcryptofarmer', 'joinvalhalla', 'this', 'httpstcoqfzemcb3p9']"
1578803983304384512,Twitter for iPhone,et,"{'retweet_count': 0, 'reply_count': 1, 'like_count': 0, 'quote_count': 0}",2022-10-08T17:46:17.000Z,@MUSIKMENFESS Bestbuy gw bulan laluu https://t.co/4ZSyzRQND0,1261032113173716992,['1578803983304384512'],MUSIKMENFESS Bestbuy bulan laluu httpstco4ZSyzRQND0,"['musikmenfess', 'bestbuy', 'bulan', 'laluu', 'httpstco4zsyzrqnd0']"
1578803945128202240,Twitter for iPhone,en,"{'retweet_count': 0, 'reply_count': 0, 'like_count': 0, 'quote_count': 0}",2022-10-08T17:46:07.000Z,@BestBuy @BestBuySupport yâ€™all have provided one of the worst customer experiences Iâ€™ve ever had! So disappointed!,35039698,['1578803945128202240'],BestBuy BestBuySupport yall have provided worst customer experiences ever disappointed,"['bestbuy', 'bestbuysupport', 'yall', 'have', 'provided', 'worst', 'customer', 'experiences', 'ever', 'disappointed']"
1578803470508883970,The Bargain Hunter,en,"{'retweet_count': 0, 'reply_count': 0, 'like_count': 0, 'quote_count': 0}",2022-10-08T17:44:14.000Z,"Super Mario Maker 2 - Nintendo Switch is $52.99 https://t.co/cwoZOXr78v 

All Games on Sale https://t.co/AOGdGiOeNW ğŸ™‚

#ad #PS5 #Xbox #Nintendo

10-08-2022 13:44:12",1381352768997367826,['1578803470508883970'],Super Mario Maker Nintendo Switch 5299 httpstcocwoZOXr78v Games Sale httpstcoAOGdGiOeNW Xbox Nintendo10082022 134412,"['super', 'mario', 'maker', 'nintendo', 'switch', '5299', 'httpstcocwozoxr78v', 'games', 'sale', 'httpstcoaogdgioenw', 'xbox', 'nintendo10082022', '134412']"
1578802831733428225,Twitter for iPhone,en,"{'retweet_count': 0, 'reply_count': 0, 'like_count': 1, 'quote_count': 0}",2022-10-08T17:41:42.000Z,@SoKRISPY326 @GameStop Great that they did this but you could always price match with bestbuy at $3.99,3042488780,['1578802831733428225'],SoKRISPY326 GameStop Great that they this could always price match with bestbuy,"['sokrispy326', 'gamestop', 'great', 'that', 'they', 'this', 'could', 'always', 'price', 'match', 'with', 'bestbuy']"
1578802800586129408,Media uploads app,en,"{'retweet_count': 0, 'reply_count': 0, 'like_count': 0, 'quote_count': 0}",2022-10-08T17:41:35.000Z,"ğŸ‘‰  ğŸ‘ˆ
Calvin Klein Womens Sleeveless Dress with Overlay Black Floral Print Medium @buy1_best
#Calvin #Klein #Womens #Sleeveless #Dress #with #Overlay #Black #fashion #lifestyle 

Are you ready to be #pretty?! https://t.co/nHE6igrcjn",1118057594281758720,['1578802800586129408'],Calvin Klein Womens Sleeveless Dress with Overlay Black Floral Print Medium buy1bestCalvin Klein Womens Sleeveless Dress with Overlay Black fashion lifestyle ready pretty httpstconHE6igrcjn,"['calvin', 'klein', 'womens', 'sleeveless', 'dress', 'with', 'overlay', 'black', 'floral', 'print', 'medium', 'buy1bestcalvin', 'klein', 'womens', 'sleeveless', 'dress', 'with', 'overlay', 'black', 'fashion', 'lifestyle', 'ready', 'pretty', 'httpstconhe6igrcjn']"
1578802664825294848,Twitter for Android,en,"{'retweet_count': 21, 'reply_count': 0, 'like_count': 0, 'quote_count': 0}",2022-10-08T17:41:02.000Z,"RT @preterniadotcom: NECA Teenage Mutant Ninja Turtles The Last Ronin is in stock at Best Buy ($32.99) - https://t.co/m9joz4B5tD #ad 

Thanâ€¦",18268138,['1578802664825294848'],preterniadotcom NECA Teenage Mutant Ninja Turtles Last Ronin stock Best 3299 httpstcom9joz4B5tD Than,"['preterniadotcom', 'neca', 'teenage', 'mutant', 'ninja', 'turtles', 'last', 'ronin', 'stock', 'best', '3299', 'httpstcom9joz4b5td', 'than']"
1578802584130752512,Media uploads app,en,"{'retweet_count': 0, 'reply_count': 0, 'like_count': 0, 'quote_count': 0}",2022-10-08T17:40:43.000Z,"ğŸ‘‰ $245.00 ğŸ‘ˆ
R13 Womens Boy Striped Tee Black wWhite Judy Stripe XS @buy1_best
#R13 #Womens #Boy #Striped #Tee #Black #wWhite #Judy #fashion #lifestyle 

Are you ready to be #pretty?! https://t.co/2OBMmmORfC",1118057594281758720,['1578802584130752512'],24500 Womens Striped Black wWhite Judy Stripe buy1bestR13 Womens Striped Black wWhite Judy fashion lifestyle ready pretty httpstco2OBMmmORfC,"['24500', 'womens', 'striped', 'black', 'wwhite', 'judy', 'stripe', 'buy1bestr13', 'womens', 'striped', 'black', 'wwhite', 'judy', 'fashion', 'lifestyle', 'ready', 'pretty', 'httpstco2obmmmorfc']"
1578802551880925184,The Bargain Hunter,en,"{'retweet_count': 0, 'reply_count': 0, 'like_count': 0, 'quote_count': 0}",2022-10-08T17:40:35.000Z,"Hot Wheels Unleashed - Nintendo Switch is $19.99 https://t.co/oMjwXgAukz 

All Games on Sale https://t.co/AOGdGiOeNW ğŸ™‚

#ad #PS5 #Xbox #Nintendo

10-08-2022 13:40:33",1381352768997367826,['1578802551880925184'],Wheels Unleashed Nintendo Switch 1999 httpstcooMjwXgAukz Games Sale httpstcoAOGdGiOeNW Xbox Nintendo10082022 134033,"['wheels', 'unleashed', 'nintendo', 'switch', '1999', 'httpstcoomjwxgaukz', 'games', 'sale', 'httpstcoaogdgioenw', 'xbox', 'nintendo10082022', '134033']"
1578802353511157760,Media uploads app,en,"{'retweet_count': 0, 'reply_count': 0, 'like_count': 0, 'quote_count': 0}",2022-10-08T17:39:48.000Z,"ğŸ‘‰ $1,335.24 ğŸ‘ˆ
Dazzlingrock Collection Round Moissanite 075 CT White Diamond 075 CT Ladies Halo @buy1_best
#Dazzlingrock #Collection #Round #Moissanite #075 #CT #White #Diamond #fashion #lifestyle 

Are you ready to be #pretty?! https://t.co/qnUIqgWyvO",1118057594281758720,['1578802353511157760'],133524 Dazzlingrock Collection Round Moissanite White Diamond Ladies Halo buy1bestDazzlingrock Collection Round Moissanite White Diamond fashion lifestyle ready pretty httpstcoqnUIqgWyvO,"['133524', 'dazzlingrock', 'collection', 'round', 'moissanite', 'white', 'diamond', 'ladies', 'halo', 'buy1bestdazzlingrock', 'collection', 'round', 'moissanite', 'white', 'diamond', 'fashion', 'lifestyle', 'ready', 'pretty', 'httpstcoqnuiqgwyvo']"
1578802218995945472,Buffer,en,"{'retweet_count': 0, 'reply_count': 0, 'like_count': 0, 'quote_count': 0}",2022-10-08T17:39:16.000Z,"#ad 8ft Towering Skeleton with posable arms moving jaw for $199.99! (reg $349.99)

https://t.co/q7ZYH3l6mg https://t.co/kcBwY5YQzf",1230305153355591681,['1578802218995945472'],Towering Skeleton with posable arms moving 19999 34999httpstcoq7ZYH3l6mg httpstcokcBwY5YQzf,"['towering', 'skeleton', 'with', 'posable', 'arms', 'moving', '19999', '34999httpstcoq7zyh3l6mg', 'httpstcokcbwy5yqzf']"
1578801342117650432,Media uploads app,en,"{'retweet_count': 0, 'reply_count': 0, 'like_count': 0, 'quote_count': 0}",2022-10-08T17:35:47.000Z,"ğŸ‘‰ $99.99 ğŸ‘ˆ
OUDMAY Makeup Case  3 In 1 Aluminum Professional Rolling Cosmetic Beauty Storage @buy1_best
#OUDMAY #Makeup #Case  #3 #In #1 #Aluminum #Professional #fashion #lifestyle 

Are you ready to be #pretty?! https://t.co/AJG889alZp",1118057594281758720,['1578801342117650432'],9999 OUDMAY Makeup Case Aluminum Professional Rolling Cosmetic Beauty Storage buy1bestOUDMAY Makeup Case Aluminum Professional fashion lifestyle ready pretty httpstcoAJG889alZp,"['9999', 'oudmay', 'makeup', 'case', 'aluminum', 'professional', 'rolling', 'cosmetic', 'beauty', 'storage', 'buy1bestoudmay', 'makeup', 'case', 'aluminum', 'professional', 'fashion', 'lifestyle', 'ready', 'pretty', 'httpstcoajg889alzp']"
1578801309121236993,The Bargain Hunter,en,"{'retweet_count': 0, 'reply_count': 0, 'like_count': 0, 'quote_count': 0}",2022-10-08T17:35:39.000Z,"Nickelodeon All Star Brawl - Nintendo Switch is $33.99 https://t.co/tbTdkYeXqz 

All Games on Sale https://t.co/AOGdGiOeNW ğŸ™‚

#ad #PS5 #Xbox #Nintendo

10-08-2022 13:35:37",1381352768997367826,['1578801309121236993'],Nickelodeon Star Brawl Nintendo Switch 3399 httpstcotbTdkYeXqz Games Sale httpstcoAOGdGiOeNW Xbox Nintendo10082022 133537,"['nickelodeon', 'star', 'brawl', 'nintendo', 'switch', '3399', 'httpstcotbtdkyexqz', 'games', 'sale', 'httpstcoaogdgioenw', 'xbox', 'nintendo10082022', '133537']"
1578800650418151425,Media uploads app,en,"{'retweet_count': 0, 'reply_count': 0, 'like_count': 0, 'quote_count': 0}",2022-10-08T17:33:02.000Z,"ğŸ‘‰ $119.99 ğŸ‘ˆ
Rolling Train Case 5in1 Portable Makeup Train Case Professional Cosmetic Organizer Makeup @buy1_best
#Rolling #Train #Case #5in1 #Portable #Makeup #Train #Case #fashion #lifestyle 

Are you ready to be #pretty?! https://t.co/GvTuIfBGHO",1118057594281758720,['1578800650418151425'],11999 Rolling Train Case 5in1 Portable Makeup Train Case Professional Cosmetic Organizer Makeup buy1bestRolling Train Case 5in1 Portable Makeup Train Case fashion lifestyle ready pretty httpstcoGvTuIfBGHO,"['11999', 'rolling', 'train', 'case', '5in1', 'portable', 'makeup', 'train', 'case', 'professional', 'cosmetic', 'organizer', 'makeup', 'buy1bestrolling', 'train', 'case', '5in1', 'portable', 'makeup', 'train', 'case', 'fashion', 'lifestyle', 'ready', 'pretty', 'httpstcogvtuifbgho']"
1578800473380777984,Twitter for iPad,en,"{'retweet_count': 1, 'reply_count': 0, 'like_count': 0, 'quote_count': 0}",2022-10-08T17:32:20.000Z,RT @GeniaNiewazne: @TheHenfordHen @EA @TheSims I just watched @EvvieSimmer video and there was a bit with screenshots how someone asked besâ€¦,1530652313240670213,['1578800473380777984'],GeniaNiewazne TheHenfordHen TheSims just watched EvvieSimmer video there with screenshots someone asked,"['genianiewazne', 'thehenfordhen', 'thesims', 'just', 'watched', 'evviesimmer', 'video', 'there', 'with', 'screenshots', 'someone', 'asked']"
1578800438484250624,Media uploads app,en,"{'retweet_count': 0, 'reply_count': 0, 'like_count': 0, 'quote_count': 0}",2022-10-08T17:32:11.000Z,"ğŸ‘‰  ğŸ‘ˆ
 Love Lemons Womens Benny Asymmtrical Mini Skirt Leopard Medium @buy1_best
 #Love #Lemons #Womens #Benny #Asymmtrical #Mini #Skirt #Leopard #fashion #lifestyle 

Are you ready to be #pretty?! https://t.co/xikHm68l2e",1118057594281758720,['1578800438484250624'],Love Lemons Womens Benny Asymmtrical Mini Skirt Leopard Medium buy1best Love Lemons Womens Benny Asymmtrical Mini Skirt Leopard fashion lifestyle ready pretty httpstcoxikHm68l2e,"['love', 'lemons', 'womens', 'benny', 'asymmtrical', 'mini', 'skirt', 'leopard', 'medium', 'buy1best', 'love', 'lemons', 'womens', 'benny', 'asymmtrical', 'mini', 'skirt', 'leopard', 'fashion', 'lifestyle', 'ready', 'pretty', 'httpstcoxikhm68l2e']"
