created_at,author_id,id,public_metrics,source,text,edit_history_tweet_ids,lang,cleaned_text,Tweet_tokenized
2022-10-08T18:49:33.000Z,20382344,1578819906698895361,"{'retweet_count': 0, 'reply_count': 0, 'like_count': 0, 'quote_count': 0}",Twitter for iPhone,Love a cheap taser if eBay https://t.co/e5LSSn9mJh,['1578819906698895361'],en,Love cheap taser eBay httpstcoe5LSSn9mJh,"['love', 'cheap', 'taser', 'ebay', 'httpstcoe5lssn9mjh']"
2022-10-08T18:49:33.000Z,1490774538937933829,1578819906203942912,"{'retweet_count': 0, 'reply_count': 0, 'like_count': 0, 'quote_count': 0}",cards-script,2018 Topps Museum Collection Derek Jeter Aa #sportscards #ad https://t.co/C3Cm8tFtah,['1578819906203942912'],de,2018 Topps Museum Collection Derek Jeter sportscards httpstcoC3Cm8tFtah,"['2018', 'topps', 'museum', 'collection', 'derek', 'jeter', 'sportscards', 'httpstcoc3cm8tftah']"
2022-10-08T18:49:28.000Z,1464942370840010754,1578819886133886977,"{'retweet_count': 0, 'reply_count': 0, 'like_count': 0, 'quote_count': 0}",WordPress.com,"EARLY 20TH C. SILVER PLATE 4 PIECE TEA SET, REGIS PLATE, BIRMINGHAM, c.1900-30 via @eBay¬†#eBayüá∫üá∏ https://t.co/DRdWTWCIVm",['1578819886133886977'],en,EARLY 20TH SILVER PLATE PIECE REGIS PLATE BIRMINGHAM c190030 eBayeBay httpstcoDRdWTWCIVm,"['early', '20th', 'silver', 'plate', 'piece', 'regis', 'plate', 'birmingham', 'c190030', 'ebayebay', 'httpstcodrdwtwcivm']"
2022-10-08T18:49:28.000Z,1464942370840010754,1578819886100324353,"{'retweet_count': 0, 'reply_count': 0, 'like_count': 0, 'quote_count': 0}",WordPress.com,Weems&amp;Plath Parallel Ruler with Protractor Scale 12inch #140 clear plastic Fship via @eBay¬†#eBayüá∫üá∏ https://t.co/TxVO7XEiGU,['1578819886100324353'],en,WeemsampPlath Parallel Ruler with Protractor Scale 12inch clear plastic Fship eBayeBay httpstcoTxVO7XEiGU,"['weemsampplath', 'parallel', 'ruler', 'with', 'protractor', 'scale', '12inch', 'clear', 'plastic', 'fship', 'ebayebay', 'httpstcotxvo7xeigu']"
2022-10-08T18:49:28.000Z,1464942370840010754,1578819885227945984,"{'retweet_count': 0, 'reply_count': 0, 'like_count': 0, 'quote_count': 0}",WordPress.com,Antique 19th C. Folk Art Miniature Pillow Primitive AAFA Flame Stitch? via @eBay¬†#eBayüá∫üá∏ https://t.co/WKEgzpjaWU,['1578819885227945984'],en,Antique 19th Folk Miniature Pillow Primitive AAFA Flame Stitch eBayeBay httpstcoWKEgzpjaWU,"['antique', '19th', 'folk', 'miniature', 'pillow', 'primitive', 'aafa', 'flame', 'stitch', 'ebayebay', 'httpstcowkegzpjawu']"
2022-10-08T18:49:28.000Z,1464942370840010754,1578819885052100608,"{'retweet_count': 0, 'reply_count': 0, 'like_count': 0, 'quote_count': 0}",WordPress.com,Primitive Hand Carved Hand Painted Goose #100 Limited Run By C.P.I. via @eBay¬†#eBayüá∫üá∏ https://t.co/zKyC5LPDCX,['1578819885052100608'],en,Primitive Hand Carved Hand Painted Goose Limited eBayeBay httpstcozKyC5LPDCX,"['primitive', 'hand', 'carved', 'hand', 'painted', 'goose', 'limited', 'ebayebay', 'httpstcozkyc5lpdcx']"
2022-10-08T18:49:28.000Z,1464942370840010754,1578819884922056704,"{'retweet_count': 0, 'reply_count': 0, 'like_count': 0, 'quote_count': 0}",WordPress.com,ANTIQUE 19C MEIJI HODODA SATSUMA IMMORTAL POTTERY FAIENCE PORCELAIN CUP DRAGON via @eBay¬†#eBayüá∫üá∏ https://t.co/n3k5oua9Dg,['1578819884922056704'],en,ANTIQUE MEIJI HODODA SATSUMA IMMORTAL POTTERY FAIENCE PORCELAIN DRAGON eBayeBay httpstcon3k5oua9Dg,"['antique', 'meiji', 'hododa', 'satsuma', 'immortal', 'pottery', 'faience', 'porcelain', 'dragon', 'ebayebay', 'httpstcon3k5oua9dg']"
2022-10-08T18:49:28.000Z,1464942370840010754,1578819884758073344,"{'retweet_count': 0, 'reply_count': 0, 'like_count': 0, 'quote_count': 0}",WordPress.com,"Amazing Antique French Marriage / Wedding Stand, Porcelain Roses, Napoleon III via @eBay¬†#eBayüá∫üá∏ https://t.co/3FlNXGtmST",['1578819884758073344'],en,Amazing Antique French Marriage Wedding Stand Porcelain Roses Napoleon eBayeBay httpstco3FlNXGtmST,"['amazing', 'antique', 'french', 'marriage', 'wedding', 'stand', 'porcelain', 'roses', 'napoleon', 'ebayebay', 'httpstco3flnxgtmst']"
2022-10-08T18:49:27.000Z,501747626,1578819883374350336,"{'retweet_count': 0, 'reply_count': 0, 'like_count': 0, 'quote_count': 0}",Twitter for iPhone,@NaseSaar Ein K√§rcher-Ersatzteil. Am Ende zur√ºckgegeben und ein kompatibles Teil bei eBay f√ºr 1/3 gekauft.,['1578819883374350336'],de,NaseSaar KrcherErsatzteil Ende zurckgegeben kompatibles Teil eBay gekauft,"['nasesaar', 'krcherersatzteil', 'ende', 'zurckgegeben', 'kompatibles', 'teil', 'ebay', 'gekauft']"
2022-10-08T18:49:27.000Z,1464942370840010754,1578819882191233024,"{'retweet_count': 0, 'reply_count': 0, 'like_count': 0, 'quote_count': 0}",WordPress.com,Antique Metal Petroleum Lamp British Star Hinge Burner RARE w Shade E.C.N.E.A via @eBay¬†#eBayüá∫üá∏ https://t.co/jlumiAOzg2,['1578819882191233024'],ht,Antique Metal Petroleum Lamp British Star Hinge Burner RARE Shade ECNEA eBayeBay httpstcojlumiAOzg2,"['antique', 'metal', 'petroleum', 'lamp', 'british', 'star', 'hinge', 'burner', 'rare', 'shade', 'ecnea', 'ebayebay', 'httpstcojlumiaozg2']"
2022-10-08T18:49:27.000Z,1464942370840010754,1578819881641725953,"{'retweet_count': 0, 'reply_count': 0, 'like_count': 0, 'quote_count': 0}",WordPress.com,Polished Solid Brass Transom Catch via @eBay¬†#eBayüá∫üá∏ https://t.co/A5S3kHRXir,['1578819881641725953'],en,Polished Solid Brass Transom Catch eBayeBay httpstcoA5S3kHRXir,"['polished', 'solid', 'brass', 'transom', 'catch', 'ebayebay', 'httpstcoa5s3khrxir']"
2022-10-08T18:49:26.000Z,1245484816260378626,1578819876806078464,"{'retweet_count': 181, 'reply_count': 0, 'like_count': 0, 'quote_count': 0}",Twitter for iPhone,"RT @USSportsCards1: 2,000 @ebay Feedback Score #thehobby package üì¶ contest as pictured. #Topps 

Winner announced Tuesday October 11th at 1‚Ä¶",['1578819876806078464'],en,USSportsCards1 2000 ebay Feedback Score thehobby package contest pictured Topps Winner announced Tuesday October 11th,"['ussportscards1', '2000', 'ebay', 'feedback', 'score', 'thehobby', 'package', 'contest', 'pictured', 'topps', 'winner', 'announced', 'tuesday', 'october', '11th']"
2022-10-08T18:49:26.000Z,1092178589037088770,1578819875417432064,"{'retweet_count': 0, 'reply_count': 0, 'like_count': 0, 'quote_count': 0}",Twitter for iPhone,ENDING SOON Check out Look at this on eBay https://t.co/qSDDqQzXcc @eBay,['1578819875417432064'],en,ENDING SOON Check Look this eBay httpstcoqSDDqQzXcc eBay,"['ending', 'soon', 'check', 'look', 'this', 'ebay', 'httpstcoqsddqqzxcc', 'ebay']"
2022-10-08T18:49:25.000Z,1541116997227794434,1578819874771546112,"{'retweet_count': 1, 'reply_count': 0, 'like_count': 0, 'quote_count': 0}",Twitter for Android,"RT @XtineDevils: Thanks for following and supporting Sci-fi Cowgirl Designs üëΩ
Follow my Ebay for my Galactic Trading and Creations 
https:/‚Ä¶",['1578819874771546112'],en,XtineDevils Thanks following supporting Scifi Cowgirl Designs Follow Ebay Galactic Trading Creations https,"['xtinedevils', 'thanks', 'following', 'supporting', 'scifi', 'cowgirl', 'designs', 'follow', 'ebay', 'galactic', 'trading', 'creations', 'https']"
2022-10-08T18:49:23.000Z,1490435214761500674,1578819865028096001,"{'retweet_count': 0, 'reply_count': 0, 'like_count': 0, 'quote_count': 0}",card-recommender ,2022 Topps Chrome ONEIL CRUZ Ro #ad #sportscards https://t.co/LbF6lWOotE,['1578819865028096001'],en,2022 Topps Chrome ONEIL CRUZ sportscards httpstcoLbF6lWOotE,"['2022', 'topps', 'chrome', 'oneil', 'cruz', 'sportscards', 'httpstcolbf6lwoote']"
2022-10-08T18:49:23.000Z,1280690846137028609,1578819864839393280,"{'retweet_count': 0, 'reply_count': 0, 'like_count': 0, 'quote_count': 0}",Twitter,2016 Panini Donruss Optic Blue 149 De #ad #thehobby https://t.co/Nvs7fkifXK,['1578819864839393280'],en,2016 Panini Donruss Optic Blue thehobby httpstcoNvs7fkifXK,"['2016', 'panini', 'donruss', 'optic', 'blue', 'thehobby', 'httpstconvs7fkifxk']"
2022-10-08T18:49:22.000Z,1473706972805570563,1578819859034824710,"{'retweet_count': 0, 'reply_count': 0, 'like_count': 0, 'quote_count': 0}",247cards,2018 Bowman Prospects Atomic Refracto #thehobby #sponsored https://t.co/gpEc2UuMk0,['1578819859034824710'],en,2018 Bowman Prospects Atomic Refracto thehobby sponsored httpstcogpEc2UuMk0,"['2018', 'bowman', 'prospects', 'atomic', 'refracto', 'thehobby', 'sponsored', 'httpstcogpec2uumk0']"
2022-10-08T18:49:21.000Z,987745966815105026,1578819858174967808,"{'retweet_count': 0, 'reply_count': 0, 'like_count': 0, 'quote_count': 0}",Twitter for Android,a dude was gonna buy some shit from me on eBay but then he didnt because he assumed i was a Trumper cuz he thought the framed Trump quote i am selling that is actually Doobie Bros lyrics from Jesus Is Just Alright With Me was a real Trump quote &amp; he was offended haha pretty sweet,['1578819858174967808'],en,dude gonna some shit from eBay then didnt because assumed Trumper thought framed Trump quote selling that actually Doobie Bros lyrics from Jesus Just Alright With real Trump quote offended haha pretty sweet,"['dude', 'gonna', 'some', 'shit', 'from', 'ebay', 'then', 'didnt', 'because', 'assumed', 'trumper', 'thought', 'framed', 'trump', 'quote', 'selling', 'that', 'actually', 'doobie', 'bros', 'lyrics', 'from', 'jesus', 'just', 'alright', 'with', 'real', 'trump', 'quote', 'offended', 'haha', 'pretty', 'sweet']"
2022-10-08T18:49:19.000Z,1087071911815704576,1578819849484050433,"{'retweet_count': 0, 'reply_count': 0, 'like_count': 0, 'quote_count': 0}",Twitter for iPhone,"Check out Womens, Elizabeth Arden, Tote Bag, Faux Leather, Pouch Pockets, Red https://t.co/hVpBenDRwE #eBay via @eBay",['1578819849484050433'],en,Check Womens Elizabeth Arden Tote Faux Leather Pouch Pockets httpstcohVpBenDRwE eBay eBay,"['check', 'womens', 'elizabeth', 'arden', 'tote', 'faux', 'leather', 'pouch', 'pockets', 'httpstcohvpbendrwe', 'ebay', 'ebay']"
2022-10-08T18:49:18.000Z,3241162840,1578819845940203521,"{'retweet_count': 0, 'reply_count': 0, 'like_count': 0, 'quote_count': 0}",Twitter Web App,Mira esto: Protector Pantalla Cristal Templado iPhone X XS MAX XR 11 12 13 14 Pro Max https://t.co/X6yvG9QEhT #eBay a trav√©s de @eBay #BuenasNoches #FelizSabadoATodos,['1578819845940203521'],es,Mira esto Protector Pantalla Cristal Templado iPhone httpstcoX6yvG9QEhT eBay travs eBay BuenasNoches FelizSabadoATodos,"['mira', 'esto', 'protector', 'pantalla', 'cristal', 'templado', 'iphone', 'httpstcox6yvg9qeht', 'ebay', 'travs', 'ebay', 'buenasnoches', 'felizsabadoatodos']"
2022-10-08T18:49:18.000Z,20931855,1578819841859129345,"{'retweet_count': 1, 'reply_count': 0, 'like_count': 0, 'quote_count': 0}",Twitter Web App,RT @Larry911: BORN AGAIN PAGAN - 1983 Anti Moral Majority Anti Jerry Falwell pinback button https://t.co/IEAfpC2oW1 #eBay via @eBay  #proch‚Ä¶,['1578819841859129345'],en,Larry911 BORN AGAIN PAGAN 1983 Anti Moral Majority Anti Jerry Falwell pinback button httpstcoIEAfpC2oW1 eBay eBay proch,"['larry911', 'born', 'again', 'pagan', '1983', 'anti', 'moral', 'majority', 'anti', 'jerry', 'falwell', 'pinback', 'button', 'httpstcoieafpc2ow1', 'ebay', 'ebay', 'proch']"
2022-10-08T18:49:17.000Z,270323363,1578819840881889280,"{'retweet_count': 0, 'reply_count': 0, 'like_count': 0, 'quote_count': 0}",TweetDeck,$40: Kobe Bryant Nike T-Shirt Dri Fit Lakers Kobe signature logo print Size XXL 2009 #Kobe #Tshirt #NBA https://t.co/U6XmQRcWSm https://t.co/8PPVYQ82zA,['1578819840881889280'],en,Kobe Bryant Nike TShirt Lakers Kobe signature logo print Size 2009 Kobe Tshirt httpstcoU6XmQRcWSm httpstco8PPVYQ82zA,"['kobe', 'bryant', 'nike', 'tshirt', 'lakers', 'kobe', 'signature', 'logo', 'print', 'size', '2009', 'kobe', 'tshirt', 'httpstcou6xmqrcwsm', 'httpstco8ppvyq82za']"
2022-10-08T18:49:15.000Z,1486092373159399424,1578819831750873089,"{'retweet_count': 0, 'reply_count': 0, 'like_count': 0, 'quote_count': 0}",Twitter Web App,"Check out Beverage Dispenser Kitchen Party Catering Pitchers Bar Dining Home https://t.co/PLq9utL7BN #eBay via @eBay 
Make It Special
          For The Catering Professional
Great Gift  !!!",['1578819831750873089'],en,Check Beverage Dispenser Kitchen Party Catering Pitchers Dining Home httpstcoPLq9utL7BN eBay eBay Make Special Catering ProfessionalGreat Gift,"['check', 'beverage', 'dispenser', 'kitchen', 'party', 'catering', 'pitchers', 'dining', 'home', 'httpstcoplq9utl7bn', 'ebay', 'ebay', 'make', 'special', 'catering', 'professionalgreat', 'gift']"
2022-10-08T18:49:14.000Z,1092178589037088770,1578819828554440704,"{'retweet_count': 0, 'reply_count': 0, 'like_count': 0, 'quote_count': 0}",Twitter for iPhone,ENDING SOON Check out Look at this on eBay https://t.co/D3zaabsyal @eBay,['1578819828554440704'],en,ENDING SOON Check Look this eBay httpstcoD3zaabsyal eBay,"['ending', 'soon', 'check', 'look', 'this', 'ebay', 'httpstcod3zaabsyal', 'ebay']"
2022-10-08T18:49:12.000Z,518522310,1578819818878226433,"{'retweet_count': 0, 'reply_count': 0, 'like_count': 0, 'quote_count': 0}",Twitter for iPhone,"ŸÖŸÖŸäÿ≤ÿßÿ™ ŸÖŸàŸÇÿπ #ebay 
1- ÿ≥ŸáŸàŸÑÿ© ÿßŸÑÿ™ÿ≥ÿ¨ŸäŸÑ ŸàÿßŸÑÿ≠ÿµŸàŸÑ ÿπŸÑŸâ ÿßŸÑÿ≠ÿ≥ÿßÿ®ÿßÿ™ ŸàÿßŸÑÿ¥ÿ±ÿßÿ° ŸàÿßŸÑÿ®Ÿäÿπ ÿØŸàŸÜ Ÿàÿ¨ŸàÿØ ÿ£Ÿä ÿ™ÿπŸÇŸäÿØÿßÿ™.
2- ÿ•ŸÖŸÉÿßŸÜŸäÿ© ÿ™ÿ≥ÿ¨ŸäŸÑ ÿ≠ÿ≥ÿßÿ® ÿ®Ÿáÿ∞ÿß ÿßŸÑŸÖŸàŸÇÿπ ŸÖŸÜ ÿ£Ÿä ŸÖŸÉÿßŸÜ ŸÅŸä ÿßŸÑÿπÿßŸÑŸÖ.
3- ÿ™ÿ™ŸÖ ÿßŸÑŸÖÿπÿßŸÖŸÑÿßÿ™ ŸÖŸÜ ÿÆŸÑÿßŸÑ ŸÖŸÜÿµÿ© ÿßŸÑÿØŸÅÿπ ÿßŸÑÿ•ŸÑŸÉÿ™ÿ±ŸàŸÜŸäÿ© ÿßŸÑÿÆÿßÿµÿ© ÿ®ÿßŸÑÿ®ÿßŸä ÿ®ÿßŸÑÿå ŸàÿßŸÑŸÖŸÖŸÑŸàŸÉÿ© ŸÑÿ¥ÿ±ŸÉÿ© ÿ•Ÿäÿ®ÿßŸä. https://t.co/0k5eKzejDk",['1578819818878226433'],ar,ebay httpstco0k5eKzejDk,"['ebay', 'httpstco0k5ekzejdk']"
2022-10-08T18:49:09.000Z,1411411464330649602,1578819808241799168,"{'retweet_count': 1, 'reply_count': 0, 'like_count': 0, 'quote_count': 0}",Twitter for Android,RT @cardboardpromos: sports card lot graded 25 total /2251 #thehobby #ad https://t.co/nr4FsVXugK,['1578819808241799168'],en,cardboardpromos sports card graded total 2251 thehobby httpstconr4FsVXugK,"['cardboardpromos', 'sports', 'card', 'graded', 'total', '2251', 'thehobby', 'httpstconr4fsvxugk']"
2022-10-08T18:49:09.000Z,1528104141087645696,1578819807792619520,"{'retweet_count': 0, 'reply_count': 0, 'like_count': 0, 'quote_count': 0}",RSS Ground,Dept 56 - Scaredy Cat Ferris Wheel - Snow Village Halloween - 53208 - NIB Seller: karancombs0811 . - https://t.co/EnNhGf4gWO - eBay https://t.co/BxmoBPCEdu,['1578819807792619520'],en,Dept Scaredy Ferris Wheel Snow Village Halloween 53208 Seller karancombs0811 httpstcoEnNhGf4gWO eBay httpstcoBxmoBPCEdu,"['dept', 'scaredy', 'ferris', 'wheel', 'snow', 'village', 'halloween', '53208', 'seller', 'karancombs0811', 'httpstcoennhgf4gwo', 'ebay', 'httpstcobxmobpcedu']"
2022-10-08T18:49:04.000Z,1037226896021487617,1578819784036474880,"{'retweet_count': 0, 'reply_count': 0, 'like_count': 0, 'quote_count': 0}",Twitter Web App,Check out 3.89CT Round Cut CZ 925 Sterling Silver Customize S Letter Pendant https://t.co/S2Mcz0w7ED #eBay via @eBay,['1578819784036474880'],en,Check 389CT Round Sterling Silver Customize Letter Pendant httpstcoS2Mcz0w7ED eBay eBay,"['check', '389ct', 'round', 'sterling', 'silver', 'customize', 'letter', 'pendant', 'httpstcos2mcz0w7ed', 'ebay', 'ebay']"
2022-10-08T18:49:03.000Z,1500864796908007430,1578819782597832704,"{'retweet_count': 0, 'reply_count': 0, 'like_count': 0, 'quote_count': 0}",nothingbutcards,Justin Jefferson 2020 Panini Se #sportscards #ad https://t.co/0D2vsq2tUt,['1578819782597832704'],en,Justin Jefferson 2020 Panini sportscards httpstco0D2vsq2tUt,"['justin', 'jefferson', '2020', 'panini', 'sportscards', 'httpstco0d2vsq2tut']"
2022-10-08T18:49:03.000Z,1092178589037088770,1578819780672225280,"{'retweet_count': 0, 'reply_count': 0, 'like_count': 0, 'quote_count': 0}",Twitter for iPhone,ENDING SOON Check out Look at this on eBay https://t.co/Nep0o6dpUC @eBay,['1578819780672225280'],en,ENDING SOON Check Look this eBay httpstcoNep0o6dpUC eBay,"['ending', 'soon', 'check', 'look', 'this', 'ebay', 'httpstconep0o6dpuc', 'ebay']"
2022-10-08T18:49:01.000Z,542918259,1578819774314053632,"{'retweet_count': 0, 'reply_count': 0, 'like_count': 0, 'quote_count': 0}",Twitter Web App,silver sphere rings https://t.co/czAreKdST2 https://t.co/K0T226I7t3 #gadgets#gift  #crystal #mothersday,['1578819774314053632'],en,silver sphere rings httpstcoczAreKdST2 httpstcoK0T226I7t3 gadgetsgift crystal mothersday,"['silver', 'sphere', 'rings', 'httpstcoczarekdst2', 'httpstcok0t226i7t3', 'gadgetsgift', 'crystal', 'mothersday']"
2022-10-08T18:48:58.000Z,188529827,1578819761886367745,"{'retweet_count': 0, 'reply_count': 0, 'like_count': 0, 'quote_count': 0}",UpStader,https://t.co/4W8IAS2HYL # #,['1578819761886367745'],zxx,httpstco4W8IAS2HYL,['httpstco4w8ias2hyl']
2022-10-08T18:48:57.000Z,1445007523023568902,1578819757188747264,"{'retweet_count': 0, 'reply_count': 0, 'like_count': 0, 'quote_count': 0}",Twitter,2021 Topps Clearly Authentic Clark On #thehobby #sponsored https://t.co/YRKvC3vR1b,['1578819757188747264'],en,2021 Topps Clearly Authentic Clark thehobby sponsored httpstcoYRKvC3vR1b,"['2021', 'topps', 'clearly', 'authentic', 'clark', 'thehobby', 'sponsored', 'httpstcoyrkvc3vr1b']"
2022-10-08T18:48:57.000Z,756244977114578944,1578819756756332544,"{'retweet_count': 0, 'reply_count': 0, 'like_count': 0, 'quote_count': 0}",IFTTT,"Top 5 Most Iconic Toys https://t.co/dWIiSmQZzF Top 5 most iconic toys

Music: LA Sunset from https://t.co/gIBcdB6er9

Join this channel to get access to perks:
https://t.co/Wr7GpC5W7c

Channel Merch: https://t.co/mra7AOpSfa

eBay: https://t.co/Nhh5KEIVct

Paypal: Blueharves‚Ä¶",['1578819756756332544'],en,Most Iconic Toys httpstcodWIiSmQZzF most iconic toysMusic Sunset from httpstcogIBcdB6er9Join this channel access perkshttpstcoWr7GpC5W7cChannel Merch httpstcomra7AOpSfaeBay httpstcoNhh5KEIVctPaypal Blueharves,"['most', 'iconic', 'toys', 'httpstcodwiismqzzf', 'most', 'iconic', 'toysmusic', 'sunset', 'from', 'httpstcogibcdb6er9join', 'this', 'channel', 'access', 'perkshttpstcowr7gpc5w7cchannel', 'merch', 'httpstcomra7aopsfaebay', 'httpstconhh5keivctpaypal', 'blueharves']"
2022-10-08T18:48:57.000Z,38466381,1578819754877669376,"{'retweet_count': 0, 'reply_count': 0, 'like_count': 0, 'quote_count': 0}",Twitter for iPhone,Over under on when this ball hits eBay‚Ä¶ https://t.co/rE7QEevCIt,['1578819754877669376'],en,Over under when this ball hits eBay httpstcorE7QEevCIt,"['over', 'under', 'when', 'this', 'ball', 'hits', 'ebay', 'httpstcore7qeevcit']"
2022-10-08T18:48:56.000Z,3241162840,1578819750528184320,"{'retweet_count': 0, 'reply_count': 0, 'like_count': 0, 'quote_count': 0}",Twitter Web App,Mira esto: Protector Pantalla Cristal Templado para iPhone 14 14 plus 14 Pro 14 Pro Max https://t.co/W1ZdRD2gEu #eBay a trav√©s de @eBay #BuenasNoches #FelizSabadoATodos,['1578819750528184320'],es,Mira esto Protector Pantalla Cristal Templado para iPhone plus httpstcoW1ZdRD2gEu eBay travs eBay BuenasNoches FelizSabadoATodos,"['mira', 'esto', 'protector', 'pantalla', 'cristal', 'templado', 'para', 'iphone', 'plus', 'httpstcow1zdrd2geu', 'ebay', 'travs', 'ebay', 'buenasnoches', 'felizsabadoatodos']"
2022-10-08T18:48:56.000Z,25064195,1578819750427529219,"{'retweet_count': 0, 'reply_count': 0, 'like_count': 0, 'quote_count': 0}",Twitter for iPhone,"@Crocs I‚Äôve entered every polex &amp; echo collaboration drawing and every day of the croctober drawing, and never ever win. Then I see on ebay the next day for 2-5x the price so obvious people buy them just to resell at a profit. I want them to use and wear myself. Its very disappointing",['1578819750427529219'],en,Crocs entered every polex echo collaboration drawing every croctober drawing never ever Then ebay next price obvious people them just resell profit want them wear myself very disappointing,"['crocs', 'entered', 'every', 'polex', 'echo', 'collaboration', 'drawing', 'every', 'croctober', 'drawing', 'never', 'ever', 'then', 'ebay', 'next', 'price', 'obvious', 'people', 'them', 'just', 'resell', 'profit', 'want', 'them', 'wear', 'myself', 'very', 'disappointing']"
2022-10-08T18:48:54.000Z,58466413,1578819743779237888,"{'retweet_count': 0, 'reply_count': 0, 'like_count': 0, 'quote_count': 0}",Twitter for Android,Check out WHITE STUFF Black Feather Print Wool Blend Shift Dress Lined UK 8 Smart https://t.co/eD3DV4BSEs #eBay via @eBay_UK,['1578819743779237888'],en,Check WHITE STUFF Black Feather Print Wool Blend Shift Dress Lined Smart httpstcoeD3DV4BSEs eBay eBayUK,"['check', 'white', 'stuff', 'black', 'feather', 'print', 'wool', 'blend', 'shift', 'dress', 'lined', 'smart', 'httpstcoed3dv4bses', 'ebay', 'ebayuk']"
2022-10-08T18:48:53.000Z,1489682227390820357,1578819740612833280,"{'retweet_count': 0, 'reply_count': 0, 'like_count': 0, 'quote_count': 0}",cardfinder0509,2021 Topps Pro Debut Chrome Red #thehobby #ad https://t.co/RilbpDSb52,['1578819740612833280'],en,2021 Topps Debut Chrome thehobby httpstcoRilbpDSb52,"['2021', 'topps', 'debut', 'chrome', 'thehobby', 'httpstcorilbpdsb52']"
2022-10-08T18:48:52.000Z,1092178589037088770,1578819734866231296,"{'retweet_count': 0, 'reply_count': 0, 'like_count': 0, 'quote_count': 0}",Twitter for iPhone,ENDING SOON Check out Look at this on eBay https://t.co/Gu175FINQz @eBay,['1578819734866231296'],en,ENDING SOON Check Look this eBay httpstcoGu175FINQz eBay,"['ending', 'soon', 'check', 'look', 'this', 'ebay', 'httpstcogu175finqz', 'ebay']"
2022-10-08T18:48:52.000Z,1528353287828713473,1578819733734195202,"{'retweet_count': 0, 'reply_count': 1, 'like_count': 2, 'quote_count': 1}",Twitter Web App,@memoryhol3d @catturd2 Does ebay take cash app or strike?,['1578819733734195202'],en,memoryhol3d catturd2 Does ebay take cash strike,"['memoryhol3d', 'catturd2', 'does', 'ebay', 'take', 'cash', 'strike']"
2022-10-08T18:48:52.000Z,711304724092354560,1578819733469949952,"{'retweet_count': 0, 'reply_count': 0, 'like_count': 0, 'quote_count': 0}",Twitter for iPhone,"@mreynoldsMLB @AmitChopra85 @jarkie2016 @Ian_DiCarlo @henrydavis32 The point isn‚Äôt to shame the kid. It‚Äôs to shame the father for using his kid to gain favor, only to later sell the autographed ball on eBay.",['1578819733469949952'],en,mreynoldsMLB AmitChopra85 jarkie2016 IanDiCarlo henrydavis32 point isnt shame shame father using gain favor only later sell autographed ball eBay,"['mreynoldsmlb', 'amitchopra85', 'jarkie2016', 'iandicarlo', 'henrydavis32', 'point', 'isnt', 'shame', 'shame', 'father', 'using', 'gain', 'favor', 'only', 'later', 'sell', 'autographed', 'ball', 'ebay']"
2022-10-08T18:48:51.000Z,1287939753959198721,1578819729656934400,"{'retweet_count': 0, 'reply_count': 0, 'like_count': 0, 'quote_count': 0}",Twitter,Francisco Alvarez Call Up 1st Hit HR  #sportscardsforsale #ad https://t.co/5xAvwqUJuu,['1578819729656934400'],en,Francisco Alvarez Call sportscardsforsale httpstco5xAvwqUJuu,"['francisco', 'alvarez', 'call', 'sportscardsforsale', 'httpstco5xavwqujuu']"
2022-10-08T18:48:49.000Z,1441089810966319104,1578819721704546304,"{'retweet_count': 1, 'reply_count': 0, 'like_count': 0, 'quote_count': 0}",Twitter for iPhone,RT @wtfLisaTarot: https://t.co/xz2BiGixjs #ebay #ebayseller #onlineshopping #shopping #bags #cosmeticbags #cats #cat #Caturday #CatsLover,['1578819721704546304'],qme,wtfLisaTarot httpstcoxz2BiGixjs ebay ebayseller onlineshopping shopping bags cosmeticbags cats Caturday CatsLover,"['wtflisatarot', 'httpstcoxz2bigixjs', 'ebay', 'ebayseller', 'onlineshopping', 'shopping', 'bags', 'cosmeticbags', 'cats', 'caturday', 'catslover']"
2022-10-08T18:48:47.000Z,3312350370,1578819714738163713,"{'retweet_count': 2, 'reply_count': 0, 'like_count': 0, 'quote_count': 0}",johnjennifer,RT @STYLISTICkiss: https://t.co/FEIKmY0Dgg #perfume #burberry #her #elixir #shop #shopping #fashionista #motd #ootd #scent #beauty #makeup‚Ä¶,['1578819714738163713'],qme,STYLISTICkiss httpstcoFEIKmY0Dgg perfume burberry elixir shop shopping fashionista motd ootd scent beauty makeup,"['stylistickiss', 'httpstcofeikmy0dgg', 'perfume', 'burberry', 'elixir', 'shop', 'shopping', 'fashionista', 'motd', 'ootd', 'scent', 'beauty', 'makeup']"
2022-10-08T18:48:47.000Z,21529097,1578819714297757697,"{'retweet_count': 1446, 'reply_count': 0, 'like_count': 0, 'quote_count': 0}",Twitter for Android,"RT @allnick: There are 100,000 buyers on OpenSea

There are 165 million buyers on eBay

üê£You are early to NFTsüê£",['1578819714297757697'],en,allnick There 100000 buyers OpenSeaThere million buyers eBayYou early NFTs,"['allnick', 'there', '100000', 'buyers', 'openseathere', 'million', 'buyers', 'ebayyou', 'early', 'nfts']"
2022-10-08T18:48:46.000Z,430955283,1578819707695603712,"{'retweet_count': 0, 'reply_count': 0, 'like_count': 1, 'quote_count': 0}",Twitter Web App,Check out Vintage new wear craft 10 lb. lot of  jewelry ALL wearable good lot! https://t.co/TLEVwFCmLV #eBay via @eBay,['1578819707695603712'],en,Check Vintage wear craft jewelry wearable good httpstcoTLEVwFCmLV eBay eBay,"['check', 'vintage', 'wear', 'craft', 'jewelry', 'wearable', 'good', 'httpstcotlevwfcmlv', 'ebay', 'ebay']"
2022-10-08T18:48:45.000Z,762001379464536068,1578819703774261248,"{'retweet_count': 2165, 'reply_count': 0, 'like_count': 0, 'quote_count': 0}",Twitter Web App,"RT @factory_wolf: PLEASE SHARE‚ÄºÔ∏èüßµ

One of my creations was sent out just before the war broke out. Due to the war causing an international‚Ä¶",['1578819703774261248'],en,factorywolf PLEASE SHAREOne creations sent just before broke causing international,"['factorywolf', 'please', 'shareone', 'creations', 'sent', 'just', 'before', 'broke', 'causing', 'international']"
2022-10-08T18:48:44.000Z,19433019,1578819702880538624,"{'retweet_count': 0, 'reply_count': 0, 'like_count': 0, 'quote_count': 0}",Twitter for iPhone,"#DoomMetal I Am Vengeance (Original Motion Picture Soundtrack) by Various Artists (CD, .  #Doom #StonerDoom #StonerRock #MeteorCity https://t.co/f5FTPxjPTs #eBay via @eBay",['1578819702880538624'],en,DoomMetal Vengeance Original Motion Picture Soundtrack Various Artists Doom StonerDoom StonerRock MeteorCity httpstcof5FTPxjPTs eBay eBay,"['doommetal', 'vengeance', 'original', 'motion', 'picture', 'soundtrack', 'various', 'artists', 'doom', 'stonerdoom', 'stonerrock', 'meteorcity', 'httpstcof5ftpxjpts', 'ebay', 'ebay']"
2022-10-08T18:48:44.000Z,3312350370,1578819700217126912,"{'retweet_count': 2, 'reply_count': 0, 'like_count': 0, 'quote_count': 0}",johnjennifer,RT @STYLISTICkiss: https://t.co/cv1jylVsiv #chanel #luxury #designer #fragrance #perfume #lux #luxe #beauty #motd #fotd #scent #makeup #mua‚Ä¶,['1578819700217126912'],qme,STYLISTICkiss httpstcocv1jylVsiv chanel luxury designer fragrance perfume luxe beauty motd fotd scent makeup,"['stylistickiss', 'httpstcocv1jylvsiv', 'chanel', 'luxury', 'designer', 'fragrance', 'perfume', 'luxe', 'beauty', 'motd', 'fotd', 'scent', 'makeup']"
2022-10-08T18:48:42.000Z,1445002414600372228,1578819694781288448,"{'retweet_count': 1, 'reply_count': 0, 'like_count': 0, 'quote_count': 0}",Twitter,sports card lot graded 25 total /2251 #thehobby #ad https://t.co/nr4FsVXugK,['1578819694781288448'],en,sports card graded total 2251 thehobby httpstconr4FsVXugK,"['sports', 'card', 'graded', 'total', '2251', 'thehobby', 'httpstconr4fsvxugk']"
2022-10-08T18:48:42.000Z,1339768533006299136,1578819692965556224,"{'retweet_count': 1, 'reply_count': 0, 'like_count': 0, 'quote_count': 0}",Twitter Web App,RT @jvovillia: Check out HP 15.6 AMD R7 5700U/64GB/2TB SSD/Dual-Band Wifi 6 *Custom Spec and Open Box* https://t.co/0zwLW0QX9J #eBay via @e‚Ä¶,['1578819692965556224'],en,jvovillia Check 5700U64GB2TB SSDDualBand Wifi Custom Spec Open httpstco0zwLW0QX9J eBay,"['jvovillia', 'check', '5700u64gb2tb', 'ssddualband', 'wifi', 'custom', 'spec', 'open', 'httpstco0zwlw0qx9j', 'ebay']"
2022-10-08T18:48:41.000Z,926636305806774272,1578819690474147841,"{'retweet_count': 0, 'reply_count': 0, 'like_count': 0, 'quote_count': 0}",Twitter Web App,"@jeff_ebay @factory_wolf This suit is the result of multiple month of work and it's a unique representation of someone own character.

You are ruining someone life, economy and image just cause you got trolled online.",['1578819690474147841'],en,jeffebay factorywolf This suit result multiple month work unique representation someone characterYou ruining someone life economy image just cause trolled online,"['jeffebay', 'factorywolf', 'this', 'suit', 'result', 'multiple', 'month', 'work', 'unique', 'representation', 'someone', 'characteryou', 'ruining', 'someone', 'life', 'economy', 'image', 'just', 'cause', 'trolled', 'online']"
2022-10-08T18:48:41.000Z,1422837173456343042,1578819688993202177,"{'retweet_count': 5, 'reply_count': 0, 'like_count': 0, 'quote_count': 0}",Twitter for Android,"RT @finds_crypto: üëâGet $1,000 in crypto for free! $SG #BTC

 1Ô∏è‚É£DL the SocialGood App (2M+ users)
 2Ô∏è‚É£Shop-to-Earn at 1,800+ sites (eBay, A‚Ä¶",['1578819688993202177'],en,findscrypto 1000 crypto free SocialGood users 2ShoptoEarn 1800 sites eBay,"['findscrypto', '1000', 'crypto', 'free', 'socialgood', 'users', '2shoptoearn', '1800', 'sites', 'ebay']"
2022-10-08T18:48:40.000Z,1551578440070864896,1578819684773699584,"{'retweet_count': 3, 'reply_count': 0, 'like_count': 0, 'quote_count': 0}",Twitter for Android,RT @TheLadyCatEye: @FantasticTilly @JenTillysBitch I found this postage stamp on eBay in 2015 of @JenniferTilly from Republique De C√¥te D‚Äôi‚Ä¶,['1578819684773699584'],en,TheLadyCatEye FantasticTilly JenTillysBitch found this postage stamp eBay 2015 JenniferTilly from Republique,"['theladycateye', 'fantastictilly', 'jentillysbitch', 'found', 'this', 'postage', 'stamp', 'ebay', '2015', 'jennifertilly', 'from', 'republique']"
2022-10-08T18:48:40.000Z,1092178589037088770,1578819682965942272,"{'retweet_count': 0, 'reply_count': 0, 'like_count': 0, 'quote_count': 0}",Twitter for iPhone,ENDING SOON Check out Look at this on eBay https://t.co/w4ZArkwARu @eBay,['1578819682965942272'],en,ENDING SOON Check Look this eBay httpstcow4ZArkwARu eBay,"['ending', 'soon', 'check', 'look', 'this', 'ebay', 'httpstcow4zarkwaru', 'ebay']"
2022-10-08T18:48:38.000Z,1264933290961784832,1578819677283057664,"{'retweet_count': 0, 'reply_count': 0, 'like_count': 0, 'quote_count': 0}",Twitter,2022 Topps Chrome Logofractor 83 Ozzi #sportscards #ad https://t.co/mQut7huFVP,['1578819677283057664'],cy,2022 Topps Chrome Logofractor Ozzi sportscards httpstcomQut7huFVP,"['2022', 'topps', 'chrome', 'logofractor', 'ozzi', 'sportscards', 'httpstcomqut7hufvp']"
2022-10-08T18:48:37.000Z,807688669012209664,1578819673323233281,"{'retweet_count': 0, 'reply_count': 0, 'like_count': 0, 'quote_count': 0}",Twitter for iPad,Check out 2017 Topps Now #345 Aaron Judge RC Rookie Card New York Yankees HR Derby Winner https://t.co/NCny4Yy7CE #eBay via @eBay,['1578819673323233281'],en,Check 2017 Topps Aaron Judge Rookie Card York Yankees Derby Winner httpstcoNCny4Yy7CE eBay eBay,"['check', '2017', 'topps', 'aaron', 'judge', 'rookie', 'card', 'york', 'yankees', 'derby', 'winner', 'httpstconcny4yy7ce', 'ebay', 'ebay']"
2022-10-08T18:48:37.000Z,58466413,1578819672459599872,"{'retweet_count': 0, 'reply_count': 0, 'like_count': 0, 'quote_count': 0}",Twitter for Android,Check out TRUE RELIGION MANCHESTER UNITED LADIES DENIM DRESS SIZE XS RRP¬£108 https://t.co/pxWq7H2kFO #eBay via @eBay_UK,['1578819672459599872'],en,Check TRUE RELIGION MANCHESTER UNITED LADIES DENIM DRESS SIZE RRP108 httpstcopxWq7H2kFO eBay eBayUK,"['check', 'true', 'religion', 'manchester', 'united', 'ladies', 'denim', 'dress', 'size', 'rrp108', 'httpstcopxwq7h2kfo', 'ebay', 'ebayuk']"
2022-10-08T18:48:36.000Z,1219655252988825600,1578819667694526464,"{'retweet_count': 0, 'reply_count': 0, 'like_count': 0, 'quote_count': 0}",Twitter,2021 22 Panini NBA Basketball Optic E #ad #thehobby https://t.co/4IlkafHEMr,['1578819667694526464'],tl,2021 Panini Basketball Optic thehobby httpstco4IlkafHEMr,"['2021', 'panini', 'basketball', 'optic', 'thehobby', 'httpstco4ilkafhemr']"
2022-10-08T18:48:35.000Z,1055800429798477825,1578819662280003585,"{'retweet_count': 0, 'reply_count': 0, 'like_count': 0, 'quote_count': 0}",Twitter Web App,Check out GOOSH 8.3 FT Height Halloween Inflatables Dead Tree with White Ghost and Owl  . https://t.co/kCLdA9EQ38 #eBay via @eBay,['1578819662280003585'],en,Check GOOSH Height Halloween Inflatables Dead Tree with White Ghost httpstcokCLdA9EQ38 eBay eBay,"['check', 'goosh', 'height', 'halloween', 'inflatables', 'dead', 'tree', 'with', 'white', 'ghost', 'httpstcokclda9eq38', 'ebay', 'ebay']"
2022-10-08T18:48:31.000Z,1491470322041712640,1578819646463303680,"{'retweet_count': 0, 'reply_count': 0, 'like_count': 0, 'quote_count': 0}",Twitter Web App,@JLap64 It‚Äôs $45 on eBay!,['1578819646463303680'],en,JLap64 eBay,"['jlap64', 'ebay']"
2022-10-08T18:48:31.000Z,4299343886,1578819646123565056,"{'retweet_count': 0, 'reply_count': 0, 'like_count': 0, 'quote_count': 0}",TheTop1,"Live insects, fetal pig and doxxing: bizarre harassment case against former eBay employees closed  .
https://t.co/YrG7w51TJf",['1578819646123565056'],en,Live insects fetal doxxing bizarre harassment case against former eBay employees closed httpstcoYrG7w51TJf,"['live', 'insects', 'fetal', 'doxxing', 'bizarre', 'harassment', 'case', 'against', 'former', 'ebay', 'employees', 'closed', 'httpstcoyrg7w51tjf']"
2022-10-08T18:48:29.000Z,1092178589037088770,1578819638414102529,"{'retweet_count': 0, 'reply_count': 0, 'like_count': 0, 'quote_count': 0}",Twitter for iPhone,ENDING SOON Check out Look at this on eBay https://t.co/OynJ1O0QEQ @eBay,['1578819638414102529'],en,ENDING SOON Check Look this eBay httpstcoOynJ1O0QEQ eBay,"['ending', 'soon', 'check', 'look', 'this', 'ebay', 'httpstcooynj1o0qeq', 'ebay']"
2022-10-08T18:48:29.000Z,3316032391,1578819637516460032,"{'retweet_count': 0, 'reply_count': 0, 'like_count': 0, 'quote_count': 0}",twtr jln,"[BIN_USED] LEGO Bonsai Tree 10281 Building Kit (878 Pieces) - $31.0+ (~38%; $50) #lego #eBay #used #buyitnow #deal #afol #brick

https://t.co/kAeT6LXeNg",['1578819637516460032'],en,BINUSED LEGO Bonsai Tree 10281 Building Pieces lego eBay used buyitnow deal afol brickhttpstcokAeT6LXeNg,"['binused', 'lego', 'bonsai', 'tree', '10281', 'building', 'pieces', 'lego', 'ebay', 'used', 'buyitnow', 'deal', 'afol', 'brickhttpstcokaet6lxeng']"
2022-10-08T18:48:28.000Z,3241162840,1578819635050577920,"{'retweet_count': 0, 'reply_count': 0, 'like_count': 0, 'quote_count': 0}",Twitter Web App,Mira esto: Protector Pantalla Cristal Templado iPhone X XS  Max XR 11 12 Pro 13 Pro 14 Pro https://t.co/PnueMa2hTT #eBay a trav√©s de @eBay #BuenasNoches #FelizSabadoATodos,['1578819635050577920'],es,Mira esto Protector Pantalla Cristal Templado iPhone httpstcoPnueMa2hTT eBay travs eBay BuenasNoches FelizSabadoATodos,"['mira', 'esto', 'protector', 'pantalla', 'cristal', 'templado', 'iphone', 'httpstcopnuema2htt', 'ebay', 'travs', 'ebay', 'buenasnoches', 'felizsabadoatodos']"
2022-10-08T18:48:28.000Z,1463025780041072641,1578819634697887744,"{'retweet_count': 0, 'reply_count': 0, 'like_count': 0, 'quote_count': 0}",WordPress.com,Used Metal Falcon Air Horn Whistle (D1.5C481B) via @eBay @eBay_UK¬†#eBayüá¨üáß https://t.co/wPwjoCf5fg,['1578819634697887744'],en,Used Metal Falcon Horn Whistle D15C481B eBay eBayUKeBay httpstcowPwjoCf5fg,"['used', 'metal', 'falcon', 'horn', 'whistle', 'd15c481b', 'ebay', 'ebayukebay', 'httpstcowpwjocf5fg']"
2022-10-08T18:48:27.000Z,1472847327505403912,1578819628004179969,"{'retweet_count': 2165, 'reply_count': 0, 'like_count': 0, 'quote_count': 0}",Twitter for Android,"RT @factory_wolf: PLEASE SHARE‚ÄºÔ∏èüßµ

One of my creations was sent out just before the war broke out. Due to the war causing an international‚Ä¶",['1578819628004179969'],en,factorywolf PLEASE SHAREOne creations sent just before broke causing international,"['factorywolf', 'please', 'shareone', 'creations', 'sent', 'just', 'before', 'broke', 'causing', 'international']"
2022-10-08T18:48:26.000Z,95252832,1578819626452291584,"{'retweet_count': 0, 'reply_count': 0, 'like_count': 0, 'quote_count': 0}",Twitter Web App,Check out Introduction to Engineering Problems Book by Robert Q. Brown HC Vtg 1959 VGUC https://t.co/OUNAEa14Ma #eBay via @eBay,['1578819626452291584'],en,Check Introduction Engineering Problems Book Robert Brown 1959 VGUC httpstcoOUNAEa14Ma eBay eBay,"['check', 'introduction', 'engineering', 'problems', 'book', 'robert', 'brown', '1959', 'vguc', 'httpstcoounaea14ma', 'ebay', 'ebay']"
2022-10-08T18:48:26.000Z,58466413,1578819625382731777,"{'retweet_count': 0, 'reply_count': 0, 'like_count': 0, 'quote_count': 0}",Twitter for Android,Check out TRUE RELIGION MANCHESTER UNITED LADIES DENIM DRESS SIZE XS RRP¬£108 https://t.co/uci05eQCIR #eBay via @eBay_UK,['1578819625382731777'],en,Check TRUE RELIGION MANCHESTER UNITED LADIES DENIM DRESS SIZE RRP108 httpstcouci05eQCIR eBay eBayUK,"['check', 'true', 'religion', 'manchester', 'united', 'ladies', 'denim', 'dress', 'size', 'rrp108', 'httpstcouci05eqcir', 'ebay', 'ebayuk']"
2022-10-08T18:48:25.000Z,2693955152,1578819621250953216,"{'retweet_count': 0, 'reply_count': 0, 'like_count': 0, 'quote_count': 0}",Twitter for Android,2021-22 Contenders NBA Devin Booker The Finals Ticket 7/49 Holo SP + CRACKED ICE #NBA #eBay #Sports #sportscards #Phoenix #suns  https://t.co/RBOiIOv4W3 #eBay via @eBay,['1578819621250953216'],en,202122 Contenders Devin Booker Finals Ticket Holo CRACKED eBay Sports sportscards Phoenix suns httpstcoRBOiIOv4W3 eBay eBay,"['202122', 'contenders', 'devin', 'booker', 'finals', 'ticket', 'holo', 'cracked', 'ebay', 'sports', 'sportscards', 'phoenix', 'suns', 'httpstcorboiiov4w3', 'ebay', 'ebay']"
2022-10-08T18:48:23.000Z,965371102825537536,1578819613357674496,"{'retweet_count': 1, 'reply_count': 0, 'like_count': 0, 'quote_count': 0}",proxghost,"RT @MagpieManga: Hells Paradise Manga Volumes 1-13

Ends Sat 15th Oct @ 12:59pm

https://t.co/2HpX98VgOv

#manga #anime #otaku #animeart #c‚Ä¶",['1578819613357674496'],en,MagpieManga Hells Paradise Manga Volumes 113Ends 15th 1259pmhttpstco2HpX98VgOvmanga anime otaku animeart,"['magpiemanga', 'hells', 'paradise', 'manga', 'volumes', '113ends', '15th', '1259pmhttpstco2hpx98vgovmanga', 'anime', 'otaku', 'animeart']"
2022-10-08T18:48:19.000Z,1563494182861152259,1578819597154689024,"{'retweet_count': 0, 'reply_count': 0, 'like_count': 0, 'quote_count': 0}",Twitter for Android,Check out 100 grams Organic Asafran Carthamus tinctorius Safflower ÿπÿµŸÅÿ± ÿ¥ÿπÿ± ÿßŸÑÿπÿµŸÅÿ± https://t.co/oGR9nD9uAM #eBay #audioleak #theotherside_Dallas #JENNIExCHANELSS23 #SuperMarioBrosMovie #INDvPAK #ASUUstrike #KARMYForGMA2022 #Budget2023 #PAKvBAN #Eurovision2023 #UkrainianArmy,['1578819597154689024'],ca,Check grams Organic Asafran Carthamus tinctorius Safflower httpstcooGR9nD9uAM eBay audioleak theothersideDallas JENNIExCHANELSS23 SuperMarioBrosMovie INDvPAK ASUUstrike KARMYForGMA2022 Budget2023 PAKvBAN Eurovision2023 UkrainianArmy,"['check', 'grams', 'organic', 'asafran', 'carthamus', 'tinctorius', 'safflower', 'httpstcoogr9nd9uam', 'ebay', 'audioleak', 'theothersidedallas', 'jenniexchanelss23', 'supermariobrosmovie', 'indvpak', 'asuustrike', 'karmyforgma2022', 'budget2023', 'pakvban', 'eurovision2023', 'ukrainianarmy']"
2022-10-08T18:48:18.000Z,1540770121693659136,1578819592582897665,"{'retweet_count': 0, 'reply_count': 0, 'like_count': 0, 'quote_count': 0}",c_s_t_staging,https://t.co/JZjXb1H27a posters to buy  #digitalart #artwork  Guardians_Of_The_Galaxy_Volume_2 : #guardiansofthegalaxy #guardiansofthegalaxyvol #guardiansofthegalaxyvolume #guardiansofthegalaxyfanart #marvel https://t.co/Gx4ju6q2Pc,['1578819592582897665'],en,httpstcoJZjXb1H27a posters digitalart artwork GuardiansOfTheGalaxyVolume2 guardiansofthegalaxy guardiansofthegalaxyvol guardiansofthegalaxyvolume guardiansofthegalaxyfanart marvel httpstcoGx4ju6q2Pc,"['httpstcojzjxb1h27a', 'posters', 'digitalart', 'artwork', 'guardiansofthegalaxyvolume2', 'guardiansofthegalaxy', 'guardiansofthegalaxyvol', 'guardiansofthegalaxyvolume', 'guardiansofthegalaxyfanart', 'marvel', 'httpstcogx4ju6q2pc']"
2022-10-08T18:48:17.000Z,1092178589037088770,1578819588128575489,"{'retweet_count': 0, 'reply_count': 0, 'like_count': 0, 'quote_count': 0}",Twitter for iPhone,ENDING SOON Check out Look at this on eBay https://t.co/eDdujuu6xX @eBay,['1578819588128575489'],en,ENDING SOON Check Look this eBay httpstcoeDdujuu6xX eBay,"['ending', 'soon', 'check', 'look', 'this', 'ebay', 'httpstcoeddujuu6xx', 'ebay']"
2022-10-08T18:48:10.000Z,1390256780303810560,1578819560362618881,"{'retweet_count': 3, 'reply_count': 0, 'like_count': 0, 'quote_count': 0}",Twitter Web App,"RT @highestdeals: Check out Sheridan Silverplate Ice Bucket https://t.co/x17bMeS5PB #eBay via 
@eBay
.
#Silver #silverplate #icebucket #buc‚Ä¶",['1578819560362618881'],en,highestdeals Check Sheridan Silverplate Bucket httpstcox17bMeS5PB eBay eBaySilver silverplate icebucket,"['highestdeals', 'check', 'sheridan', 'silverplate', 'bucket', 'httpstcox17bmes5pb', 'ebay', 'ebaysilver', 'silverplate', 'icebucket']"
2022-10-08T18:48:10.000Z,1490862850545442820,1578819560211623936,"{'retweet_count': 0, 'reply_count': 0, 'like_count': 0, 'quote_count': 0}",cards-app,2008 Bowman Draft Picks Stars C #ad #basketballcards https://t.co/Z0i4O8bcm5,['1578819560211623936'],en,2008 Bowman Draft Picks Stars basketballcards httpstcoZ0i4O8bcm5,"['2008', 'bowman', 'draft', 'picks', 'stars', 'basketballcards', 'httpstcoz0i4o8bcm5']"
2022-10-08T18:48:10.000Z,1512963282361102337,1578819557749592065,"{'retweet_count': 2165, 'reply_count': 0, 'like_count': 0, 'quote_count': 0}",Twitter for Android,"RT @factory_wolf: PLEASE SHARE‚ÄºÔ∏èüßµ

One of my creations was sent out just before the war broke out. Due to the war causing an international‚Ä¶",['1578819557749592065'],en,factorywolf PLEASE SHAREOne creations sent just before broke causing international,"['factorywolf', 'please', 'shareone', 'creations', 'sent', 'just', 'before', 'broke', 'causing', 'international']"
2022-10-08T18:48:07.000Z,1146728103642849282,1578819547939082241,"{'retweet_count': 0, 'reply_count': 0, 'like_count': 0, 'quote_count': 0}",Twitter for iPhone,This pic I found on eBay is taking me out why is it so zoomed outüò≠ https://t.co/28reF0wAPd,['1578819547939082241'],en,This found eBay taking zoomed httpstco28reF0wAPd,"['this', 'found', 'ebay', 'taking', 'zoomed', 'httpstco28ref0wapd']"
2022-10-08T18:48:07.000Z,1526730878088622080,1578819547741949952,"{'retweet_count': 0, 'reply_count': 0, 'like_count': 0, 'quote_count': 0}",dlvr.it,CC Filson Mens Hoodie Sweatshirt Solid Brown Drawstring Fleece Lined 2XL XXL https://t.co/z9htmsnopP #vintage #antique #fashion,['1578819547741949952'],en,Filson Mens Hoodie Sweatshirt Solid Brown Drawstring Fleece Lined httpstcoz9htmsnopP vintage antique fashion,"['filson', 'mens', 'hoodie', 'sweatshirt', 'solid', 'brown', 'drawstring', 'fleece', 'lined', 'httpstcoz9htmsnopp', 'vintage', 'antique', 'fashion']"
2022-10-08T18:48:06.000Z,1092178589037088770,1578819542825852928,"{'retweet_count': 0, 'reply_count': 0, 'like_count': 0, 'quote_count': 0}",Twitter for iPhone,ENDING SOON Check out Look at this on eBay https://t.co/mlhztUqtjK @eBay,['1578819542825852928'],en,ENDING SOON Check Look this eBay httpstcomlhztUqtjK eBay,"['ending', 'soon', 'check', 'look', 'this', 'ebay', 'httpstcomlhztuqtjk', 'ebay']"
2022-10-08T18:48:06.000Z,1526730878088622080,1578819541047865344,"{'retweet_count': 0, 'reply_count': 0, 'like_count': 0, 'quote_count': 0}",dlvr.it,Polo Ralph Lauren Mens Hoodie Sweatshirt Blue Hibiscus Floral Terry Cloth L https://t.co/zUe7dJtIem #vintage #antique #fashion,['1578819541047865344'],en,Polo Ralph Lauren Mens Hoodie Sweatshirt Blue Hibiscus Floral Terry Cloth httpstcozUe7dJtIem vintage antique fashion,"['polo', 'ralph', 'lauren', 'mens', 'hoodie', 'sweatshirt', 'blue', 'hibiscus', 'floral', 'terry', 'cloth', 'httpstcozue7djtiem', 'vintage', 'antique', 'fashion']"
2022-10-08T18:48:05.000Z,1490872718274793473,1578819536698019841,"{'retweet_count': 0, 'reply_count': 0, 'like_count': 0, 'quote_count': 0}",card-radar,2001 SP Authentic Future Watch  #sportscards #sponsored https://t.co/HgexCWSEuH,['1578819536698019841'],en,2001 Authentic Future Watch sportscards sponsored httpstcoHgexCWSEuH,"['2001', 'authentic', 'future', 'watch', 'sportscards', 'sponsored', 'httpstcohgexcwseuh']"
2022-10-08T18:48:04.000Z,1526730878088622080,1578819534165012480,"{'retweet_count': 0, 'reply_count': 0, 'like_count': 0, 'quote_count': 0}",dlvr.it,Covelo Womens Cardigan Sweater Red Wool Blend Long Sleeve Ruffle Trim Knit L https://t.co/G3amkiTkLL #vintage #antique #fashion,['1578819534165012480'],en,Covelo Womens Cardigan Sweater Wool Blend Long Sleeve Ruffle Trim Knit httpstcoG3amkiTkLL vintage antique fashion,"['covelo', 'womens', 'cardigan', 'sweater', 'wool', 'blend', 'long', 'sleeve', 'ruffle', 'trim', 'knit', 'httpstcog3amkitkll', 'vintage', 'antique', 'fashion']"
2022-10-08T18:48:04.000Z,40199130,1578819533640724481,"{'retweet_count': 0, 'reply_count': 0, 'like_count': 0, 'quote_count': 0}",dlvr.it,Super Hot Deal! Get it for only $8.44! Compare: Walmart ($18.96) | Target ($18.98) | eBay ($24.34) | Instacart ($26.94) https://t.co/AUSJonCiI2,['1578819533640724481'],en,Super Deal only Compare Walmart 1896 Target 1898 eBay 2434 Instacart 2694 httpstcoAUSJonCiI2,"['super', 'deal', 'only', 'compare', 'walmart', '1896', 'target', '1898', 'ebay', '2434', 'instacart', '2694', 'httpstcoausjoncii2']"
2022-10-08T18:48:03.000Z,1442834719524237312,1578819529181839360,"{'retweet_count': 0, 'reply_count': 0, 'like_count': 0, 'quote_count': 0}",Twitter,2019 Topps Stadium Club Auto SCA EJ E #sportscards #sponsored https://t.co/abWVY1ym05,['1578819529181839360'],pl,2019 Topps Stadium Club Auto sportscards sponsored httpstcoabWVY1ym05,"['2019', 'topps', 'stadium', 'club', 'auto', 'sportscards', 'sponsored', 'httpstcoabwvy1ym05']"
2022-10-08T18:48:01.000Z,1395539125055463426,1578819522684866560,"{'retweet_count': 0, 'reply_count': 0, 'like_count': 0, 'quote_count': 0}",Twitter Web App,"Check out Playboy MAGAZINE - October, 1978   DOLLY PARTON COVER (Playmate MARCY HANSON) https://t.co/2OUvqkuYb4 #eBay via @eBay 
#DollyParton #MarcyHanson",['1578819522684866560'],en,Check Playboy MAGAZINE October 1978 DOLLY PARTON COVER Playmate MARCY HANSON httpstco2OUvqkuYb4 eBay eBay DollyParton MarcyHanson,"['check', 'playboy', 'magazine', 'october', '1978', 'dolly', 'parton', 'cover', 'playmate', 'marcy', 'hanson', 'httpstco2ouvqkuyb4', 'ebay', 'ebay', 'dollyparton', 'marcyhanson']"
2022-10-08T18:47:59.000Z,3241162840,1578819510660124672,"{'retweet_count': 0, 'reply_count': 0, 'like_count': 0, 'quote_count': 0}",Twitter Web App,Mira esto: Protector  de Pantalla Cristal Templado  iPhone 14 Pro - Tempered Glass https://t.co/ZORcTQOoMS #eBay a trav√©s de @eBay #BuenasNoches #FelizSabadoATodos,['1578819510660124672'],es,Mira esto Protector Pantalla Cristal Templado iPhone Tempered Glass httpstcoZORcTQOoMS eBay travs eBay BuenasNoches FelizSabadoATodos,"['mira', 'esto', 'protector', 'pantalla', 'cristal', 'templado', 'iphone', 'tempered', 'glass', 'httpstcozorctqooms', 'ebay', 'travs', 'ebay', 'buenasnoches', 'felizsabadoatodos']"
2022-10-08T18:47:58.000Z,1240633536497045504,1578819510085165056,"{'retweet_count': 2165, 'reply_count': 0, 'like_count': 0, 'quote_count': 0}",Twitter for iPhone,"RT @factory_wolf: PLEASE SHARE‚ÄºÔ∏èüßµ

One of my creations was sent out just before the war broke out. Due to the war causing an international‚Ä¶",['1578819510085165056'],en,factorywolf PLEASE SHAREOne creations sent just before broke causing international,"['factorywolf', 'please', 'shareone', 'creations', 'sent', 'just', 'before', 'broke', 'causing', 'international']"
2022-10-08T18:47:58.000Z,1490786574468104196,1578819507996348417,"{'retweet_count': 0, 'reply_count': 0, 'like_count': 0, 'quote_count': 0}",cardalgo,MAXIMO ACOSTA 2021 Bowman 1ST E #baseballcards #ad https://t.co/HD4KoZ19Wp,['1578819507996348417'],es,MAXIMO ACOSTA 2021 Bowman baseballcards httpstcoHD4KoZ19Wp,"['maximo', 'acosta', '2021', 'bowman', 'baseballcards', 'httpstcohd4koz19wp']"
2022-10-08T18:47:56.000Z,320965291,1578819501583630336,"{'retweet_count': 0, 'reply_count': 0, 'like_count': 0, 'quote_count': 0}",Twitter for iPhone,‚úÖ Check out my eBay listing for this new 2022 Bakugan Evolutions Platinum Series Dragonoid Gold True Metal Single Pack A9 https://t.co/U4Tu40EfdV #eBay via @ebay_Canada,['1578819501583630336'],en,Check eBay listing this 2022 Bakugan Evolutions Platinum Series Dragonoid Gold True Metal Single Pack httpstcoU4Tu40EfdV eBay ebayCanada,"['check', 'ebay', 'listing', 'this', '2022', 'bakugan', 'evolutions', 'platinum', 'series', 'dragonoid', 'gold', 'true', 'metal', 'single', 'pack', 'httpstcou4tu40efdv', 'ebay', 'ebaycanada']"
2022-10-08T18:47:56.000Z,1217894140131848203,1578819500681887746,"{'retweet_count': 0, 'reply_count': 0, 'like_count': 1, 'quote_count': 0}",Twitter for iPhone,"Charizard Reverse Holo Evolutions in NM secured for under ¬£20. Gotta love the last min eBay bids. üòÇüî• Attacking this set in reverse , expensive first. Least expensive last. üòÇ just coincidence that paid cheap for the zard üî•üòÇ",['1578819500681887746'],en,Charizard Reverse Holo Evolutions secured under Gotta love last eBay bids Attacking this reverse expensive first Least expensive last just coincidence that paid cheap zard,"['charizard', 'reverse', 'holo', 'evolutions', 'secured', 'under', 'gotta', 'love', 'last', 'ebay', 'bids', 'attacking', 'this', 'reverse', 'expensive', 'first', 'least', 'expensive', 'last', 'just', 'coincidence', 'that', 'paid', 'cheap', 'zard']"
2022-10-08T18:47:54.000Z,1546429554927218688,1578819491177238528,"{'retweet_count': 0, 'reply_count': 0, 'like_count': 0, 'quote_count': 0}",WordPress.com,Kirk Stieff Severn-Worthington Fork 294144 via @ebay @eBayCanada¬†#eBayüá®üá¶ https://t.co/l0ShmOdyKN,['1578819491177238528'],en,Kirk Stieff SevernWorthington Fork 294144 ebay eBayCanadaeBay httpstcol0ShmOdyKN,"['kirk', 'stieff', 'severnworthington', 'fork', '294144', 'ebay', 'ebaycanadaebay', 'httpstcol0shmodykn']"
2022-10-08T18:47:54.000Z,1546429554927218688,1578819491143688192,"{'retweet_count': 0, 'reply_count': 0, 'like_count': 0, 'quote_count': 0}",WordPress.com,Vintage Chinese Scrimshaw Seal Stamp 351F via @ebay @eBayCanada¬†#eBayüá®üá¶ https://t.co/GcgVTZI8xV,['1578819491143688192'],en,Vintage Chinese Scrimshaw Seal Stamp 351F ebay eBayCanadaeBay httpstcoGcgVTZI8xV,"['vintage', 'chinese', 'scrimshaw', 'seal', 'stamp', '351f', 'ebay', 'ebaycanadaebay', 'httpstcogcgvtzi8xv']"
2022-10-08T18:47:54.000Z,1092178589037088770,1578819490787184640,"{'retweet_count': 0, 'reply_count': 0, 'like_count': 0, 'quote_count': 0}",Twitter for iPhone,ENDING SOON Check out Look at this on eBay https://t.co/058AZM69XT @eBay,['1578819490787184640'],en,ENDING SOON Check Look this eBay httpstco058AZM69XT eBay,"['ending', 'soon', 'check', 'look', 'this', 'ebay', 'httpstco058azm69xt', 'ebay']"
2022-10-08T18:47:54.000Z,1546429554927218688,1578819490728402944,"{'retweet_count': 0, 'reply_count': 0, 'like_count': 0, 'quote_count': 0}",WordPress.com,HENRI LAPEYRE Sterling Silver Serving Spoons Set of 5 Antique France via @ebay @eBayCanada¬†#eBayüá®üá¶ https://t.co/ZIqgIIFw36,['1578819490728402944'],en,HENRI LAPEYRE Sterling Silver Serving Spoons Antique France ebay eBayCanadaeBay httpstcoZIqgIIFw36,"['henri', 'lapeyre', 'sterling', 'silver', 'serving', 'spoons', 'antique', 'france', 'ebay', 'ebaycanadaebay', 'httpstcoziqgiifw36']"
2022-10-08T18:47:54.000Z,1546429554927218688,1578819490162540544,"{'retweet_count': 0, 'reply_count': 0, 'like_count': 0, 'quote_count': 0}",WordPress.com,Kirk Stieff Personna Fork 293294 via @ebay @eBayCanada¬†#eBayüá®üá¶ https://t.co/Vkt3AUr6Rm,['1578819490162540544'],en,Kirk Stieff Personna Fork 293294 ebay eBayCanadaeBay httpstcoVkt3AUr6Rm,"['kirk', 'stieff', 'personna', 'fork', '293294', 'ebay', 'ebaycanadaebay', 'httpstcovkt3aur6rm']"
2022-10-08T18:47:54.000Z,1546429554927218688,1578819490002804737,"{'retweet_count': 0, 'reply_count': 0, 'like_count': 0, 'quote_count': 0}",WordPress.com,Papua New Guinea Carved Wood Bowl Keram Islands via @ebay @eBayCanada¬†#eBayüá®üá¶ https://t.co/lKyD2tvsGm,['1578819490002804737'],en,Papua Guinea Carved Wood Bowl Keram Islands ebay eBayCanadaeBay httpstcolKyD2tvsGm,"['papua', 'guinea', 'carved', 'wood', 'bowl', 'keram', 'islands', 'ebay', 'ebaycanadaebay', 'httpstcolkyd2tvsgm']"
2022-10-08T18:47:54.000Z,1546429554927218688,1578819489902505985,"{'retweet_count': 0, 'reply_count': 0, 'like_count': 0, 'quote_count': 0}",WordPress.com,Antique Sterling Silver Miniature Doll House Hot Wax Hand Stamp Seal ‚ÄúF‚Äù 2‚Ä≥ via @ebay @eBayCanada¬†#eBayüá®üá¶ https://t.co/WrqbpWPq58,['1578819489902505985'],en,Antique Sterling Silver Miniature Doll House Hand Stamp Seal ebay eBayCanadaeBay httpstcoWrqbpWPq58,"['antique', 'sterling', 'silver', 'miniature', 'doll', 'house', 'hand', 'stamp', 'seal', 'ebay', 'ebaycanadaebay', 'httpstcowrqbpwpq58']"
2022-10-08T18:47:54.000Z,1546429554927218688,1578819489814446080,"{'retweet_count': 0, 'reply_count': 0, 'like_count': 0, 'quote_count': 0}",WordPress.com,1894 Primative Southern Pine Painted Box Chest 18x9x7‚Äù Hinged Lid Plaque via @ebay @eBayCanada¬†#eBayüá®üá¶ https://t.co/vkkiCPxm19,['1578819489814446080'],en,1894 Primative Southern Pine Painted Chest 18x9x7 Hinged Plaque ebay eBayCanadaeBay httpstcovkkiCPxm19,"['1894', 'primative', 'southern', 'pine', 'painted', 'chest', '18x9x7', 'hinged', 'plaque', 'ebay', 'ebaycanadaebay', 'httpstcovkkicpxm19']"
