public_metrics,text,created_at,author_id,id,source,lang,cleaned_text
"{'retweet_count': 0, 'reply_count': 0, 'like_count': 0, 'quote_count': 0}","The latest update for #Elastic includes ""Beat the holiday rush with #ElasticObservability"" and ""How to be a top online retailer in 2023? Start with a top #ecommerce #search engine"".
 
#Logging #Elasticsearch #DevOps https://t.co/a3LSfqvkSp",2022-09-27T00:27:27.000Z,973203003275608064,1574556285885874181,opsmatters-curator,en,latest update Elastic includes Beat holiday rush with ElasticObservability online retailer Start with ecommerce search engine Logging Elasticsearch DevOps httpstcoaLSfqvkSp
"{'retweet_count': 0, 'reply_count': 0, 'like_count': 0, 'quote_count': 0}",Aussie small business wins international online retailer award #Entrepreneur #Startup #Business #Customer #Brand #b2c #yoyakka https://t.co/CnS4cGsUvW,2022-09-26T23:30:53.000Z,743304698166280193,1574542053110960134,IFTTT,en,Aussie small business wins international online retailer award Entrepreneur Startup Business Customer Brand yoyakka httpstcoCnScGsUvW
"{'retweet_count': 0, 'reply_count': 0, 'like_count': 1, 'quote_count': 0}","@CassandrusB We're seeing the fans turn a new leaf on the unis. It's all turning around after the online/retailer fiascos.

Like Kirby, it sucked. But then the STAR IS FLY'N!",2022-09-26T23:29:56.000Z,2940551587,1574541813767372800,Twitter for Android,en,CassandrusB Were seeing fans turn leaf unis turning around after onlineretailer fiascos Like Kirby sucked then STAR FLYN
"{'retweet_count': 1, 'reply_count': 0, 'like_count': 0, 'quote_count': 0}","RT @Store_Brands: Nick Green, co-founder and CEO of @thrivemarket, talked about the online membership-based retailer‚Äôs private label growth‚Ä¶",2022-09-26T23:09:18.000Z,915747447707783169,1574536622506274816,Twitter for iPhone,en,StoreBrands Nick Green cofounder thrivemarket talked about online membershipbased retailer‚Äôs private label growth‚Ä¶
"{'retweet_count': 0, 'reply_count': 0, 'like_count': 0, 'quote_count': 0}","App-based and online lottery ticket resellers are not permitted to operate in California. The California Lottery has no oversight over these services. To find an authorized California Lottery retailer near you, visit: https://t.co/sHnDIIrfqf. #PlayItSafe #CALottery https://t.co/BdfyDNfZUu",2022-09-26T23:00:09.000Z,22794790,1574534318285901837,Sprout Social,en,Appbased online lottery ticket resellers permitted operate California California Lottery oversight over these services find authorized California Lottery retailer near visit httpstcosHnDIIrfqf PlayItSafe CALottery httpstcoBdfyDNfZUu
"{'retweet_count': 0, 'reply_count': 1, 'like_count': 0, 'quote_count': 0}",Product Brand Page design for online watch retailer - https://t.co/E1gj47SNmC #uidesign #uiuxdesign #ecommerce https://t.co/ZnrMMiVxfl,2022-09-26T22:34:23.000Z,119020074,1574527835162943488,Twitter Web App,en,Product Brand Page design online watch retailer httpstcoEgjSNmC uidesign uiuxdesign ecommerce httpstcoZnrMMiVxfl
"{'retweet_count': 12, 'reply_count': 0, 'like_count': 0, 'quote_count': 0}","RT @jayyatkin9: One for my accounts people this eve  role is literally just going live tonight. Accounts Assistant for an online retailer,‚Ä¶",2022-09-26T22:32:18.000Z,1121468070,1574527310807670789,Twitter for iPhone,en,jayyatkin accounts people this role literally just going live tonight Accounts Assistant online retailer‚Ä¶
"{'retweet_count': 0, 'reply_count': 1, 'like_count': 0, 'quote_count': 0}",@greeknap @zyxrelift @MurphCraft @MsJackieMJ @thismyshow @NY_Comic_Con @Reed_POP It‚Äôs a shared-retailer pop and will be available online at Amazon! Funko posted that news themselves.,2022-09-26T22:32:07.000Z,3331895026,1574527261537194003,Twitter for iPhone,en,greeknap zyxrelift MurphCraft MsJackieMJ thismyshow NYComicCon ReedPOP It‚Äôs sharedretailer will available online Amazon Funko posted that news themselves
"{'retweet_count': 1, 'reply_count': 0, 'like_count': 0, 'quote_count': 0}","RT @LoriAldenHoluta: Five stories, one book! And you can't read ""The Secret of Tarragon Alley"" anywhere else. Buy it for your favorite kid‚Ä¶",2022-09-26T22:26:31.000Z,1452050825514156034,1574525855124320256,Twitter for Android,en,LoriAldenHoluta Five stories book cant read Secret Tarragon Alley anywhere else your favorite kid‚Ä¶
"{'retweet_count': 0, 'reply_count': 0, 'like_count': 1, 'quote_count': 0}","@qldhealth This is certainly true if you buy from dodgy online stores. I buy pure VG/PG from a reputable local retailer, and mix my own juice. I know exactly what's in it.",2022-09-26T22:15:53.000Z,716109835431903232,1574523177304104961,Twitter for Android,en,qldhealth This certainly true from dodgy online stores pure VGPG from reputable local retailer juice know exactly whats
"{'retweet_count': 88, 'reply_count': 0, 'like_count': 0, 'quote_count': 0}","RT @topship_africa: Meet Ozinna Anumudu, founder of https://t.co/j4tWKkOQRN, a leading online fashion retailer in Lagos, Nigeria. 

Ozinna‚Ä¶",2022-09-26T21:58:09.000Z,1537233843748478976,1574518714397036544,Twitter for Android,en,topshipafrica Meet Ozinna Anumudu founder httpstcojtWKkOQRN leading online fashion retailer Lagos Nigeria Ozinna‚Ä¶
"{'retweet_count': 12, 'reply_count': 0, 'like_count': 0, 'quote_count': 0}","RT @jayyatkin9: One for my accounts people this eve  role is literally just going live tonight. Accounts Assistant for an online retailer,‚Ä¶",2022-09-26T21:35:25.000Z,31110557,1574512994230362119,Twitter for Android,en,jayyatkin accounts people this role literally just going live tonight Accounts Assistant online retailer‚Ä¶
"{'retweet_count': 0, 'reply_count': 0, 'like_count': 0, 'quote_count': 0}","Pour yourself a little Ojal√° Wines Merlot, you deserve it!

Find a retailer/ Order online at https://t.co/noU2oMIA92 https://t.co/tN1sI4Q58Y",2022-09-26T21:00:01.000Z,1665738811,1574504085184716800,Buffer,en,Pour yourself little Ojal√° Wines Merlot deserve Find retailer Order online httpstconoUoMIA httpstcotNsIQY
"{'retweet_count': 12, 'reply_count': 0, 'like_count': 0, 'quote_count': 0}","RT @jayyatkin9: One for my accounts people this eve  role is literally just going live tonight. Accounts Assistant for an online retailer,‚Ä¶",2022-09-26T20:52:04.000Z,618019475,1574502083302244353,Twitter for iPhone,en,jayyatkin accounts people this role literally just going live tonight Accounts Assistant online retailer‚Ä¶
"{'retweet_count': 249, 'reply_count': 0, 'like_count': 0, 'quote_count': 0}","RT @TakeMeLeics: Win a ¬£50 Online Shopping voucher of YOUR choice
To enter  
1] LIKE or ‚ô•   
2] SHARE or Retweet
3] COMMENT or TWEET us whi‚Ä¶",2022-09-26T20:48:09.000Z,24004076,1574501100971081730,Twitter Web App,en,TakeMeLeics Online Shopping voucher YOUR choice enter LIKE SHARE Retweet COMMENT TWEET whi‚Ä¶
"{'retweet_count': 88, 'reply_count': 0, 'like_count': 0, 'quote_count': 0}","RT @topship_africa: Meet Ozinna Anumudu, founder of https://t.co/j4tWKkOQRN, a leading online fashion retailer in Lagos, Nigeria. 

Ozinna‚Ä¶",2022-09-26T20:43:49.000Z,725923249410859008,1574500009067700224,Twitter for iPhone,en,topshipafrica Meet Ozinna Anumudu founder httpstcojtWKkOQRN leading online fashion retailer Lagos Nigeria Ozinna‚Ä¶
"{'retweet_count': 0, 'reply_count': 1, 'like_count': 4, 'quote_count': 0}","they don't do it for any other company, either. just a historically massive online retailer with a history of dodgy behavior",2022-09-26T20:41:09.000Z,14922908,1574499335727091713,TweetDeck,en,they dont other company either just historically massive online retailer with history dodgy behavior
"{'retweet_count': 2, 'reply_count': 0, 'like_count': 0, 'quote_count': 0}",RT @Casnewydd_Cycle: Last week when I was shopping in Newport city centre I picked up a board game that was ¬£10 cheaper than that that prim‚Ä¶,2022-09-26T20:24:26.000Z,863347633145995265,1574495129943130161,Twitter for iPhone,en,CasnewyddCycle Last week when shopping Newport city centre picked board game that cheaper than that that prim‚Ä¶
"{'retweet_count': 12, 'reply_count': 0, 'like_count': 0, 'quote_count': 0}","RT @jayyatkin9: One for my accounts people this eve  role is literally just going live tonight. Accounts Assistant for an online retailer,‚Ä¶",2022-09-26T20:21:19.000Z,229179012,1574494346237427713,Twitter for iPhone,en,jayyatkin accounts people this role literally just going live tonight Accounts Assistant online retailer‚Ä¶
"{'retweet_count': 12, 'reply_count': 0, 'like_count': 0, 'quote_count': 0}","RT @jayyatkin9: One for my accounts people this eve  role is literally just going live tonight. Accounts Assistant for an online retailer,‚Ä¶",2022-09-26T20:21:14.000Z,256473587,1574494323743375396,Twitter for iPhone,en,jayyatkin accounts people this role literally just going live tonight Accounts Assistant online retailer‚Ä¶
"{'retweet_count': 249, 'reply_count': 0, 'like_count': 0, 'quote_count': 0}","RT @TakeMeLeics: Win a ¬£50 Online Shopping voucher of YOUR choice
To enter  
1] LIKE or ‚ô•   
2] SHARE or Retweet
3] COMMENT or TWEET us whi‚Ä¶",2022-09-26T20:12:29.000Z,20344026,1574492124506095617,Twitter for iPhone,en,TakeMeLeics Online Shopping voucher YOUR choice enter LIKE SHARE Retweet COMMENT TWEET whi‚Ä¶
"{'retweet_count': 0, 'reply_count': 0, 'like_count': 0, 'quote_count': 0}","Walmart Debuts Roblox Worlds as ‚ÄòTesting Ground‚Äô for the Metaverse - https://t.co/01ehGXJ14Z -  
In brief
Walmart has launched online game worlds in Roblox, a popular Web2 gaming platform.
The retailer previou . https://t.co/HLaC1kwTQz",2022-09-26T20:04:21.000Z,1573105131666649088,1574490076993593344,firstbz,en,Walmart Debuts Roblox Worlds ‚ÄòTesting Ground‚Äô Metaverse httpstcoehGXJZ brief Walmart launched online game worlds Roblox popular gaming platform retailer previou httpstcoHLaCkwTQz
"{'retweet_count': 2, 'reply_count': 0, 'like_count': 0, 'quote_count': 0}",RT @Casnewydd_Cycle: Last week when I was shopping in Newport city centre I picked up a board game that was ¬£10 cheaper than that that prim‚Ä¶,2022-09-26T20:01:44.000Z,833780458555076608,1574489419779915787,TweetDeck,en,CasnewyddCycle Last week when shopping Newport city centre picked board game that cheaper than that that prim‚Ä¶
"{'retweet_count': 1, 'reply_count': 0, 'like_count': 1, 'quote_count': 0}","Nick Green, co-founder and CEO of @thrivemarket, talked about the online membership-based retailer‚Äôs private label growth, its pricing model, sustainability and more during a keynote interview at @Groceryshop 2022.

https://t.co/V8kNTWMqpl #privatelabel #grocery #groceryshop2022",2022-09-26T20:01:20.000Z,213381742,1574489316885250063,Hootsuite Inc.,en,Nick Green cofounder thrivemarket talked about online membershipbased retailer‚Äôs private label growth pricing model sustainability more during keynote interview Groceryshop httpstcoVkNTWMqpl privatelabel grocery groceryshop
"{'retweet_count': 0, 'reply_count': 0, 'like_count': 1, 'quote_count': 0}","A huge thank you to @mtnroseherbs for donating a $100 gift card to the Wild &amp; Scenic Online Auction! Mountain Rose Herbs is an American grower, processor, distributor, and retailer of herbs, spices, teas, essential oils &amp; DIY ingredients used in herbalism. https://t.co/06dSxNQbwo",2022-09-26T20:00:01.000Z,89330439,1574488984117559316,TweetDeck Web App,en,huge thank mtnroseherbs donating gift card Wild Scenic Online Auction Mountain Rose Herbs American grower processor distributor retailer herbs spices teas essential oils ingredients used herbalism httpstcodSxNQbwo
"{'retweet_count': 2, 'reply_count': 0, 'like_count': 8, 'quote_count': 0}","Last week when I was shopping in Newport city centre I picked up a board game that was ¬£10 cheaper than that that prime retailer plus chatted to the woman in the shop and I was able to find tech stickers that were ¬£3 cheaper than the same online retailer.
Saved ¬£16!
#PortHour",2022-09-26T19:58:37.000Z,88162169,1574488632299339780,Twitter for Android,en,Last week when shopping Newport city centre picked board game that cheaper than that that prime retailer plus chatted woman shop able find tech stickers that were cheaper than same online retailer Saved PortHour
"{'retweet_count': 1, 'reply_count': 0, 'like_count': 1, 'quote_count': 0}","Five stories, one book! And you can't read ""The Secret of Tarragon Alley"" anywhere else. Buy it for your favorite kid (or yourself) at your favorite online retailer. #kidlit #shortstories #omnibus #readerscommunity #ReadersOfTwitter #Steampunk #KidPower

https://t.co/bKbnEPb39f https://t.co/BYGjiWw3W0",2022-09-26T19:49:00.000Z,984422528050450432,1574486212626333703,Twitter Web App,en,Five stories book cant read Secret Tarragon Alley anywhere else your favorite yourself your favorite online retailer kidlit shortstories omnibus readerscommunity ReadersOfTwitter Steampunk KidPower httpstcobKbnEPbf httpstcoBYGjiWwW
"{'retweet_count': 249, 'reply_count': 0, 'like_count': 0, 'quote_count': 0}","RT @TakeMeLeics: Win a ¬£50 Online Shopping voucher of YOUR choice
To enter  
1] LIKE or ‚ô•   
2] SHARE or Retweet
3] COMMENT or TWEET us whi‚Ä¶",2022-09-26T19:35:39.000Z,1542460647237210112,1574482852779106305,Twitter Web App,en,TakeMeLeics Online Shopping voucher YOUR choice enter LIKE SHARE Retweet COMMENT TWEET whi‚Ä¶
"{'retweet_count': 12, 'reply_count': 0, 'like_count': 0, 'quote_count': 0}","RT @jayyatkin9: One for my accounts people this eve  role is literally just going live tonight. Accounts Assistant for an online retailer,‚Ä¶",2022-09-26T19:30:52.000Z,424102724,1574481651224166401,Twitter for Android,en,jayyatkin accounts people this role literally just going live tonight Accounts Assistant online retailer‚Ä¶
"{'retweet_count': 0, 'reply_count': 0, 'like_count': 0, 'quote_count': 0}",üéÅ The holiday shopping season is short &amp; can make/break a retailer‚Äôs year. Learn how retailers can elevate their online shopping experiences w/ #customeridentity &amp; #fraudprevention capabilities to make the most out of the most wonderful time of the year. https://t.co/5QHuGcxf4u https://t.co/aDCOSvvZKv,2022-09-26T19:30:22.000Z,27931927,1574481526246371329,Twitter Web App,en,holiday shopping season short makebreak retailer‚Äôs year Learn retailers elevate their online shopping experiences customeridentity fraudprevention capabilities make most most wonderful time year httpstcoQHuGcxfu httpstcoaDCOSvvZKv
"{'retweet_count': 82, 'reply_count': 0, 'like_count': 0, 'quote_count': 0}","RT @topship_africa: Meet Ozinna Anumudu, the founder of https://t.co/j4tWKkOQRN, a leading online fashion retailer in Lagos, Nigeria. 

Ozi‚Ä¶",2022-09-26T19:23:08.000Z,221565226,1574479704027013122,Twitter for Android,en,topshipafrica Meet Ozinna Anumudu founder httpstcojtWKkOQRN leading online fashion retailer Lagos Nigeria Ozi‚Ä¶
"{'retweet_count': 82, 'reply_count': 0, 'like_count': 0, 'quote_count': 0}","RT @topship_africa: Meet Ozinna Anumudu, the founder of https://t.co/j4tWKkOQRN, a leading online fashion retailer in Lagos, Nigeria. 

Ozi‚Ä¶",2022-09-26T19:04:02.000Z,1414715175471517698,1574474895794356232,Twitter for Android,en,topshipafrica Meet Ozinna Anumudu founder httpstcojtWKkOQRN leading online fashion retailer Lagos Nigeria Ozi‚Ä¶
"{'retweet_count': 88, 'reply_count': 0, 'like_count': 0, 'quote_count': 0}","RT @topship_africa: Meet Ozinna Anumudu, founder of https://t.co/j4tWKkOQRN, a leading online fashion retailer in Lagos, Nigeria. 

Ozinna‚Ä¶",2022-09-26T18:49:00.000Z,1297268897897480193,1574471114574761995,Twitter for iPhone,en,topshipafrica Meet Ozinna Anumudu founder httpstcojtWKkOQRN leading online fashion retailer Lagos Nigeria Ozinna‚Ä¶
"{'retweet_count': 12, 'reply_count': 0, 'like_count': 0, 'quote_count': 0}","RT @jayyatkin9: One for my accounts people this eve  role is literally just going live tonight. Accounts Assistant for an online retailer,‚Ä¶",2022-09-26T18:42:31.000Z,815947274,1574469482088730645,Twitter for iPhone,en,jayyatkin accounts people this role literally just going live tonight Accounts Assistant online retailer‚Ä¶
"{'retweet_count': 12, 'reply_count': 0, 'like_count': 0, 'quote_count': 0}","RT @jayyatkin9: One for my accounts people this eve  role is literally just going live tonight. Accounts Assistant for an online retailer,‚Ä¶",2022-09-26T18:39:26.000Z,1431254671063232518,1574468705022611464,Twitter for iPhone,en,jayyatkin accounts people this role literally just going live tonight Accounts Assistant online retailer‚Ä¶
"{'retweet_count': 12, 'reply_count': 0, 'like_count': 0, 'quote_count': 0}","RT @jayyatkin9: One for my accounts people this eve  role is literally just going live tonight. Accounts Assistant for an online retailer,‚Ä¶",2022-09-26T18:33:16.000Z,3380201182,1574467156603203584,Twitter for iPhone,en,jayyatkin accounts people this role literally just going live tonight Accounts Assistant online retailer‚Ä¶
"{'retweet_count': 12, 'reply_count': 0, 'like_count': 0, 'quote_count': 0}","RT @jayyatkin9: One for my accounts people this eve  role is literally just going live tonight. Accounts Assistant for an online retailer,‚Ä¶",2022-09-26T18:21:04.000Z,305457111,1574464082538893329,Twitter for Android,en,jayyatkin accounts people this role literally just going live tonight Accounts Assistant online retailer‚Ä¶
"{'retweet_count': 12, 'reply_count': 0, 'like_count': 0, 'quote_count': 0}","RT @jayyatkin9: One for my accounts people this eve  role is literally just going live tonight. Accounts Assistant for an online retailer,‚Ä¶",2022-09-26T18:19:41.000Z,170407698,1574463738119426073,Twitter for Android,en,jayyatkin accounts people this role literally just going live tonight Accounts Assistant online retailer‚Ä¶
"{'retweet_count': 12, 'reply_count': 0, 'like_count': 0, 'quote_count': 0}","RT @jayyatkin9: One for my accounts people this eve  role is literally just going live tonight. Accounts Assistant for an online retailer,‚Ä¶",2022-09-26T18:09:54.000Z,1294632655372386305,1574461275425615872,Twitter for iPhone,en,jayyatkin accounts people this role literally just going live tonight Accounts Assistant online retailer‚Ä¶
"{'retweet_count': 12, 'reply_count': 0, 'like_count': 6, 'quote_count': 0}","One for my accounts people this eve  role is literally just going live tonight. Accounts Assistant for an online retailer, who‚Äôs office is based in Sheffield. Perfect for someone who is currently studying AAT and would like to pursue a career in accounts. Msg me for info/spec!!",2022-09-26T18:09:44.000Z,569843556,1574461233255911455,Twitter for iPhone,en,accounts people this role literally just going live tonight Accounts Assistant online retailer who‚Äôs office based Sheffield Perfect someone currently studying would like pursue career accounts infospec
"{'retweet_count': 5, 'reply_count': 0, 'like_count': 0, 'quote_count': 0}","RT @SimonHodgsonLCC: @simonotstreets @Nathaz180 @dusk_uk ‚¨ÜÔ∏è‚¨ÜÔ∏è‚¨ÜÔ∏è The event aims to raise awareness‚¨ÜÔ∏è‚¨ÜÔ∏è‚¨ÜÔ∏è
Dusk, the online homeware retailer,‚Ä¶",2022-09-26T18:02:42.000Z,1439528856,1574459460223119360,Twitter for iPhone,en,SimonHodgsonLCC simonotstreets Nathaz duskuk ‚¨ÜÔ∏è‚¨ÜÔ∏è‚¨ÜÔ∏è event aims raise awareness‚¨ÜÔ∏è‚¨ÜÔ∏è‚¨ÜÔ∏è Dusk online homeware retailer‚Ä¶
"{'retweet_count': 88, 'reply_count': 0, 'like_count': 0, 'quote_count': 0}","RT @topship_africa: Meet Ozinna Anumudu, founder of https://t.co/j4tWKkOQRN, a leading online fashion retailer in Lagos, Nigeria. 

Ozinna‚Ä¶",2022-09-26T17:49:30.000Z,1091139539710689281,1574456138438873088,Twitter for Android,en,topshipafrica Meet Ozinna Anumudu founder httpstcojtWKkOQRN leading online fashion retailer Lagos Nigeria Ozinna‚Ä¶
"{'retweet_count': 249, 'reply_count': 0, 'like_count': 0, 'quote_count': 0}","RT @TakeMeLeics: Win a ¬£50 Online Shopping voucher of YOUR choice
To enter  
1] LIKE or ‚ô•   
2] SHARE or Retweet
3] COMMENT or TWEET us whi‚Ä¶",2022-09-26T17:44:05.000Z,464678265,1574454775558463488,Twitter Web App,en,TakeMeLeics Online Shopping voucher YOUR choice enter LIKE SHARE Retweet COMMENT TWEET whi‚Ä¶
"{'retweet_count': 0, 'reply_count': 0, 'like_count': 0, 'quote_count': 0}","https://t.co/SUNPkmFpol
Expondo is an online #retailer of professional equipment that operates in more than 18 countries in #Europe. Our mission is to provide #professionals and small #businesses with affordable equipment which meets the demanding quality requirements.",2022-09-26T17:33:10.000Z,1274495834269323264,1574452027962396672,Twitter Web App,en,httpstcoSUNPkmFpol Expondo online retailer professional equipment that operates more than countries Europe mission provide professionals small businesses with affordable equipment which meets demanding quality requirements
"{'retweet_count': 49, 'reply_count': 0, 'like_count': 0, 'quote_count': 0}",RT @kylaurel1: Cool off in a Whiteout! A holiday weekend in an isolated cabin with the wrong people is bad enough. Add a freak winter storm‚Ä¶,2022-09-26T17:22:44.000Z,731844484972064768,1574449403343294464,Twitter for Android,en,kylaurel Cool Whiteout holiday weekend isolated cabin with wrong people enough freak winter storm‚Ä¶
"{'retweet_count': 0, 'reply_count': 0, 'like_count': 0, 'quote_count': 0}","Category: Big Business News Of The 2010s ($200)

In June 2017 this online retailer agreed to buy Whole Foods for $13.7 billion 
.
.
.
.
.
.
.
.

Amazon",2022-09-26T17:20:15.000Z,1363132649733296131,1574448778379247617,Twitter,en,Category Business News June this online retailer agreed Whole Foods billion Amazon
"{'retweet_count': 0, 'reply_count': 0, 'like_count': 0, 'quote_count': 0}",Apple‚Äôs online store in India offering festive season discount on¬†purchases https://t.co/BMl82qIROC,2022-09-26T17:12:41.000Z,1563965315221970945,1574446875972730894,WordPress.com,en,Apple‚Äôs online store India offering festive season discount purchases httpstcoBMlqIROC
"{'retweet_count': 0, 'reply_count': 1, 'like_count': 1, 'quote_count': 0}","R.L. Seale‚Äôs 12 Year Aged Barbados Rum‚Å†
‚Å†
An authentic aged Barbados Rum. Available year-round, nationwide, to all channels - through your favorite local retailer and Drizly - or visit https://t.co/3tBFil6rwq for more online ordering options. https://t.co/NMGE2kvXWo",2022-09-26T17:02:52.000Z,1104059410962370560,1574444403741130755,LaterMedia,en,Seale‚Äôs Year Aged Barbados Rum‚Å† authentic aged Barbados Available yearround nationwide channels through your favorite local retailer Drizly visit httpstcotBFilrwq more online ordering options httpstcoNMGEkvXWo
"{'retweet_count': 0, 'reply_count': 0, 'like_count': 0, 'quote_count': 0}",3 Things Every Online Retailer MUST Automate Before Peak Season Hits https://t.co/jyqdALdkIf,2022-09-26T16:59:26.000Z,155868906,1574443539794169857,HubSpot,en,Things Every Online Retailer MUST Automate Before Peak Season Hits httpstcojyqdALdkIf
"{'retweet_count': 1, 'reply_count': 0, 'like_count': 0, 'quote_count': 0}","RT @breitflyte: https://t.co/lyoDbjZUWm 
#BritishAirways #TheWineFlyer #Avios #Breitflyte #avgeek #avgeeks #aviation #airlines",2022-09-26T16:53:17.000Z,2480854673,1574441993996050433,Twitter for Android,qme,breitflyte httpstcolyoDbjZUWm BritishAirways TheWineFlyer Avios Breitflyte avgeek avgeeks aviation airlines
"{'retweet_count': 0, 'reply_count': 1, 'like_count': 1, 'quote_count': 0}","Triangulation fraud involves an online shopper, a commerce site, and a fraudster posing as a retailer. The fraudster uses stolen üí≥ info to ship goods to unsuspecting shoppers.",2022-09-26T16:41:39.000Z,3374589885,1574439067143573505,Twitter Web App,en,Triangulation fraud involves online shopper commerce site fraudster posing retailer fraudster uses stolen info ship goods unsuspecting shoppers
"{'retweet_count': 0, 'reply_count': 1, 'like_count': 30, 'quote_count': 0}","Sold out of almost everything I brought to the artisan market yesterday. 

Received three online orders while I was there. 

Today, a retailer who ordered a few last week came back asking to get 24 of one of the scents today.

'Tis candle season! &lt;3",2022-09-26T16:27:25.000Z,17770958,1574435482741645315,TweetDeck,en,Sold almost everything brought artisan market yesterday Received three online orders while there Today retailer ordered last week came back asking scents today candle season
"{'retweet_count': 0, 'reply_count': 0, 'like_count': 8, 'quote_count': 0}",@Hereticalturf @TheatreSpoonie @notCursedE when you were younger if you bought something online did that retailer reach out to your parents to ask if it was alright?,2022-09-26T16:10:08.000Z,816241265570414592,1574431132631932929,Twitter for iPhone,en,Hereticalturf TheatreSpoonie notCursedE when were younger bought something online that retailer reach your parents alright
"{'retweet_count': 0, 'reply_count': 0, 'like_count': 0, 'quote_count': 0}","Ever wanted to sell your products in a retailer's store or online? We'll show you how.

Join us and @youngfoodies Tuesday 11 October at 11:00am, to get practical knowledge on all aspects of getting retail ready.

Register your place now:
https://t.co/SvfDQrqqaA https://t.co/3LLhypmgBG",2022-09-26T15:53:01.000Z,58776287,1574426824360267776,HubSpot,en,Ever wanted sell your products retailers store online Well show Join youngfoodies Tuesday October practical knowledge aspects getting retail ready Register your place httpstcoSvfDQrqqaA httpstcoLLhypmgBG
"{'retweet_count': 0, 'reply_count': 0, 'like_count': 0, 'quote_count': 0}",We‚Äôre proud to announce that we‚Äôll now be stocked at @thebeautycrewuk ‚Äì a brand new beauty retailer! We‚Äôre delighted to be starting this adventure with The Beauty Crew. You can shop QV Skincare online at: https://t.co/DEUTdIctnu #beyoubebeautiful #thebeautycrewuk #tbc https://t.co/3Jxe9HNqpQ,2022-09-26T15:30:02.000Z,1179754248,1574421042164105218,HubSpot,en,We‚Äôre proud announce that we‚Äôll stocked thebeautycrewuk brand beauty retailer We‚Äôre delighted starting this adventure with Beauty Crew shop Skincare online httpstcoDEUTdIctnu beyoubebeautiful thebeautycrewuk httpstcoJxeHNqpQ
"{'retweet_count': 0, 'reply_count': 0, 'like_count': 0, 'quote_count': 0}","‚ÄúNew data indicates pet owners might be splurging less on their furry companions. Shares of online retailer Chewy are down more than 35% this year.‚Äù Have you been sending less on toys or treats for your furry friends this year? 

https://t.co/OOlvaFwe45",2022-09-26T15:15:07.000Z,983094294188908546,1574417286542376961,Sprout Social,en,‚ÄúNew data indicates owners might splurging less their furry companions Shares online retailer Chewy down more than this year‚Äù Have been sending less toys treats your furry friends this year httpstcoOOlvaFwe
"{'retweet_count': 0, 'reply_count': 0, 'like_count': 0, 'quote_count': 0}","Today it is easier than ever to add commerce to your website. However, even if you are a successful bricks and mortar retailer, taking that business online is very different. Here we consider some of the factors you should consider: https://t.co/D2fOWJdwEN #commerce #ecommerce https://t.co/I3eDjTi0WF",2022-09-26T14:53:36.000Z,2717542273,1574411872916439040,Hootsuite Inc.,en,Today easier than ever commerce your website However even successful bricks mortar retailer taking that business online very different Here consider some factors should consider httpstcoDfOWJdwEN commerce ecommerce httpstcoIeDjTiWF
"{'retweet_count': 88, 'reply_count': 0, 'like_count': 0, 'quote_count': 0}","RT @topship_africa: Meet Ozinna Anumudu, founder of https://t.co/j4tWKkOQRN, a leading online fashion retailer in Lagos, Nigeria. 

Ozinna‚Ä¶",2022-09-26T14:51:11.000Z,1539308050489610240,1574411266562605063,Twitter for Android,en,topshipafrica Meet Ozinna Anumudu founder httpstcojtWKkOQRN leading online fashion retailer Lagos Nigeria Ozinna‚Ä¶
"{'retweet_count': 0, 'reply_count': 0, 'like_count': 1, 'quote_count': 0}","@EVHTN The same sort of problem here  .  and online chat is a farce.  
Retailer says despatched -  Evri say it's scheduled to collect.

They are ruining the reputations of reputable retailers",2022-09-26T14:47:41.000Z,377914002,1574410385490419713,Twitter Web App,en,EVHTN same sort problem here online chat farce Retailer says despatched Evri scheduled collect They ruining reputations reputable retailers
"{'retweet_count': 0, 'reply_count': 0, 'like_count': 0, 'quote_count': 0}","@kevinmd84 Hi Kevin. We're sorry to hear about your experience. Sags greater than 1"" are generally covered. Please contact the original retailer to start a warranty claim. If the retailer directs you back to Serta, you may file a claim via our online form: https://t.co/q0X6H6MuQT",2022-09-26T14:37:30.000Z,106515859,1574407823840124928,Sprout Social,en,kevinmd Kevin Were sorry hear about your experience Sags greater than generally covered Please contact original retailer start warranty claim retailer directs back Serta file claim online form httpstcoqXHMuQT
"{'retweet_count': 0, 'reply_count': 0, 'like_count': 0, 'quote_count': 0}","Retailers continuously work to develop in-store and online technology.

A cyber attack can also expose customers‚Äô personal data ‚Äì resulting in hefty fines, penalties, data loss, financial losses, and reputational damage.

If you are a retailer ‚Äì the NEBRC is here to help. https://t.co/hfbVVlm5OU",2022-09-26T14:01:04.000Z,1178726663296880640,1574398651597725701,Hootsuite Inc.,en,Retailers continuously work develop instore online technology cyber attack also expose customers‚Äô personal data resulting hefty fines penalties data loss financial losses reputational damage retailer NEBRC here help httpstcohfbVVlmOU
"{'retweet_count': 0, 'reply_count': 0, 'like_count': 0, 'quote_count': 0}","Online flooring retailer lends support to the RSPCA in Coventry ü§ùüí™

#WarksBiz #WarksNews #WarksHour #BusinessNews
https://t.co/UIph43qJFK",2022-09-26T14:00:56.000Z,822041703045562369,1574398621625229315,Hootsuite Inc.,en,Online flooring retailer lends support RSPCA Coventry WarksBiz WarksNews WarksHour BusinessNews httpstcoUIphqJFK
"{'retweet_count': 249, 'reply_count': 0, 'like_count': 0, 'quote_count': 0}","RT @TakeMeLeics: Win a ¬£50 Online Shopping voucher of YOUR choice
To enter  
1] LIKE or ‚ô•   
2] SHARE or Retweet
3] COMMENT or TWEET us whi‚Ä¶",2022-09-26T13:54:32.000Z,28596880,1574397009578295296,Twitter Web App,en,TakeMeLeics Online Shopping voucher YOUR choice enter LIKE SHARE Retweet COMMENT TWEET whi‚Ä¶
"{'retweet_count': 0, 'reply_count': 0, 'like_count': 0, 'quote_count': 0}","Our Mythical Beasts collection ranges from majestic (a phoenix) to menacing (a jackalope) to pretty adorable (Nessie). Shop at your local OESD retailer, or online here --&gt; https://t.co/eN8W0XtZs9 üêâüõíü¶Ñ https://t.co/vsiyrUyy5t",2022-09-26T13:44:40.000Z,1244637076244574208,1574394526424236035,Loomly,en,Mythical Beasts collection ranges from majestic phoenix menacing jackalope pretty adorable Nessie Shop your local OESD retailer online here httpstcoeNWXtZs httpstcovsiyrUyyt
"{'retweet_count': 249, 'reply_count': 0, 'like_count': 0, 'quote_count': 0}","RT @TakeMeLeics: Win a ¬£50 Online Shopping voucher of YOUR choice
To enter  
1] LIKE or ‚ô•   
2] SHARE or Retweet
3] COMMENT or TWEET us whi‚Ä¶",2022-09-26T13:39:48.000Z,33014050,1574393301192519682,Twitter Web App,en,TakeMeLeics Online Shopping voucher YOUR choice enter LIKE SHARE Retweet COMMENT TWEET whi‚Ä¶
"{'retweet_count': 0, 'reply_count': 0, 'like_count': 0, 'quote_count': 0}","#Amazon rises pre-market on sales news

üõçÔ∏èThe online retailer announced a new prime day sale in October

This should boost holiday revenue &amp; appeal to squeezed households

#AMZN  +0.4%
-
#tixee #marketupdate

Trading is risky.",2022-09-26T13:28:51.000Z,1356612951189426176,1574390544930848771,Hootsuite Inc.,en,Amazon rises premarket sales news üõçÔ∏èThe online retailer announced prime sale October This should boost holiday revenue appeal squeezed households AMZN tixee marketupdate Trading risky
"{'retweet_count': 1, 'reply_count': 0, 'like_count': 1, 'quote_count': 0}","https://t.co/lyoDbjZUWm 
#BritishAirways #TheWineFlyer #Avios #Breitflyte #avgeek #avgeeks #aviation #airlines",2022-09-26T13:24:34.000Z,1160193529232199681,1574389467821088770,Twitter Web App,qme,httpstcolyoDbjZUWm BritishAirways TheWineFlyer Avios Breitflyte avgeek avgeeks aviation airlines
"{'retweet_count': 0, 'reply_count': 0, 'like_count': 0, 'quote_count': 0}","Online retailer https://t.co/VAdjWZqd6S is to shed more than a third of its workforce due to the deteriorating market conditionsüôÅ

Made will also consolidate its supply chain in Europe and Vietnam, closing its operation in ChinaüòÆ

#CostOfLiving #Online 

https://t.co/AfGW92EhjK",2022-09-26T13:19:14.000Z,52816716,1574388124641288193,Twitter Web App,en,Online retailer httpstcoVAdjWZqdS shed more than third workforce deteriorating market conditionsüôÅ Made will also consolidate supply chain Europe Vietnam closing operation ChinaüòÆ CostOfLiving Online httpstcoAfGWEhjK
"{'retweet_count': 0, 'reply_count': 0, 'like_count': 0, 'quote_count': 0}","Global footwear and clothing brand @Woodland is all set for a change!

#woodland #retailer #retailnews

https://t.co/oiUdZHiWor",2022-09-26T13:07:13.000Z,2719361006,1574385099650441216,Twitter Web App,en,Global footwear clothing brand Woodland change woodland retailer retailnews httpstcooiUdZHiWor
"{'retweet_count': 0, 'reply_count': 0, 'like_count': 0, 'quote_count': 0}","United Kingdom Jobs Vacancy For :
DELIVERY DRIVER - FREE VAN, FUEL, INSURANCE - ¬£117 PER DAY - Malooba | UK OPHIRED

Delivery drivers wanted. Ready to start. Malooba is a highly-rated delivery company working with a well known online retailer in Plymouth. We‚Äôre looking for m‚Ä¶",2022-09-26T13:04:08.000Z,1554760057572966401,1574384324887154697,IFTTT,en,United Kingdom Jobs Vacancy DELIVERY DRIVER FREE FUEL INSURANCE Malooba OPHIRED Delivery drivers wanted Ready start Malooba highlyrated delivery company working with well known online retailer Plymouth We‚Äôre looking
"{'retweet_count': 0, 'reply_count': 0, 'like_count': 0, 'quote_count': 0}","Congratulations Nua on being recognized as one of the top 100 D2C brands in India at D2C 100.

Tata 1mg GreenHonchos

#D2C100 #D2CIndia #IndianRetailer #Retailer #Ecommerce #Online #D2C #SocialCommerce #Commerce https://t.co/nrMdYIG4Jn",2022-09-26T12:45:15.000Z,188264868,1574379574229704708,Hootsuite Inc.,en,Congratulations being recognized brands India Tata GreenHonchos DCIndia IndianRetailer Retailer Ecommerce Online SocialCommerce Commerce httpstconrMdYIGJn
"{'retweet_count': 0, 'reply_count': 0, 'like_count': 0, 'quote_count': 0}","Secret Sales, a marketplace for fashion, #sportswear and beauty brands, has announced a partnership with PUMA.

#puma #retailer #retailnews

https://t.co/0xe2RcR7JI",2022-09-26T12:45:00.000Z,2719361006,1574379509586939904,Twitter Web App,en,Secret Sales marketplace fashion sportswear beauty brands announced partnership with PUMA puma retailer retailnews httpstcoxeRcRJI
"{'retweet_count': 5, 'reply_count': 0, 'like_count': 0, 'quote_count': 0}","RT @SimonHodgsonLCC: @simonotstreets @Nathaz180 @dusk_uk ‚¨ÜÔ∏è‚¨ÜÔ∏è‚¨ÜÔ∏è The event aims to raise awareness‚¨ÜÔ∏è‚¨ÜÔ∏è‚¨ÜÔ∏è
Dusk, the online homeware retailer,‚Ä¶",2022-09-26T12:43:24.000Z,460343427,1574379106686337024,Twitter Web App,en,SimonHodgsonLCC simonotstreets Nathaz duskuk ‚¨ÜÔ∏è‚¨ÜÔ∏è‚¨ÜÔ∏è event aims raise awareness‚¨ÜÔ∏è‚¨ÜÔ∏è‚¨ÜÔ∏è Dusk online homeware retailer‚Ä¶
"{'retweet_count': 5, 'reply_count': 0, 'like_count': 0, 'quote_count': 0}","RT @SimonHodgsonLCC: @simonotstreets @Nathaz180 @dusk_uk ‚¨ÜÔ∏è‚¨ÜÔ∏è‚¨ÜÔ∏è The event aims to raise awareness‚¨ÜÔ∏è‚¨ÜÔ∏è‚¨ÜÔ∏è
Dusk, the online homeware retailer,‚Ä¶",2022-09-26T12:33:52.000Z,1024232215331438592,1574376707099955202,Twitter for iPhone,en,SimonHodgsonLCC simonotstreets Nathaz duskuk ‚¨ÜÔ∏è‚¨ÜÔ∏è‚¨ÜÔ∏è event aims raise awareness‚¨ÜÔ∏è‚¨ÜÔ∏è‚¨ÜÔ∏è Dusk online homeware retailer‚Ä¶
"{'retweet_count': 0, 'reply_count': 0, 'like_count': 0, 'quote_count': 0}","@ballzeebeatbox Hi @ballzeebeatbox. 
As an online retailer, we sell tickets on behalf of the train operators who set the prices. Here are some ways to find cheaper tickets:&gt;https://t.co/cZuq7XPzir
Hope this helps,
~Vero",2022-09-26T12:28:49.000Z,20767880,1574375438872461315,Verint Messaging,en,ballzeebeatbox ballzeebeatbox online retailer sell tickets behalf train operators prices Here some ways find cheaper ticketsgthttpstcocZuqXPzir Hope this helps Vero
"{'retweet_count': 0, 'reply_count': 0, 'like_count': 0, 'quote_count': 0}","#Retail e-commerce #packaging is the #packaging of #products ordered #online through e-commerce websites, which #reaches from #retailer to the end #consumer.

Get Detailed Analysis #Retail E-Commerce #Packaging:
https://t.co/TNpOX24VuF https://t.co/37LJEFwttv",2022-09-26T12:18:42.000Z,1567762099513999361,1574372892955250688,Twitter Web App,en,Retail ecommerce packaging packaging products ordered online through ecommerce websites which reaches from retailer consumer Detailed Analysis Retail ECommerce Packaging httpstcoTNpOXVuF httpstcoLJEFwttv
"{'retweet_count': 0, 'reply_count': 0, 'like_count': 0, 'quote_count': 0}","With @easyuk you can fundraise for Rainy Day Trust for free! Next time you shop online, purchase through Easy Fundraising and the retailer will give you a cash reward to donate to the Rainy Day Trust. 

Find out more: https://t.co/BVgCC9oM2z https://t.co/d8tILYAfkx",2022-09-26T11:30:28.000Z,76934156,1574360754626650112,Hootsuite Inc.,en,With easyuk fundraise Rainy Trust free Next time shop online purchase through Easy Fundraising retailer will give cash reward donate Rainy Trust Find more httpstcoBVgCCoMz httpstcodtILYAfkx
"{'retweet_count': 1, 'reply_count': 0, 'like_count': 0, 'quote_count': 0}","RT @barronsonline: The online retailer is holding its second two-day sales event next month, the first time it has had two Prime Days in on‚Ä¶",2022-09-26T11:28:28.000Z,3359231747,1574360250630578176,Twitter for iPhone,en,barronsonline online retailer holding second twoday sales event next month first time Prime Days
"{'retweet_count': 0, 'reply_count': 0, 'like_count': 0, 'quote_count': 0}","üåüLive brighter with a huge range of lighting products from Shopliance lighting retailer. Sale now on, shop online. #lighting #lights #decoration #home #indoor #outdoors #Online #shopping #shopliance

üëâVisit us - @shopliance_au 

üõíClick Here to Buy - https://t.co/WSfz120l51 https://t.co/YxgAxe42PR",2022-09-26T11:05:53.000Z,1535155325846048768,1574354567286128640,Twitter Web App,en,üåüLive brighter with huge range lighting products from Shopliance lighting retailer Sale shop online lighting lights decoration home indoor outdoors Online shopping shopliance üëâVisit shoplianceau üõíClick Here httpstcoWSfzl httpstcoYxgAxePR
"{'retweet_count': 72, 'reply_count': 0, 'like_count': 0, 'quote_count': 0}",RT @RAGriggsauthor: Few women of her time lived to see their name in print. But Katherine was no ordinary woman. She was Sir Walter Raleigh‚Ä¶,2022-09-26T11:05:27.000Z,1055833706378788864,1574354456866586627,Twitter Web App,en,RAGriggsauthor women time lived their name print Katherine ordinary woman Walter Raleigh‚Ä¶
"{'retweet_count': 0, 'reply_count': 1, 'like_count': 0, 'quote_count': 0}",Dear @help_delhivery @delhivery guys I am continuously following with your support team for POD from 5days but still didnt get the same. My Refund with one of online retailer is stuck due to delivery proof. Urgent pls.,2022-09-26T11:02:48.000Z,907288461299695616,1574353791058866176,Twitter for Android,en,Dear helpdelhivery delhivery guys continuously following with your support team from days still didnt same Refund with online retailer stuck delivery proof Urgent
"{'retweet_count': 0, 'reply_count': 0, 'like_count': 0, 'quote_count': 0}","Congratulations GoDesi on being recognized as one of the top 100 D2C brands in India at D2C 100.

Tata 1mg GreenHonchos

#D2C100 #D2CIndia #IndianRetailer #Retailer #Ecommerce #Online #D2C #SocialCommerce #Commerce https://t.co/gPVnEsKbVS",2022-09-26T11:01:23.000Z,188264868,1574353434513383425,Hootsuite Inc.,en,Congratulations GoDesi being recognized brands India Tata GreenHonchos DCIndia IndianRetailer Retailer Ecommerce Online SocialCommerce Commerce httpstcogPVnEsKbVS
"{'retweet_count': 0, 'reply_count': 1, 'like_count': 0, 'quote_count': 0}","seconds of page load time. (Source: Portent)

2. Almost 70%of customers admit that page speed impacts their willingness to buy from an online retailer. (Source: Unbounce)

3. The average mobile web page loads in almost 15.3 seconds. (Source: Google)",2022-09-26T11:00:01.000Z,1481564336774688768,1574353091452870659,SocialChamp IO ,en,seconds page load time Source Portent Almost customers admit that page speed impacts their willingness from online retailer Source Unbounce average mobile page loads almost seconds Source Google
"{'retweet_count': 82, 'reply_count': 0, 'like_count': 0, 'quote_count': 0}","RT @topship_africa: Meet Ozinna Anumudu, the founder of https://t.co/j4tWKkOQRN, a leading online fashion retailer in Lagos, Nigeria. 

Ozi‚Ä¶",2022-09-26T10:57:45.000Z,1323582050373427200,1574352520826298372,Twitter for iPhone,en,topshipafrica Meet Ozinna Anumudu founder httpstcojtWKkOQRN leading online fashion retailer Lagos Nigeria Ozi‚Ä¶
"{'retweet_count': 0, 'reply_count': 0, 'like_count': 0, 'quote_count': 0}","#NavyCapital #barronsonline: The online retailer is holding its second two-day sales event next month, the first time it has had two Prime Days in one year. https://t.co/x2aDRHzmTQ",2022-09-26T10:54:49.000Z,3183637130,1574351780653240320,IFTTT,en,NavyCapital barronsonline online retailer holding second twoday sales event next month first time Prime Days year httpstcoxaDRHzmTQ
"{'retweet_count': 0, 'reply_count': 0, 'like_count': 0, 'quote_count': 0}","The online retailer is holding its second two-day sales event next month, the first time it has had two Prime Days in one year. https://t.co/erXZUazzho",2022-09-26T10:41:27.000Z,1359581517119426561,1574348416074801153,IFTTT,en,online retailer holding second twoday sales event next month first time Prime Days year httpstcoerXZUazzho
"{'retweet_count': 0, 'reply_count': 0, 'like_count': 0, 'quote_count': 0}","#Jingdong (#JD.com) is China‚Äôs largest #online retailer and its biggest overall #retailer, as well as the country‚Äôs biggest #Internet company by #revenue. More: https://t.co/INnDBo8acT",2022-09-26T10:38:58.000Z,1457090807454916616,1574347792981856257,Twitter Web App,en,Jingdong JDcom China‚Äôs largest online retailer biggest overall retailer well country‚Äôs biggest Internet company revenue More httpstcoINnDBoacT
"{'retweet_count': 249, 'reply_count': 0, 'like_count': 0, 'quote_count': 0}","RT @TakeMeLeics: Win a ¬£50 Online Shopping voucher of YOUR choice
To enter  
1] LIKE or ‚ô•   
2] SHARE or Retweet
3] COMMENT or TWEET us whi‚Ä¶",2022-09-26T10:38:10.000Z,40239576,1574347592628043778,Twitter for iPhone,en,TakeMeLeics Online Shopping voucher YOUR choice enter LIKE SHARE Retweet COMMENT TWEET whi‚Ä¶
"{'retweet_count': 88, 'reply_count': 0, 'like_count': 0, 'quote_count': 0}","RT @topship_africa: Meet Ozinna Anumudu, founder of https://t.co/j4tWKkOQRN, a leading online fashion retailer in Lagos, Nigeria. 

Ozinna‚Ä¶",2022-09-26T10:32:05.000Z,819836239117484032,1574346060356526085,Twitter for iPhone,en,topshipafrica Meet Ozinna Anumudu founder httpstcojtWKkOQRN leading online fashion retailer Lagos Nigeria Ozinna‚Ä¶
"{'retweet_count': 249, 'reply_count': 0, 'like_count': 0, 'quote_count': 0}","RT @TakeMeLeics: Win a ¬£50 Online Shopping voucher of YOUR choice
To enter  
1] LIKE or ‚ô•   
2] SHARE or Retweet
3] COMMENT or TWEET us whi‚Ä¶",2022-09-26T10:27:42.000Z,309879040,1574344957623734273,Twitter Web App,en,TakeMeLeics Online Shopping voucher YOUR choice enter LIKE SHARE Retweet COMMENT TWEET whi‚Ä¶
"{'retweet_count': 0, 'reply_count': 0, 'like_count': 0, 'quote_count': 0}","Amazon to Hold Second Prime Day in October to Boost Holiday Sales $AMZN

https://t.co/imjBw4275G will hold a second Prime Day next month, the first time the online retailer has had two of the sales events in one year.

The full take here ‚úÖ https://t.co/9RLqenwbw8",2022-09-26T10:27:14.000Z,945705076127133696,1574344838786564096,donutsaloon,en,Amazon Hold Second Prime October Boost Holiday Sales AMZN httpstcoimjBwG will hold second Prime next month first time online retailer sales events year full take here httpstcoRLqenwbw
"{'retweet_count': 1, 'reply_count': 0, 'like_count': 5, 'quote_count': 1}","The online retailer is holding its second two-day sales event next month, the first time it has had two Prime Days in one year. https://t.co/ZF1kK3lWjg",2022-09-26T10:23:32.000Z,20449296,1574343907793584129,SocialFlow,en,online retailer holding second twoday sales event next month first time Prime Days year httpstcoZFkKlWjg
"{'retweet_count': 1, 'reply_count': 0, 'like_count': 0, 'quote_count': 0}",RT @tcga20llc: Budget Pet Care . com is a trusted online retailer of top quality brand name flea &amp; tick treatments for cats &amp; dogs at affor‚Ä¶,2022-09-26T10:09:29.000Z,2899758904,1574340373711060992,Twitter Web App,en,tcgallc Budget Care trusted online retailer quality brand name flea tick treatments cats dogs affor‚Ä¶
"{'retweet_count': 0, 'reply_count': 0, 'like_count': 0, 'quote_count': 0}","Congratulations GIVA on being recognized as one of the top 100 D2C brands in India at D2C 100.

Tata 1mg GreenHonchos

#D2C100 #D2CIndia #IndianRetailer #Retailer #Ecommerce #Online #D2C #SocialCommerce #Commerce https://t.co/xTTLFGHTSg",2022-09-26T10:06:56.000Z,188264868,1574339732426850305,Hootsuite Inc.,en,Congratulations GIVA being recognized brands India Tata GreenHonchos DCIndia IndianRetailer Retailer Ecommerce Online SocialCommerce Commerce httpstcoxTTLFGHTSg
"{'retweet_count': 0, 'reply_count': 0, 'like_count': 0, 'quote_count': 0}","üö® @FrasersGroupPLC is set to make a mandatory cash offer to acquire the entire share of online fashion retailer @MySale_
https://t.co/kF6yayzBcK https://t.co/acrCG8tFDM",2022-09-26T10:04:46.000Z,1088832114945077251,1574339185384775682,Buffer,en,FrasersGroupPLC make mandatory cash offer acquire entire share online fashion retailer MySale httpstcokFyayzBcK httpstcoacrCGtFDM
"{'retweet_count': 249, 'reply_count': 0, 'like_count': 0, 'quote_count': 0}","RT @TakeMeLeics: Win a ¬£50 Online Shopping voucher of YOUR choice
To enter  
1] LIKE or ‚ô•   
2] SHARE or Retweet
3] COMMENT or TWEET us whi‚Ä¶",2022-09-26T09:58:19.000Z,1318964965,1574337561933266944,Twitter for Android,en,TakeMeLeics Online Shopping voucher YOUR choice enter LIKE SHARE Retweet COMMENT TWEET whi‚Ä¶
"{'retweet_count': 0, 'reply_count': 0, 'like_count': 0, 'quote_count': 0}","@OberoiMall Wrong Cococart, but if any Oberoi retailer wants to take orders online with a beautiful online storefront that charges no transaction fees, here‚Äôs a free 1-month trial to Cococart Premium üòâ 

https://t.co/KPL0I6WgeP",2022-09-26T09:54:04.000Z,1420121016987127811,1574336493220679682,Twitter for iPhone,en,OberoiMall Wrong Cococart Oberoi retailer wants take orders online with beautiful online storefront that charges transaction fees here‚Äôs free month trial Cococart Premium httpstcoKPLIWgeP
"{'retweet_count': 0, 'reply_count': 0, 'like_count': 0, 'quote_count': 0}","Congratulations Ellementry on being recognized as one of the top 100 D2C brands in India at D2C 100.

Tata 1mg GreenHonchos

#D2C100 #D2CIndia #IndianRetailer #Retailer #Ecommerce #Online #D2C #SocialCommerce #Commerce https://t.co/WCmFhUk4Wo",2022-09-26T09:38:42.000Z,188264868,1574332627359866881,Hootsuite Inc.,en,Congratulations Ellementry being recognized brands India Tata GreenHonchos DCIndia IndianRetailer Retailer Ecommerce Online SocialCommerce Commerce httpstcoWCmFhUkWo
"{'retweet_count': 82, 'reply_count': 0, 'like_count': 0, 'quote_count': 0}","RT @topship_africa: Meet Ozinna Anumudu, the founder of https://t.co/j4tWKkOQRN, a leading online fashion retailer in Lagos, Nigeria. 

Ozi‚Ä¶",2022-09-26T09:26:28.000Z,1317384683404013568,1574329549080432640,Twitter for Android,en,topshipafrica Meet Ozinna Anumudu founder httpstcojtWKkOQRN leading online fashion retailer Lagos Nigeria Ozi‚Ä¶
"{'retweet_count': 0, 'reply_count': 0, 'like_count': 0, 'quote_count': 0}",https://t.co/zor4FCEkXK | Global Online¬†Money https://t.co/w160CVHDfO,2022-09-26T09:08:55.000Z,358686636,1574325131937095682,WordPress.com,en,httpstcozorFCEkXK Global Online Money httpstcowCVHDfO
