source,lang,edit_history_tweet_ids,created_at,text,id,author_id,public_metrics,cleaned_text,Tweet_tokenized
Twitter for Android,en,['1578844547748020224'],2022-10-08T20:27:28.000Z,RT @TalbertSwan: The Black delegation will trade Kanye West and Herschel Walker for a Walmart gift card.,1578844547748020224,46243705,"{'retweet_count': 3597, 'reply_count': 0, 'like_count': 0, 'quote_count': 0}",TalbertSwan Black delegation will trade Kanye West Herschel Walker Walmart gift card,"['talbertswan', 'black', 'delegation', 'will', 'trade', 'kanye', 'west', 'herschel', 'walker', 'walmart', 'gift', 'card']"
Twitter for Android,en,['1578844547236646913'],2022-10-08T20:27:28.000Z,I wanna be old and grey and still get random kisses in line at Walmart ü•∫,1578844547236646913,1311130506243854338,"{'retweet_count': 0, 'reply_count': 0, 'like_count': 0, 'quote_count': 0}",wanna grey still random kisses line Walmart,"['wanna', 'grey', 'still', 'random', 'kisses', 'line', 'walmart']"
Twitter for iPhone,en,['1578844542983249923'],2022-10-08T20:27:27.000Z,"Don‚Äôt ask me why, but Walmart = wear a mask. It‚Äôs da rules",1578844542983249923,906190737829576704,"{'retweet_count': 0, 'reply_count': 0, 'like_count': 0, 'quote_count': 0}",Dont Walmart wear mask rules,"['dont', 'walmart', 'wear', 'mask', 'rules']"
Twitter for iPhone,en,['1578844536847335425'],2022-10-08T20:27:25.000Z,"@NedJeffers You‚Äôre most welcome. 

Btw if you have trouble holding things in, may I also recommend this to you: https://t.co/rtzHKjDuzb. Helped me a huge amount in my formative years‚Ä¶",1578844536847335425,1416609128,"{'retweet_count': 0, 'reply_count': 0, 'like_count': 0, 'quote_count': 0}",NedJeffers Youre most welcome have trouble holding things also recommend this httpstcortzHKjDuzb Helped huge amount formative years,"['nedjeffers', 'youre', 'most', 'welcome', 'have', 'trouble', 'holding', 'things', 'also', 'recommend', 'this', 'httpstcortzhkjduzb', 'helped', 'huge', 'amount', 'formative', 'years']"
Twitter Web App,en,['1578844499869982720'],2022-10-08T20:27:16.000Z,RT @OfficerPorkChop: @LauraLynn209 Meanwhile he‚Äôs walking through Walmart with his mistress next to him üòÇ,1578844499869982720,1449191119867326464,"{'retweet_count': 1, 'reply_count': 0, 'like_count': 0, 'quote_count': 0}",OfficerPorkChop LauraLynn209 Meanwhile walking through Walmart with mistress next,"['officerporkchop', 'lauralynn209', 'meanwhile', 'walking', 'through', 'walmart', 'with', 'mistress', 'next']"
Twitter for iPhone,en,['1578844484347256832'],2022-10-08T20:27:13.000Z,@MoeLenelle Walmart-brand Aaron Judge,1578844484347256832,1120114420477120512,"{'retweet_count': 0, 'reply_count': 0, 'like_count': 0, 'quote_count': 0}",MoeLenelle Walmartbrand Aaron Judge,"['moelenelle', 'walmartbrand', 'aaron', 'judge']"
Twitter for iPhone,en,['1578844472582238208'],2022-10-08T20:27:10.000Z,RT @vnzndt: petition for dream and george to recreate this video irl in a walmart or some shit https://t.co/H9WIrDbldS,1578844472582238208,1394862088485588992,"{'retweet_count': 369, 'reply_count': 0, 'like_count': 0, 'quote_count': 0}",vnzndt petition dream george recreate this video walmart some shit httpstcoH9WIrDbldS,"['vnzndt', 'petition', 'dream', 'george', 'recreate', 'this', 'video', 'walmart', 'some', 'shit', 'httpstcoh9wirdblds']"
Twitter for Android,en,['1578844471974060032'],2022-10-08T20:27:10.000Z,"RT @LRaisone: Classement des entreprises au plus haut revenu en 2021:

1Ô∏è‚É£ Walmart: 572 M$ üá∫üá∏
2Ô∏è‚É£ Amazon: 469 M$ üá∫üá∏
3Ô∏è‚É£ State Grid: 440M$‚Ä¶",1578844471974060032,374395761,"{'retweet_count': 10, 'reply_count': 0, 'like_count': 0, 'quote_count': 0}",LRaisone Classement entreprises plus haut revenu 20211 Walmart Amazon State Grid 440M,"['lraisone', 'classement', 'entreprises', 'plus', 'haut', 'revenu', '20211', 'walmart', 'amazon', 'state', 'grid', '440m']"
Twitter for iPhone,en,['1578844450620514304'],2022-10-08T20:27:05.000Z,"While at the lake, had to pull up to Walmart. Pulled a good one. https://t.co/4xmzdmRNG8",1578844450620514304,4550407825,"{'retweet_count': 0, 'reply_count': 0, 'like_count': 0, 'quote_count': 0}",While lake pull Walmart Pulled good httpstco4xmzdmRNG8,"['while', 'lake', 'pull', 'walmart', 'pulled', 'good', 'httpstco4xmzdmrng8']"
Twitter for iPhone,en,['1578844430353989633'],2022-10-08T20:27:00.000Z,"Yes, SHAREMARTüêª is NOW on the table. Because I am done with clowns who act like they didn‚Äôt send a fucking trap ü™§ email. He does this to other businesses. Shady as fuck. Mind your business. This had nothing to do with you but Walmart owes me. That‚Äôs why Jim had to be HONEST. https://t.co/A8NCfDzl1J https://t.co/6GAw1P24kC",1578844430353989633,1572335551168270336,"{'retweet_count': 0, 'reply_count': 0, 'like_count': 0, 'quote_count': 0}",SHAREMART table Because done with clowns like they didnt send fucking trap email does this other businesses Shady fuck Mind your business This nothing with Walmart owes Thats HONEST httpstcoA8NCfDzl1J httpstco6GAw1P24kC,"['sharemart', 'table', 'because', 'done', 'with', 'clowns', 'like', 'they', 'didnt', 'send', 'fucking', 'trap', 'email', 'does', 'this', 'other', 'businesses', 'shady', 'fuck', 'mind', 'your', 'business', 'this', 'nothing', 'with', 'walmart', 'owes', 'thats', 'honest', 'httpstcoa8ncfdzl1j', 'httpstco6gaw1p24kc']"
Twitter Web App,en,['1578844426683629573'],2022-10-08T20:26:59.000Z,RT @TalbertSwan: The Black delegation will trade Kanye West and Herschel Walker for a Walmart gift card.,1578844426683629573,2474007606,"{'retweet_count': 3597, 'reply_count': 0, 'like_count': 0, 'quote_count': 0}",TalbertSwan Black delegation will trade Kanye West Herschel Walker Walmart gift card,"['talbertswan', 'black', 'delegation', 'will', 'trade', 'kanye', 'west', 'herschel', 'walker', 'walmart', 'gift', 'card']"
Twitter for iPhone,en,['1578844415463784453'],2022-10-08T20:26:56.000Z,@_AVMR_ @aarongreenberg @Walmart @Xbox That happens to mine every two days. Ice at the top of the unit inside. Makes it unusable,1578844415463784453,21371591,"{'retweet_count': 0, 'reply_count': 0, 'like_count': 0, 'quote_count': 0}",AVMR aarongreenberg Walmart Xbox That happens mine every days unit inside Makes unusable,"['avmr', 'aarongreenberg', 'walmart', 'xbox', 'that', 'happens', 'mine', 'every', 'days', 'unit', 'inside', 'makes', 'unusable']"
Twitter for Android,en,['1578844392596856832'],2022-10-08T20:26:51.000Z,RT @TalbertSwan: The Black delegation will trade Kanye West and Herschel Walker for a Walmart gift card.,1578844392596856832,804444027428945920,"{'retweet_count': 3597, 'reply_count': 0, 'like_count': 0, 'quote_count': 0}",TalbertSwan Black delegation will trade Kanye West Herschel Walker Walmart gift card,"['talbertswan', 'black', 'delegation', 'will', 'trade', 'kanye', 'west', 'herschel', 'walker', 'walmart', 'gift', 'card']"
Twitter for iPhone,en,['1578844384111448064'],2022-10-08T20:26:49.000Z,@satelitefreak Walmart had free cookies???,1578844384111448064,2790600106,"{'retweet_count': 0, 'reply_count': 1, 'like_count': 0, 'quote_count': 0}",satelitefreak Walmart free cookies,"['satelitefreak', 'walmart', 'free', 'cookies']"
Twitter for Android,en,['1578844331938435072'],2022-10-08T20:26:36.000Z,RT @TalbertSwan: The Black delegation will trade Kanye West and Herschel Walker for a Walmart gift card.,1578844331938435072,254393760,"{'retweet_count': 3597, 'reply_count': 0, 'like_count': 0, 'quote_count': 0}",TalbertSwan Black delegation will trade Kanye West Herschel Walker Walmart gift card,"['talbertswan', 'black', 'delegation', 'will', 'trade', 'kanye', 'west', 'herschel', 'walker', 'walmart', 'gift', 'card']"
Twitter for iPhone,en,['1578844327857750017'],2022-10-08T20:26:35.000Z,I miss when Walmart had free cookies,1578844327857750017,1199925608312164353,"{'retweet_count': 0, 'reply_count': 1, 'like_count': 0, 'quote_count': 0}",miss when Walmart free cookies,"['miss', 'when', 'walmart', 'free', 'cookies']"
Twitter for iPhone,en,['1578844304470343680'],2022-10-08T20:26:30.000Z,RT @TalbertSwan: The Black delegation will trade Kanye West and Herschel Walker for a Walmart gift card.,1578844304470343680,1074027064762740742,"{'retweet_count': 3597, 'reply_count': 0, 'like_count': 0, 'quote_count': 0}",TalbertSwan Black delegation will trade Kanye West Herschel Walker Walmart gift card,"['talbertswan', 'black', 'delegation', 'will', 'trade', 'kanye', 'west', 'herschel', 'walker', 'walmart', 'gift', 'card']"
Twitter for iPhone,en,['1578844291732238336'],2022-10-08T20:26:27.000Z,"RT @TroyIsZaddy: Need anything from Walmart babe? 

Her: https://t.co/2eSfQ6tvmt",1578844291732238336,1135987940860071937,"{'retweet_count': 7, 'reply_count': 0, 'like_count': 0, 'quote_count': 0}",TroyIsZaddy Need anything from Walmart babe httpstco2eSfQ6tvmt,"['troyiszaddy', 'need', 'anything', 'from', 'walmart', 'babe', 'httpstco2esfq6tvmt']"
Twitter for iPhone,en,['1578844264121118721'],2022-10-08T20:26:20.000Z,@umm5ibns I seen it on Walmart for like $500,1578844264121118721,395650749,"{'retweet_count': 0, 'reply_count': 0, 'like_count': 0, 'quote_count': 0}",umm5ibns seen Walmart like,"['umm5ibns', 'seen', 'walmart', 'like']"
Twitter for Android,en,['1578844257795813376'],2022-10-08T20:26:19.000Z,Holy shit! A PS5 sighting in the wild at my local Walmart. https://t.co/8jQYU9iIiY,1578844257795813376,3070372837,"{'retweet_count': 0, 'reply_count': 0, 'like_count': 3, 'quote_count': 0}",Holy shit sighting wild local Walmart httpstco8jQYU9iIiY,"['holy', 'shit', 'sighting', 'wild', 'local', 'walmart', 'httpstco8jqyu9iiiy']"
Twitter for iPhone,en,['1578844228012019712'],2022-10-08T20:26:12.000Z,RT @TalbertSwan: The Black delegation will trade Kanye West and Herschel Walker for a Walmart gift card.,1578844228012019712,292788635,"{'retweet_count': 3597, 'reply_count': 0, 'like_count': 0, 'quote_count': 0}",TalbertSwan Black delegation will trade Kanye West Herschel Walker Walmart gift card,"['talbertswan', 'black', 'delegation', 'will', 'trade', 'kanye', 'west', 'herschel', 'walker', 'walmart', 'gift', 'card']"
Twitter for iPhone,es,['1578844193220628480'],2022-10-08T20:26:03.000Z,"RT @AlexSamCamp: Jam√°s lleg√≥ Walmart
Jam√°s lleg√≥ IKEA
Jam√°s lleg√≥ Carrefour
Jam√°s lleg√≥ Almacenes Par√≠s

Ni hablemos del turismo que iba a‚Ä¶",1578844193220628480,855512136,"{'retweet_count': 28, 'reply_count': 0, 'like_count': 0, 'quote_count': 0}",AlexSamCamp Jams lleg WalmartJams lleg IKEAJams lleg CarrefourJams lleg Almacenes ParsNi hablemos turismo,"['alexsamcamp', 'jams', 'lleg', 'walmartjams', 'lleg', 'ikeajams', 'lleg', 'carrefourjams', 'lleg', 'almacenes', 'parsni', 'hablemos', 'turismo']"
Twitter for iPhone,en,['1578844191635144705'],2022-10-08T20:26:03.000Z,RT @TalbertSwan: The Black delegation will trade Kanye West and Herschel Walker for a Walmart gift card.,1578844191635144705,924784130444922881,"{'retweet_count': 3597, 'reply_count': 0, 'like_count': 0, 'quote_count': 0}",TalbertSwan Black delegation will trade Kanye West Herschel Walker Walmart gift card,"['talbertswan', 'black', 'delegation', 'will', 'trade', 'kanye', 'west', 'herschel', 'walker', 'walmart', 'gift', 'card']"
Twitter for iPhone,en,['1578844181258473472'],2022-10-08T20:26:00.000Z,RT @I_Am_Lilithfair: @IntentionalTru1 @IsaacHayes3 @PattyArquette @kanyewest @Walmart So many reasons I never shop at Walmart.  This now to‚Ä¶,1578844181258473472,766625877253824513,"{'retweet_count': 25, 'reply_count': 0, 'like_count': 0, 'quote_count': 0}",IAmLilithfair IntentionalTru1 IsaacHayes3 PattyArquette kanyewest Walmart many reasons never shop Walmart This,"['iamlilithfair', 'intentionaltru1', 'isaachayes3', 'pattyarquette', 'kanyewest', 'walmart', 'many', 'reasons', 'never', 'shop', 'walmart', 'this']"
Twitter for iPhone,en,['1578844162279235584'],2022-10-08T20:25:56.000Z,RT @IntentionalTru1: @IsaacHayes3 @PattyArquette @kanyewest Are you proud @Walmart ?! You have Black Lives Matter policy yet Harrison AR ma‚Ä¶,1578844162279235584,766625877253824513,"{'retweet_count': 201, 'reply_count': 0, 'like_count': 0, 'quote_count': 0}",IntentionalTru1 IsaacHayes3 PattyArquette kanyewest proud Walmart have Black Lives Matter policy Harrison,"['intentionaltru1', 'isaachayes3', 'pattyarquette', 'kanyewest', 'proud', 'walmart', 'have', 'black', 'lives', 'matter', 'policy', 'harrison']"
Twitter Web App,en,['1578844161888776192'],2022-10-08T20:25:56.000Z,"RT @Docta_Moe: If anyone is interested in a steelbook for NFS: Unbound, Walmart in US is carrying it with some weird peripherals &amp; the game‚Ä¶",1578844161888776192,13374242,"{'retweet_count': 1, 'reply_count': 0, 'like_count': 0, 'quote_count': 0}",DoctaMoe anyone interested steelbook Unbound Walmart carrying with some weird peripherals game,"['doctamoe', 'anyone', 'interested', 'steelbook', 'unbound', 'walmart', 'carrying', 'with', 'some', 'weird', 'peripherals', 'game']"
Twitter Web App,en,['1578844160228208640'],2022-10-08T20:25:55.000Z,@karinagould The only thing you are worried about is losing your gravy train once Pierre wins.  You will be looking for a new job.  I hear Walmart is hiring.  Don't worry about not being qualified  they aren't too picky,1578844160228208640,1384080594984792068,"{'retweet_count': 0, 'reply_count': 0, 'like_count': 0, 'quote_count': 0}",karinagould only thing worried about losing your gravy train once Pierre wins will looking hear Walmart hiring Dont worry about being qualified they arent picky,"['karinagould', 'only', 'thing', 'worried', 'about', 'losing', 'your', 'gravy', 'train', 'once', 'pierre', 'wins', 'will', 'looking', 'hear', 'walmart', 'hiring', 'dont', 'worry', 'about', 'being', 'qualified', 'they', 'arent', 'picky']"
Twitter for Android,en,['1578844154628435968'],2022-10-08T20:25:54.000Z,RT @TalbertSwan: The Black delegation will trade Kanye West and Herschel Walker for a Walmart gift card.,1578844154628435968,247889672,"{'retweet_count': 3597, 'reply_count': 0, 'like_count': 0, 'quote_count': 0}",TalbertSwan Black delegation will trade Kanye West Herschel Walker Walmart gift card,"['talbertswan', 'black', 'delegation', 'will', 'trade', 'kanye', 'west', 'herschel', 'walker', 'walmart', 'gift', 'card']"
Twitter for iPhone,en,['1578844143572643841'],2022-10-08T20:25:51.000Z,RT @TalbertSwan: The Black delegation will trade Kanye West and Herschel Walker for a Walmart gift card.,1578844143572643841,1139928426683469824,"{'retweet_count': 3597, 'reply_count': 0, 'like_count': 0, 'quote_count': 0}",TalbertSwan Black delegation will trade Kanye West Herschel Walker Walmart gift card,"['talbertswan', 'black', 'delegation', 'will', 'trade', 'kanye', 'west', 'herschel', 'walker', 'walmart', 'gift', 'card']"
Twitter for iPhone,en,['1578844132776480768'],2022-10-08T20:25:49.000Z,Not okay. I full stopped Walmart ( ARKANSAS IS WALMART HQ) 20 years ago! https://t.co/TV3IGENMh1,1578844132776480768,422804369,"{'retweet_count': 0, 'reply_count': 0, 'like_count': 0, 'quote_count': 0}",okay full stopped Walmart ARKANSAS WALMART years httpstcoTV3IGENMh1,"['okay', 'full', 'stopped', 'walmart', 'arkansas', 'walmart', 'years', 'httpstcotv3igenmh1']"
Twitter for iPhone,en,['1578844128716423168'],2022-10-08T20:25:48.000Z,RT @TalbertSwan: The Black delegation will trade Kanye West and Herschel Walker for a Walmart gift card.,1578844128716423168,2557562731,"{'retweet_count': 3597, 'reply_count': 0, 'like_count': 0, 'quote_count': 0}",TalbertSwan Black delegation will trade Kanye West Herschel Walker Walmart gift card,"['talbertswan', 'black', 'delegation', 'will', 'trade', 'kanye', 'west', 'herschel', 'walker', 'walmart', 'gift', 'card']"
Twitter for iPhone,en,['1578844124618235904'],2022-10-08T20:25:47.000Z,@spongebobswizz1 They don't love me like that fr they just want me for my Walmart+ üò™,1578844124618235904,1574177243781218304,"{'retweet_count': 0, 'reply_count': 0, 'like_count': 0, 'quote_count': 0}",spongebobswizz1 They dont love like that they just want Walmart,"['spongebobswizz1', 'they', 'dont', 'love', 'like', 'that', 'they', 'just', 'want', 'walmart']"
Twitter for iPhone,en,['1578844121313443840'],2022-10-08T20:25:46.000Z,Walmart got lean y‚Äôall,1578844121313443840,882387329389932546,"{'retweet_count': 0, 'reply_count': 0, 'like_count': 0, 'quote_count': 0}",Walmart lean yall,"['walmart', 'lean', 'yall']"
Twitter for Android,en,['1578844107317071872'],2022-10-08T20:25:43.000Z,RT @TalbertSwan: The Black delegation will trade Kanye West and Herschel Walker for a Walmart gift card.,1578844107317071872,255527248,"{'retweet_count': 3597, 'reply_count': 0, 'like_count': 0, 'quote_count': 0}",TalbertSwan Black delegation will trade Kanye West Herschel Walker Walmart gift card,"['talbertswan', 'black', 'delegation', 'will', 'trade', 'kanye', 'west', 'herschel', 'walker', 'walmart', 'gift', 'card']"
Twitter for iPhone,en,['1578844106146840576'],2022-10-08T20:25:43.000Z,"RT @EarlLandix: Sista goes to Walmart @ 6am and notices she's being targeted to be kidnapped/sex trafficked. 

She pulls out her CCW and sa‚Ä¶",1578844106146840576,247070530,"{'retweet_count': 310, 'reply_count': 0, 'like_count': 0, 'quote_count': 0}",EarlLandix Sista goes Walmart notices shes being targeted kidnappedsex trafficked pulls,"['earllandix', 'sista', 'goes', 'walmart', 'notices', 'shes', 'being', 'targeted', 'kidnappedsex', 'trafficked', 'pulls']"
Twitter for iPhone,en,['1578844103273779200'],2022-10-08T20:25:42.000Z,"RT @irishrygirl: Dear Georgia, republicans are telling you proudly and publicly just how little they care about you. They don‚Äôt care that t‚Ä¶",1578844103273779200,1238056163406741505,"{'retweet_count': 87, 'reply_count': 0, 'like_count': 0, 'quote_count': 0}",irishrygirl Dear Georgia republicans telling proudly publicly just little they care about They dont care that,"['irishrygirl', 'dear', 'georgia', 'republicans', 'telling', 'proudly', 'publicly', 'just', 'little', 'they', 'care', 'about', 'they', 'dont', 'care', 'that']"
Twitter for iPhone,en,['1578844096357355521'],2022-10-08T20:25:40.000Z,"RT @shopbeyonce: RENAISSANCE Deluxe Vinyl available in stores NOW.

@Target @Amazon @Walmart @BNBuzz and at your local indie retailer. http‚Ä¶",1578844096357355521,1041050395,"{'retweet_count': 633, 'reply_count': 0, 'like_count': 0, 'quote_count': 0}",shopbeyonce RENAISSANCE Deluxe Vinyl available stores NOWTarget Amazon Walmart BNBuzz your local indie retailer http,"['shopbeyonce', 'renaissance', 'deluxe', 'vinyl', 'available', 'stores', 'nowtarget', 'amazon', 'walmart', 'bnbuzz', 'your', 'local', 'indie', 'retailer', 'http']"
Twitter for iPhone,en,['1578844051175940097'],2022-10-08T20:25:29.000Z,"At Walmart customer service and they was fixing machine where u get $$ for phone, old guy was waiting to use  machine so I asked him what type of phone he had  he said Samsung galaxy a13 ‚Ä¶so I said how much u want for it  he said $20 ‚Ä¶so now my daughter got a phone lol ü§ù",1578844051175940097,1478766282782740489,"{'retweet_count': 0, 'reply_count': 0, 'like_count': 0, 'quote_count': 0}",Walmart customer service they fixing machine where phone waiting machine asked what type phone said Samsung galaxy said much want said daughter phone,"['walmart', 'customer', 'service', 'they', 'fixing', 'machine', 'where', 'phone', 'waiting', 'machine', 'asked', 'what', 'type', 'phone', 'said', 'samsung', 'galaxy', 'said', 'much', 'want', 'said', 'daughter', 'phone']"
Twitter for iPhone,en,['1578844041114177536'],2022-10-08T20:25:27.000Z,@NextGenPlayer I‚Äôve seen them at Walmart for weeks now lol,1578844041114177536,1525255841150017543,"{'retweet_count': 0, 'reply_count': 0, 'like_count': 0, 'quote_count': 0}",NextGenPlayer seen them Walmart weeks,"['nextgenplayer', 'seen', 'them', 'walmart', 'weeks']"
Twitter for iPhone,en,['1578844012194062336'],2022-10-08T20:25:20.000Z,I got two Christmas gifts today lmao shoutout to Walmart clearance üòÇüòÇ,1578844012194062336,153597527,"{'retweet_count': 0, 'reply_count': 0, 'like_count': 0, 'quote_count': 0}",Christmas gifts today lmao shoutout Walmart clearance,"['christmas', 'gifts', 'today', 'lmao', 'shoutout', 'walmart', 'clearance']"
Twitter Web App,en,['1578843998902693888'],2022-10-08T20:25:17.000Z,RT @IntentionalTru1: @IsaacHayes3 @PattyArquette @kanyewest Are you proud @Walmart ?! You have Black Lives Matter policy yet Harrison AR ma‚Ä¶,1578843998902693888,714539096920592384,"{'retweet_count': 201, 'reply_count': 0, 'like_count': 0, 'quote_count': 0}",IntentionalTru1 IsaacHayes3 PattyArquette kanyewest proud Walmart have Black Lives Matter policy Harrison,"['intentionaltru1', 'isaachayes3', 'pattyarquette', 'kanyewest', 'proud', 'walmart', 'have', 'black', 'lives', 'matter', 'policy', 'harrison']"
Twitter for Android,en,['1578843996272545793'],2022-10-08T20:25:16.000Z,At the mall of america rn. Walmart better üíØ,1578843996272545793,1207309646454804484,"{'retweet_count': 0, 'reply_count': 0, 'like_count': 0, 'quote_count': 0}",mall america Walmart better,"['mall', 'america', 'walmart', 'better']"
Twitter for iPhone,en,['1578843992539959297'],2022-10-08T20:25:15.000Z,"Every time a new legacy sequel comes out and it‚Äôs actually one worth existing and is great i thank god that it‚Äôs not a 60 second long Super Bowl commercial

Imagine if Top Gun maverick was like 45 seconds of Tom cruise flying to Walmart and back cuz they ran out of Cheetos",1578843992539959297,1440641242094731268,"{'retweet_count': 0, 'reply_count': 0, 'like_count': 1, 'quote_count': 0}",Every time legacy sequel comes actually worth existing great thank that second long Super Bowl commercialImagine maverick like seconds cruise flying Walmart back they Cheetos,"['every', 'time', 'legacy', 'sequel', 'comes', 'actually', 'worth', 'existing', 'great', 'thank', 'that', 'second', 'long', 'super', 'bowl', 'commercialimagine', 'maverick', 'like', 'seconds', 'cruise', 'flying', 'walmart', 'back', 'they', 'cheetos']"
Twitter for Android,en,['1578843985984229376'],2022-10-08T20:25:14.000Z,"RT @irishrygirl: Dear Georgia, republicans are telling you proudly and publicly just how little they care about you. They don‚Äôt care that t‚Ä¶",1578843985984229376,1112380049280385025,"{'retweet_count': 87, 'reply_count': 0, 'like_count': 0, 'quote_count': 0}",irishrygirl Dear Georgia republicans telling proudly publicly just little they care about They dont care that,"['irishrygirl', 'dear', 'georgia', 'republicans', 'telling', 'proudly', 'publicly', 'just', 'little', 'they', 'care', 'about', 'they', 'dont', 'care', 'that']"
Hootsuite Inc.,en,['1578843972952547328'],2022-10-08T20:25:11.000Z,"Explore the Solar System with Buster in print, e and audio

#Walmart https://t.co/1z12BkFEPr
#BN https://t.co/wkSL8gxMGK
#Play https://t.co/Iq7DSWA5ri
#iTunes https://t.co/NbrhslhVDA
#Amazon https://t.co/lgBnIMr3me

#goodreads #picturebooks #kidslit #booklist #libraries #book https://t.co/F9Z9ZqCvmT",1578843972952547328,27702508,"{'retweet_count': 0, 'reply_count': 0, 'like_count': 0, 'quote_count': 0}",Explore Solar System with Buster print audioWalmart httpstco1z12BkFEPrBN httpstcowkSL8gxMGKPlay httpstcoIq7DSWA5riiTunes httpstcoNbrhslhVDAAmazon httpstcolgBnIMr3megoodreads picturebooks kidslit booklist libraries book httpstcoF9Z9ZqCvmT,"['explore', 'solar', 'system', 'with', 'buster', 'print', 'audiowalmart', 'httpstco1z12bkfeprbn', 'httpstcowksl8gxmgkplay', 'httpstcoiq7dswa5riitunes', 'httpstconbrhslhvdaamazon', 'httpstcolgbnimr3megoodreads', 'picturebooks', 'kidslit', 'booklist', 'libraries', 'book', 'httpstcof9z9zqcvmt']"
Twitter Web App,en,['1578843953662922752'],2022-10-08T20:25:06.000Z,@ClownWorld_ I am just glad the Walmart employees fought back for once,1578843953662922752,1372688081816412162,"{'retweet_count': 0, 'reply_count': 0, 'like_count': 0, 'quote_count': 0}",ClownWorld just glad Walmart employees fought back once,"['clownworld', 'just', 'glad', 'walmart', 'employees', 'fought', 'back', 'once']"
Twitter for iPhone,en,['1578843950420754432'],2022-10-08T20:25:05.000Z,RT @AnimalJayson: The girl Yosuke likes wants to kill herself and her life is being ruined because Yosuke‚Äôs family runs a walmart that‚Äôs ch‚Ä¶,1578843950420754432,1317223405234499584,"{'retweet_count': 38, 'reply_count': 0, 'like_count': 0, 'quote_count': 0}",AnimalJayson girl Yosuke likes wants kill herself life being ruined because Yosukes family runs walmart thats,"['animaljayson', 'girl', 'yosuke', 'likes', 'wants', 'kill', 'herself', 'life', 'being', 'ruined', 'because', 'yosukes', 'family', 'runs', 'walmart', 'thats']"
Twitter for Android,es,['1578843935174447104'],2022-10-08T20:25:02.000Z,"RT @Caesar_bassus: El compa cuando por fin pueda comprar jam√≥n en walmart.
#lordjamon",1578843935174447104,1436051886201786374,"{'retweet_count': 13, 'reply_count': 0, 'like_count': 0, 'quote_count': 0}",Caesarbassus compa cuando pueda comprar jamn walmartlordjamon,"['caesarbassus', 'compa', 'cuando', 'pueda', 'comprar', 'jamn', 'walmartlordjamon']"
Zoho Social,en,['1578843930745274369'],2022-10-08T20:25:01.000Z,"57% Off!

Coleman Self-Inflating Sleeping Camp Pad with

https://t.co/nBJw3vCZv2

#BwcDeals #clearthelist #clearthelists https://t.co/nhB6qWXiJQ",1578843930745274369,1178811384387293187,"{'retweet_count': 0, 'reply_count': 0, 'like_count': 0, 'quote_count': 0}",OffColeman SelfInflating Sleeping Camp withhttpstconBJw3vCZv2BwcDeals clearthelist clearthelists httpstconhB6qWXiJQ,"['offcoleman', 'selfinflating', 'sleeping', 'camp', 'withhttpstconbjw3vczv2bwcdeals', 'clearthelist', 'clearthelists', 'httpstconhb6qwxijq']"
Twitter for iPhone,en,['1578843918829248512'],2022-10-08T20:24:58.000Z,RT @TalbertSwan: The Black delegation will trade Kanye West and Herschel Walker for a Walmart gift card.,1578843918829248512,717140360,"{'retweet_count': 3597, 'reply_count': 0, 'like_count': 0, 'quote_count': 0}",TalbertSwan Black delegation will trade Kanye West Herschel Walker Walmart gift card,"['talbertswan', 'black', 'delegation', 'will', 'trade', 'kanye', 'west', 'herschel', 'walker', 'walmart', 'gift', 'card']"
Twitter Web App,en,['1578843915339194370'],2022-10-08T20:24:57.000Z,ü§£ü§£ü§£ü§£ BUT who would give a walmart gift card for those two???? https://t.co/awkA4gdmko,1578843915339194370,1494421092470910976,"{'retweet_count': 0, 'reply_count': 0, 'like_count': 0, 'quote_count': 0}",would give walmart gift card those httpstcoawkA4gdmko,"['would', 'give', 'walmart', 'gift', 'card', 'those', 'httpstcoawka4gdmko']"
Twitter for iPhone,en,['1578843908410265600'],2022-10-08T20:24:55.000Z,"walmart pretty please add a ""3 items or less"" checkout lane so i'm not stuck behind 7 ppl with giant full carts before i buy my One Salad",1578843908410265600,1568599471147126784,"{'retweet_count': 0, 'reply_count': 0, 'like_count': 0, 'quote_count': 0}",walmart pretty please items less checkout lane stuck behind with giant full carts before Salad,"['walmart', 'pretty', 'please', 'items', 'less', 'checkout', 'lane', 'stuck', 'behind', 'with', 'giant', 'full', 'carts', 'before', 'salad']"
Twitter for iPhone,en,['1578843907202641922'],2022-10-08T20:24:55.000Z,RT @Tink_024: @IsaacHayes3 @TraceyCasella @kanyewest Low level of education. Most likely don‚Äôt go far from their home or Walmart. Poverty i‚Ä¶,1578843907202641922,766625877253824513,"{'retweet_count': 29, 'reply_count': 0, 'like_count': 0, 'quote_count': 0}",Tink024 IsaacHayes3 TraceyCasella kanyewest level education Most likely dont from their home Walmart Poverty,"['tink024', 'isaachayes3', 'traceycasella', 'kanyewest', 'level', 'education', 'most', 'likely', 'dont', 'from', 'their', 'home', 'walmart', 'poverty']"
Twitter for Android,en,['1578843906149879808'],2022-10-08T20:24:55.000Z,"üè¢ Places üè¢
#Aldi's
#Ross
#Walmart
#DollarTree
#FoodLion
#Rose's",1578843906149879808,1398882997840007170,"{'retweet_count': 0, 'reply_count': 0, 'like_count': 0, 'quote_count': 0}",Places AldisRossWalmartDollarTreeFoodLionRoses,"['places', 'aldisrosswalmartdollartreefoodlionroses']"
Twitter for iPhone,en,['1578843895332364289'],2022-10-08T20:24:52.000Z,Hid a Squishmallow a few days ago at Walmart but shall not tell until I go back for her ü§´,1578843895332364289,1460497914141319172,"{'retweet_count': 0, 'reply_count': 0, 'like_count': 0, 'quote_count': 0}",Squishmallow days Walmart shall tell until back,"['squishmallow', 'days', 'walmart', 'shall', 'tell', 'until', 'back']"
Twitter for iPhone,en,['1578843890693459968'],2022-10-08T20:24:51.000Z,RT @TalbertSwan: The Black delegation will trade Kanye West and Herschel Walker for a Walmart gift card.,1578843890693459968,4831835650,"{'retweet_count': 3597, 'reply_count': 0, 'like_count': 0, 'quote_count': 0}",TalbertSwan Black delegation will trade Kanye West Herschel Walker Walmart gift card,"['talbertswan', 'black', 'delegation', 'will', 'trade', 'kanye', 'west', 'herschel', 'walker', 'walmart', 'gift', 'card']"
Twitter for iPhone,en,['1578843879344066561'],2022-10-08T20:24:48.000Z,Since every white store @Target @Walmart @amazon @AppleMusic @pandoramusic @Spotify chose to just assume this a random nigga who don‚Äôt matter There won‚Äôt be another black dollar spent   Only black dollars to @iconcharts Genie   Backed the nation‚Ä¶ you can sell from there https://t.co/Ynztuqnsy7,1578843879344066561,1569052618772594691,"{'retweet_count': 0, 'reply_count': 0, 'like_count': 0, 'quote_count': 0}",Since every white store Target Walmart amazon AppleMusic pandoramusic Spotify chose just assume this random nigga dont matter There wont another black dollar spent Only black dollars iconcharts Genie Backed nation sell from there httpstcoYnztuqnsy7,"['since', 'every', 'white', 'store', 'target', 'walmart', 'amazon', 'applemusic', 'pandoramusic', 'spotify', 'chose', 'just', 'assume', 'this', 'random', 'nigga', 'dont', 'matter', 'there', 'wont', 'another', 'black', 'dollar', 'spent', 'only', 'black', 'dollars', 'iconcharts', 'genie', 'backed', 'nation', 'sell', 'from', 'there', 'httpstcoynztuqnsy7']"
Twitter for iPhone,en,['1578843878287114240'],2022-10-08T20:24:48.000Z,"RT @shopbeyonce: RENAISSANCE Deluxe Vinyl available in stores NOW.

@Target @Amazon @Walmart @BNBuzz and at your local indie retailer. http‚Ä¶",1578843878287114240,1193982607920381952,"{'retweet_count': 633, 'reply_count': 0, 'like_count': 0, 'quote_count': 0}",shopbeyonce RENAISSANCE Deluxe Vinyl available stores NOWTarget Amazon Walmart BNBuzz your local indie retailer http,"['shopbeyonce', 'renaissance', 'deluxe', 'vinyl', 'available', 'stores', 'nowtarget', 'amazon', 'walmart', 'bnbuzz', 'your', 'local', 'indie', 'retailer', 'http']"
Twitter Web App,en,['1578843875862798337'],2022-10-08T20:24:48.000Z,"RT @DIDDYRUNTHACITY: I guess we already started @walmart üòÇ
https://t.co/aOAuRUmecT
kick off fall with Rollbacks and More, our October savin‚Ä¶",1578843875862798337,56423777,"{'retweet_count': 1, 'reply_count': 0, 'like_count': 0, 'quote_count': 0}",DIDDYRUNTHACITY guess already started walmart httpstcoaOAuRUmecTkick fall with Rollbacks More October savin,"['diddyrunthacity', 'guess', 'already', 'started', 'walmart', 'httpstcoaoaurumectkick', 'fall', 'with', 'rollbacks', 'more', 'october', 'savin']"
Twitter for iPhone,en,['1578843846829826048'],2022-10-08T20:24:41.000Z,RT @TalbertSwan: The Black delegation will trade Kanye West and Herschel Walker for a Walmart gift card.,1578843846829826048,826579507960221697,"{'retweet_count': 3597, 'reply_count': 0, 'like_count': 0, 'quote_count': 0}",TalbertSwan Black delegation will trade Kanye West Herschel Walker Walmart gift card,"['talbertswan', 'black', 'delegation', 'will', 'trade', 'kanye', 'west', 'herschel', 'walker', 'walmart', 'gift', 'card']"
Twitter for Android,es,['1578843820095332352'],2022-10-08T20:24:34.000Z,RT @RafaEscobedoG: @alfagonzalezm @alfagonzalezm ¬øCu√°nto te pagan para que los puestos en Acoxpa afuera de Walmart tengan una manta o un le‚Ä¶,1578843820095332352,1478004915830239235,"{'retweet_count': 2, 'reply_count': 0, 'like_count': 0, 'quote_count': 0}",RafaEscobedoG alfagonzalezm alfagonzalezm Cunto pagan para puestos Acoxpa afuera Walmart tengan manta,"['rafaescobedog', 'alfagonzalezm', 'alfagonzalezm', 'cunto', 'pagan', 'para', 'puestos', 'acoxpa', 'afuera', 'walmart', 'tengan', 'manta']"
Twitter for iPhone,en,['1578843809001377794'],2022-10-08T20:24:32.000Z,RT @TalbertSwan: The Black delegation will trade Kanye West and Herschel Walker for a Walmart gift card.,1578843809001377794,32962994,"{'retweet_count': 3597, 'reply_count': 0, 'like_count': 0, 'quote_count': 0}",TalbertSwan Black delegation will trade Kanye West Herschel Walker Walmart gift card,"['talbertswan', 'black', 'delegation', 'will', 'trade', 'kanye', 'west', 'herschel', 'walker', 'walmart', 'gift', 'card']"
Twitter for Android,en,['1578843798817239040'],2022-10-08T20:24:29.000Z,RT @srawaityai: Made a white woman cry bc I called her a cunt in Walmart https://t.co/ZYlul0o0ey,1578843798817239040,1599929359,"{'retweet_count': 1, 'reply_count': 0, 'like_count': 0, 'quote_count': 0}",srawaityai Made white woman called cunt Walmart httpstcoZYlul0o0ey,"['srawaityai', 'made', 'white', 'woman', 'called', 'cunt', 'walmart', 'httpstcozylul0o0ey']"
Twitter Web App,en,['1578843798477471744'],2022-10-08T20:24:29.000Z,"RT @DIDDYRUNTHACITY: Y'all shop my collection available @Walmart 
https://t.co/aOAuRUDheT
#MentalHealthAwareness #BlackOwned #MentalHealthM‚Ä¶",1578843798477471744,56423777,"{'retweet_count': 1, 'reply_count': 0, 'like_count': 0, 'quote_count': 0}",DIDDYRUNTHACITY Yall shop collection available Walmart httpstcoaOAuRUDheTMentalHealthAwareness BlackOwned MentalHealthM,"['diddyrunthacity', 'yall', 'shop', 'collection', 'available', 'walmart', 'httpstcoaoaurudhetmentalhealthawareness', 'blackowned', 'mentalhealthm']"
Twitter Web App,en,['1578843787555930113'],2022-10-08T20:24:27.000Z,"#KPWorldTourSingapore #BTSOnTMA2022 
#ÏßÄÍµ¨ÏóêÏÑúÎÖÑÏßÄÏÑ±ÏïÑÌôòÏòÅÌï¥ #GPExplorer #Worlds2022Cup 
#SAM'S CLUB DEALS
SAM'S #club #SALESAND PROMOTIONS
Sam's ClubSams Club is Walmart's wholesale membership club selling a large variety of steeply discounted merchandice
https://t.co/GzZv0oApnw",1578843787555930113,713185218212012032,"{'retweet_count': 0, 'reply_count': 0, 'like_count': 0, 'quote_count': 0}",KPWorldTourSingapore BTSOnTMA2022 GPExplorer Worlds2022Cup SAMS CLUB DEALSSAMS club SALESAND PROMOTIONSSams ClubSams Club Walmarts wholesale membership club selling large variety steeply discounted merchandicehttpstcoGzZv0oApnw,"['kpworldtoursingapore', 'btsontma2022', 'gpexplorer', 'worlds2022cup', 'sams', 'club', 'dealssams', 'club', 'salesand', 'promotionssams', 'clubsams', 'club', 'walmarts', 'wholesale', 'membership', 'club', 'selling', 'large', 'variety', 'steeply', 'discounted', 'merchandicehttpstcogzzv0oapnw']"
Twitter for iPhone,en,['1578843787199381504'],2022-10-08T20:24:27.000Z,"RT @coolmathgame_: walmart employee: stop that

me eating another cigarette: have u found my mom yet",1578843787199381504,1007839019571597312,"{'retweet_count': 65, 'reply_count': 0, 'like_count': 0, 'quote_count': 0}",coolmathgame walmart employee stop thatme eating another cigarette have found,"['coolmathgame', 'walmart', 'employee', 'stop', 'thatme', 'eating', 'another', 'cigarette', 'have', 'found']"
Twitter for iPhone,en,['1578843769801412609'],2022-10-08T20:24:22.000Z,@lalalovesit01 Don‚Äôt get me started on Walmart and their stock on the g3 ghouls‚Ä¶ I‚Äôve been to numerous Walmarts who have em in stock at the back but ‚Äúcan‚Äôt get em because there location or specific bin‚Äù‚Ä¶,1578843769801412609,1378601216410755072,"{'retweet_count': 0, 'reply_count': 0, 'like_count': 0, 'quote_count': 0}",lalalovesit01 Dont started Walmart their stock ghouls been numerous Walmarts have stock back cant because there location specific,"['lalalovesit01', 'dont', 'started', 'walmart', 'their', 'stock', 'ghouls', 'been', 'numerous', 'walmarts', 'have', 'stock', 'back', 'cant', 'because', 'there', 'location', 'specific']"
Twitter for iPhone,en,['1578843749186424832'],2022-10-08T20:24:17.000Z,"going 2 walmart 2 find G3 draculaura, wish me luck!! ü§û https://t.co/agSMgUP0Gz",1578843749186424832,1148673705138098177,"{'retweet_count': 0, 'reply_count': 0, 'like_count': 1, 'quote_count': 0}",going walmart find draculaura wish luck httpstcoagSMgUP0Gz,"['going', 'walmart', 'find', 'draculaura', 'wish', 'luck', 'httpstcoagsmgup0gz']"
Twitter for Android,en,['1578843718341525505'],2022-10-08T20:24:10.000Z,RT @glynbeddau: American do not eat Lamb British or otherwise. Google any Supermarket there including Walmart and check out what they offer‚Ä¶,1578843718341525505,210572044,"{'retweet_count': 2, 'reply_count': 0, 'like_count': 0, 'quote_count': 0}",glynbeddau American Lamb British otherwise Google Supermarket there including Walmart check what they offer,"['glynbeddau', 'american', 'lamb', 'british', 'otherwise', 'google', 'supermarket', 'there', 'including', 'walmart', 'check', 'what', 'they', 'offer']"
Twitter for iPhone,en,['1578843716898328577'],2022-10-08T20:24:10.000Z,"Tell me why Walmart in here playing a Walmart remix to Cupid shuffle‚Ä¶

Tallbout ‚Äúlet me see you do the Walmart shuffle!‚Äù https://t.co/MjgUWce4Cz",1578843716898328577,18887159,"{'retweet_count': 0, 'reply_count': 0, 'like_count': 0, 'quote_count': 0}",Tell Walmart here playing Walmart remix Cupid shuffleTallbout Walmart shuffle httpstcoMjgUWce4Cz,"['tell', 'walmart', 'here', 'playing', 'walmart', 'remix', 'cupid', 'shuffletallbout', 'walmart', 'shuffle', 'httpstcomjguwce4cz']"
Twitter for iPhone,en,['1578843713182105600'],2022-10-08T20:24:09.000Z,RT @TalbertSwan: The Black delegation will trade Kanye West and Herschel Walker for a Walmart gift card.,1578843713182105600,160081550,"{'retweet_count': 3597, 'reply_count': 0, 'like_count': 0, 'quote_count': 0}",TalbertSwan Black delegation will trade Kanye West Herschel Walker Walmart gift card,"['talbertswan', 'black', 'delegation', 'will', 'trade', 'kanye', 'west', 'herschel', 'walker', 'walmart', 'gift', 'card']"
Twitter for iPhone,en,['1578843709642510336'],2022-10-08T20:24:08.000Z,RT @IntentionalTru1: @IsaacHayes3 @PattyArquette @kanyewest Are you proud @Walmart ?! You have Black Lives Matter policy yet Harrison AR ma‚Ä¶,1578843709642510336,3604277295,"{'retweet_count': 201, 'reply_count': 0, 'like_count': 0, 'quote_count': 0}",IntentionalTru1 IsaacHayes3 PattyArquette kanyewest proud Walmart have Black Lives Matter policy Harrison,"['intentionaltru1', 'isaachayes3', 'pattyarquette', 'kanyewest', 'proud', 'walmart', 'have', 'black', 'lives', 'matter', 'policy', 'harrison']"
Twitter for iPhone,en,['1578843685084856320'],2022-10-08T20:24:02.000Z,"Contrary to popular belief‚Ä¶ apparently pasties, tape, or bandaids are NOT acceptable top wear for Walmart‚Ä¶",1578843685084856320,229336447,"{'retweet_count': 0, 'reply_count': 2, 'like_count': 6, 'quote_count': 1}",Contrary popular belief apparently pasties tape bandaids acceptable wear Walmart,"['contrary', 'popular', 'belief', 'apparently', 'pasties', 'tape', 'bandaids', 'acceptable', 'wear', 'walmart']"
Twitter for Android,en,['1578843679112200192'],2022-10-08T20:24:01.000Z,Why can't character creation just read my mind on what I want? Instead I need to spend 3 hours on multiple sliders and still have it look like an urban human zoo exhibit at the local Walmart,1578843679112200192,776328203438665728,"{'retweet_count': 0, 'reply_count': 0, 'like_count': 0, 'quote_count': 0}",cant character creation just read mind what want Instead need spend hours multiple sliders still have look like urban human exhibit local Walmart,"['cant', 'character', 'creation', 'just', 'read', 'mind', 'what', 'want', 'instead', 'need', 'spend', 'hours', 'multiple', 'sliders', 'still', 'have', 'look', 'like', 'urban', 'human', 'exhibit', 'local', 'walmart']"
Twitter for iPhone,en,['1578843666265047040'],2022-10-08T20:23:58.000Z,"@GrammaChris1 @KraftPB That‚Äôs not true, Walmart makes a really good peanut butter and it isn‚Äôt going anywhere",1578843666265047040,2171273113,"{'retweet_count': 0, 'reply_count': 0, 'like_count': 0, 'quote_count': 0}",GrammaChris1 KraftPB Thats true Walmart makes really good peanut butter isnt going anywhere,"['grammachris1', 'kraftpb', 'thats', 'true', 'walmart', 'makes', 'really', 'good', 'peanut', 'butter', 'isnt', 'going', 'anywhere']"
Twitter Web App,en,['1578843658098716673'],2022-10-08T20:23:56.000Z,"RT @LRaisone: Classement des entreprises au plus haut revenu en 2021:

1Ô∏è‚É£ Walmart: 572 M$ üá∫üá∏
2Ô∏è‚É£ Amazon: 469 M$ üá∫üá∏
3Ô∏è‚É£ State Grid: 440M$‚Ä¶",1578843658098716673,1353664376,"{'retweet_count': 10, 'reply_count': 0, 'like_count': 0, 'quote_count': 0}",LRaisone Classement entreprises plus haut revenu 20211 Walmart Amazon State Grid 440M,"['lraisone', 'classement', 'entreprises', 'plus', 'haut', 'revenu', '20211', 'walmart', 'amazon', 'state', 'grid', '440m']"
Twitter for iPhone,en,['1578843655564980225'],2022-10-08T20:23:55.000Z,Let me get some $5 ones from WalmartüòÇ,1578843655564980225,1372571641855754242,"{'retweet_count': 0, 'reply_count': 0, 'like_count': 0, 'quote_count': 0}",some ones from Walmart,"['some', 'ones', 'from', 'walmart']"
Twitter for Android,en,['1578843600510541825'],2022-10-08T20:23:42.000Z,@evilpez4 They have 2/$12 at Walmart Mumford,1578843600510541825,1040434244101664773,"{'retweet_count': 0, 'reply_count': 0, 'like_count': 0, 'quote_count': 0}",evilpez4 They have Walmart Mumford,"['evilpez4', 'they', 'have', 'walmart', 'mumford']"
Twitter for Android,en,['1578843559918440448'],2022-10-08T20:23:32.000Z,"RT @NextGenPlayer: PlayStation fans are cheering because someone actually found a PS5 in stock and for sale at a Walmart store üòÅüëè

It took‚Ä¶",1578843559918440448,91182570,"{'retweet_count': 28, 'reply_count': 0, 'like_count': 0, 'quote_count': 0}",NextGenPlayer PlayStation fans cheering because someone actually found stock sale Walmart store took,"['nextgenplayer', 'playstation', 'fans', 'cheering', 'because', 'someone', 'actually', 'found', 'stock', 'sale', 'walmart', 'store', 'took']"
Twitter for Android,en,['1578843545384804352'],2022-10-08T20:23:29.000Z,RT @AnimalJayson: The girl Yosuke likes wants to kill herself and her life is being ruined because Yosuke‚Äôs family runs a walmart that‚Äôs ch‚Ä¶,1578843545384804352,979729933411979264,"{'retweet_count': 38, 'reply_count': 0, 'like_count': 0, 'quote_count': 0}",AnimalJayson girl Yosuke likes wants kill herself life being ruined because Yosukes family runs walmart thats,"['animaljayson', 'girl', 'yosuke', 'likes', 'wants', 'kill', 'herself', 'life', 'being', 'ruined', 'because', 'yosukes', 'family', 'runs', 'walmart', 'thats']"
Twitter for iPhone,en,['1578843542587572226'],2022-10-08T20:23:28.000Z,"RT @shopbeyonce: RENAISSANCE Deluxe Vinyl available in stores NOW.

@Target @Amazon @Walmart @BNBuzz and at your local indie retailer. http‚Ä¶",1578843542587572226,1388621740226531334,"{'retweet_count': 633, 'reply_count': 0, 'like_count': 0, 'quote_count': 0}",shopbeyonce RENAISSANCE Deluxe Vinyl available stores NOWTarget Amazon Walmart BNBuzz your local indie retailer http,"['shopbeyonce', 'renaissance', 'deluxe', 'vinyl', 'available', 'stores', 'nowtarget', 'amazon', 'walmart', 'bnbuzz', 'your', 'local', 'indie', 'retailer', 'http']"
Twitter for iPhone,en,['1578843520441671680'],2022-10-08T20:23:23.000Z,RT @TalbertSwan: The Black delegation will trade Kanye West and Herschel Walker for a Walmart gift card.,1578843520441671680,1009112933584928768,"{'retweet_count': 3597, 'reply_count': 0, 'like_count': 0, 'quote_count': 0}",TalbertSwan Black delegation will trade Kanye West Herschel Walker Walmart gift card,"['talbertswan', 'black', 'delegation', 'will', 'trade', 'kanye', 'west', 'herschel', 'walker', 'walmart', 'gift', 'card']"
Twitter for Android,es,['1578843503844806656'],2022-10-08T20:23:19.000Z,RT @RafaEscobedoG: @alfagonzalezm ¬øCu√°nto te pagan para que los puestos en Acoxpa afuera de Walmart tengan una manta o un letrero que dice‚Ä¶,1578843503844806656,1478004915830239235,"{'retweet_count': 2, 'reply_count': 0, 'like_count': 0, 'quote_count': 0}",RafaEscobedoG alfagonzalezm Cunto pagan para puestos Acoxpa afuera Walmart tengan manta letrero dice,"['rafaescobedog', 'alfagonzalezm', 'cunto', 'pagan', 'para', 'puestos', 'acoxpa', 'afuera', 'walmart', 'tengan', 'manta', 'letrero', 'dice']"
Twitter for Android,en,['1578843483158085632'],2022-10-08T20:23:14.000Z,"RT @AnimalJayson: You can be a little weird in that role. We‚Äôll loosen it up a bit. You can be a lil feminine, so long as you‚Äôre still FUCK‚Ä¶",1578843483158085632,999913027121045506,"{'retweet_count': 29, 'reply_count': 0, 'like_count': 0, 'quote_count': 0}",AnimalJayson little weird that role Well loosen feminine long youre still FUCK,"['animaljayson', 'little', 'weird', 'that', 'role', 'well', 'loosen', 'feminine', 'long', 'youre', 'still', 'fuck']"
Twitter for iPhone,en,['1578843464363479040'],2022-10-08T20:23:10.000Z,"But he said yes - he tried to FRAME ME yeah, that‚Äôs why I don‚Äôt shake or fcks with Walmart. You shady. https://t.co/VXpeIGfVx0 https://t.co/Rr2Nd8t7ak",1578843464363479040,1572335551168270336,"{'retweet_count': 0, 'reply_count': 0, 'like_count': 0, 'quote_count': 1}",said tried FRAME yeah thats dont shake fcks with Walmart shady httpstcoVXpeIGfVx0 httpstcoRr2Nd8t7ak,"['said', 'tried', 'frame', 'yeah', 'thats', 'dont', 'shake', 'fcks', 'with', 'walmart', 'shady', 'httpstcovxpeigfvx0', 'httpstcorr2nd8t7ak']"
Twitter for iPhone,en,['1578843420663382016'],2022-10-08T20:22:59.000Z,Why Walmart on warrensville so ghetto like that,1578843420663382016,2719434929,"{'retweet_count': 0, 'reply_count': 0, 'like_count': 0, 'quote_count': 0}",Walmart warrensville ghetto like that,"['walmart', 'warrensville', 'ghetto', 'like', 'that']"
Twitter for Android,en,['1578843403285983232'],2022-10-08T20:22:55.000Z,"üëâGet $1,000 in crypto for free! $SG #BTC

 1Ô∏è‚É£DL the SocialGood App (2M+ users)
 2Ô∏è‚É£Shop-to-Earn at 1,800+ sites (eBay, AliExpress, Walmart, Lazada, Shopee, Flipkart)

‚è∞Only now: Earn 100% Crypto Back rewards every time you shop!
üì≤Use invite code: S6Y4QC
https://t.co/r3HCXh7UT0",1578843403285983232,1421580381753597956,"{'retweet_count': 0, 'reply_count': 1, 'like_count': 0, 'quote_count': 0}",1000 crypto free SocialGood users 2ShoptoEarn 1800 sites eBay AliExpress Walmart Lazada Shopee FlipkartOnly Earn Crypto Back rewards every time shopUse invite code S6Y4QChttpstcor3HCXh7UT0,"['1000', 'crypto', 'free', 'socialgood', 'users', '2shoptoearn', '1800', 'sites', 'ebay', 'aliexpress', 'walmart', 'lazada', 'shopee', 'flipkartonly', 'earn', 'crypto', 'back', 'rewards', 'every', 'time', 'shopuse', 'invite', 'code', 's6y4qchttpstcor3hcxh7ut0']"
Twitter for iPhone,en,['1578843390669561856'],2022-10-08T20:22:52.000Z,Anyone know what this refractor is called? I pulled it from a Walmart blaster. https://t.co/pCMzJr2xyb,1578843390669561856,2686114680,"{'retweet_count': 0, 'reply_count': 1, 'like_count': 0, 'quote_count': 0}",Anyone know what this refractor called pulled from Walmart blaster httpstcopCMzJr2xyb,"['anyone', 'know', 'what', 'this', 'refractor', 'called', 'pulled', 'from', 'walmart', 'blaster', 'httpstcopcmzjr2xyb']"
Twitter for iPhone,en,['1578843338878619649'],2022-10-08T20:22:40.000Z,RT @TalbertSwan: The Black delegation will trade Kanye West and Herschel Walker for a Walmart gift card.,1578843338878619649,3981707476,"{'retweet_count': 3597, 'reply_count': 0, 'like_count': 0, 'quote_count': 0}",TalbertSwan Black delegation will trade Kanye West Herschel Walker Walmart gift card,"['talbertswan', 'black', 'delegation', 'will', 'trade', 'kanye', 'west', 'herschel', 'walker', 'walmart', 'gift', 'card']"
Twitter for iPhone,es,['1578843335250563072'],2022-10-08T20:22:39.000Z,"resfriad√≠sima y se me ocurre caminar a walmart como si fuera verano cuando hace un viento infernal, cojuda es mi tercer nombre",1578843335250563072,1103052130561216513,"{'retweet_count': 0, 'reply_count': 0, 'like_count': 0, 'quote_count': 0}",resfriadsima ocurre caminar walmart como fuera verano cuando hace viento infernal cojuda tercer nombre,"['resfriadsima', 'ocurre', 'caminar', 'walmart', 'como', 'fuera', 'verano', 'cuando', 'hace', 'viento', 'infernal', 'cojuda', 'tercer', 'nombre']"
Twitter for iPhone,en,['1578843323221307394'],2022-10-08T20:22:36.000Z,Their QB is named after a Walmart cologne Jack Palance used to sell at Walmart and he‚Äôs the fourth one. No matter what at least we aren‚Äôt that trash.,1578843323221307394,989490409,"{'retweet_count': 0, 'reply_count': 0, 'like_count': 0, 'quote_count': 0}",Their named after Walmart cologne Jack Palance used sell Walmart fourth matter what least arent that trash,"['their', 'named', 'after', 'walmart', 'cologne', 'jack', 'palance', 'used', 'sell', 'walmart', 'fourth', 'matter', 'what', 'least', 'arent', 'that', 'trash']"
Twitter for iPhone,en,['1578843317219266560'],2022-10-08T20:22:34.000Z,I have the absolute worst luck with Walmart pick up ü§¨,1578843317219266560,357267446,"{'retweet_count': 0, 'reply_count': 0, 'like_count': 0, 'quote_count': 0}",have absolute worst luck with Walmart pick,"['have', 'absolute', 'worst', 'luck', 'with', 'walmart', 'pick']"
Twitter for Android,en,['1578843280120614912'],2022-10-08T20:22:26.000Z,Walmart brand Marty McFly feat. A Deer (video unrelated) https://t.co/w1J4r2EUup https://t.co/5Pf6pIQvWo https://t.co/JFwRJvFAzR,1578843280120614912,1616592283,"{'retweet_count': 0, 'reply_count': 0, 'like_count': 1, 'quote_count': 0}",Walmart brand Marty McFly feat Deer video unrelated httpstcow1J4r2EUup httpstco5Pf6pIQvWo httpstcoJFwRJvFAzR,"['walmart', 'brand', 'marty', 'mcfly', 'feat', 'deer', 'video', 'unrelated', 'httpstcow1j4r2euup', 'httpstco5pf6piqvwo', 'httpstcojfwrjvfazr']"
Twitter for iPhone,en,['1578843279059132416'],2022-10-08T20:22:25.000Z,@jhvenus__ just fell to my knees in the middle of walmart,1578843279059132416,1155010294311051269,"{'retweet_count': 0, 'reply_count': 1, 'like_count': 1, 'quote_count': 0}",jhvenus just fell knees middle walmart,"['jhvenus', 'just', 'fell', 'knees', 'middle', 'walmart']"
Twitter for Android,en,['1578843260864581632'],2022-10-08T20:22:21.000Z,RT @TalbertSwan: The Black delegation will trade Kanye West and Herschel Walker for a Walmart gift card.,1578843260864581632,16284638,"{'retweet_count': 3597, 'reply_count': 0, 'like_count': 0, 'quote_count': 0}",TalbertSwan Black delegation will trade Kanye West Herschel Walker Walmart gift card,"['talbertswan', 'black', 'delegation', 'will', 'trade', 'kanye', 'west', 'herschel', 'walker', 'walmart', 'gift', 'card']"
Twitter for iPhone,en,['1578843250059722752'],2022-10-08T20:22:18.000Z,RT @Mikesgi62717027: @6imothy @TomPelissero They thought Wilson was gonna be big time ratings along with trying to impress Walmart owners s‚Ä¶,1578843250059722752,752896547227049984,"{'retweet_count': 1, 'reply_count': 0, 'like_count': 0, 'quote_count': 0}",Mikesgi62717027 6imothy TomPelissero They thought Wilson gonna time ratings along with trying impress Walmart owners,"['mikesgi62717027', '6imothy', 'tompelissero', 'they', 'thought', 'wilson', 'gonna', 'time', 'ratings', 'along', 'with', 'trying', 'impress', 'walmart', 'owners']"
Twitter for Android,en,['1578843248134524929'],2022-10-08T20:22:18.000Z,@TacoExistential The sound I made in Walmart https://t.co/IYeCUbuUsY,1578843248134524929,1549851842267463685,"{'retweet_count': 0, 'reply_count': 0, 'like_count': 0, 'quote_count': 0}",TacoExistential sound made Walmart httpstcoIYeCUbuUsY,"['tacoexistential', 'sound', 'made', 'walmart', 'httpstcoiyecubuusy']"
Twitter for iPhone,fr,['1578843242615148544'],2022-10-08T20:22:17.000Z,@Walmart @WalmartWorld  @WalmartInc  @Walmarttech @WalmartOrg @FamilyMobile  APPLE PAY APPLE PAY APPLE PAY APPLE PAY APPLE PAY,1578843242615148544,2469876378,"{'retweet_count': 0, 'reply_count': 0, 'like_count': 0, 'quote_count': 0}",Walmart WalmartWorld WalmartInc Walmarttech WalmartOrg FamilyMobile APPLE APPLE APPLE APPLE APPLE,"['walmart', 'walmartworld', 'walmartinc', 'walmarttech', 'walmartorg', 'familymobile', 'apple', 'apple', 'apple', 'apple', 'apple']"
Twitter for iPhone,en,['1578843226840395776'],2022-10-08T20:22:13.000Z,@sour_cigarettez we don‚Äôt know each other but please know if u walked past me in a Walmart I would be SO jealous,1578843226840395776,1569512843971801089,"{'retweet_count': 0, 'reply_count': 0, 'like_count': 0, 'quote_count': 0}",sourcigarettez dont know each other please know walked past Walmart would jealous,"['sourcigarettez', 'dont', 'know', 'each', 'other', 'please', 'know', 'walked', 'past', 'walmart', 'would', 'jealous']"
Twitter for Android,en,['1578843215306031105'],2022-10-08T20:22:10.000Z,"RT @EarlLandix: Sista goes to Walmart @ 6am and notices she's being targeted to be kidnapped/sex trafficked. 

She pulls out her CCW and sa‚Ä¶",1578843215306031105,1393566796670701568,"{'retweet_count': 310, 'reply_count': 0, 'like_count': 0, 'quote_count': 0}",EarlLandix Sista goes Walmart notices shes being targeted kidnappedsex trafficked pulls,"['earllandix', 'sista', 'goes', 'walmart', 'notices', 'shes', 'being', 'targeted', 'kidnappedsex', 'trafficked', 'pulls']"
