public_metrics,edit_history_tweet_ids,id,created_at,source,author_id,lang,text,cleaned_text,Tweet_tokenized
"{'retweet_count': 0, 'reply_count': 0, 'like_count': 0, 'quote_count': 0}",['1578819408352665601'],1578819408352665601,2022-10-08T18:47:34.000Z,Twitter for iPhone,1108818128836927488,en,"Iâ€™m tired
Pissed off
Iâ€™m old
I work with fucking idiots who couldnâ€™t run a target department 
I want to sleep
Todays just fucking sucks ass",tiredPissed offIm oldI work with fucking idiots couldnt target department want sleepTodays just fucking sucks,"['tiredpissed', 'offim', 'oldi', 'work', 'with', 'fucking', 'idiots', 'couldnt', 'target', 'department', 'want', 'sleeptodays', 'just', 'fucking', 'sucks']"
"{'retweet_count': 7, 'reply_count': 0, 'like_count': 0, 'quote_count': 0}",['1578819405168857088'],1578819405168857088,2022-10-08T18:47:33.000Z,Twitter for iPhone,4835001889,en,"RT @hswapnil: Age alone should not be a criterion for kidney transplant eligibility 

Latest salvo, from Austria https://t.co/QmVOUW9Byx

tâ€¦",hswapnil alone should criterion kidney transplant eligibility Latest salvo from Austria httpstcoQmVOUW9Byxt,"['hswapnil', 'alone', 'should', 'criterion', 'kidney', 'transplant', 'eligibility', 'latest', 'salvo', 'from', 'austria', 'httpstcoqmvouw9byxt']"
"{'retweet_count': 0, 'reply_count': 0, 'like_count': 0, 'quote_count': 0}",['1578819402732306432'],1578819402732306432,2022-10-08T18:47:33.000Z,Twitter for iPhone,1377094240824594435,en,Target got this Early Black Friday Sale ğŸ¥´,Target this Early Black Friday Sale,"['target', 'this', 'early', 'black', 'friday', 'sale']"
"{'retweet_count': 0, 'reply_count': 0, 'like_count': 0, 'quote_count': 0}",['1578819402648424449'],1578819402648424449,2022-10-08T18:47:33.000Z,Twitter Web App,1557261092556271616,en,$qnt Top analyst price target for next week;:~https://t.co/zbC9XFp5Ge,analyst price target next weekhttpstcozbC9XFp5Ge,"['analyst', 'price', 'target', 'next', 'weekhttpstcozbc9xfp5ge']"
"{'retweet_count': 0, 'reply_count': 1, 'like_count': 0, 'quote_count': 0}",['1578819401281077248'],1578819401281077248,2022-10-08T18:47:32.000Z,Twitter for iPhone,898589809370816514,en,NO I MEANT TO GO TO TARGET AFTWR WORK,MEANT TARGET AFTWR WORK,"['meant', 'target', 'aftwr', 'work']"
"{'retweet_count': 22, 'reply_count': 0, 'like_count': 0, 'quote_count': 0}",['1578819395568029697'],1578819395568029697,2022-10-08T18:47:31.000Z,Twitter for Android,809204656014557184,en,RT @NylaRoseBeast: Ok @Jazwares! @JeremyCom! @AEW! @RingsideC! @Target! @ShopAEW!  Nyla Rose @TBSNetwork  champion edition when?? And Donâ€™tâ€¦,NylaRoseBeast Jazwares JeremyCom RingsideC Target ShopAEW Nyla Rose TBSNetwork champion edition when Dont,"['nylarosebeast', 'jazwares', 'jeremycom', 'ringsidec', 'target', 'shopaew', 'nyla', 'rose', 'tbsnetwork', 'champion', 'edition', 'when', 'dont']"
"{'retweet_count': 0, 'reply_count': 0, 'like_count': 0, 'quote_count': 0}",['1578819394779897856'],1578819394779897856,2022-10-08T18:47:31.000Z,Twitter for Android,1190140827798056960,in,@Khalidchukuchuk On target ni 3-6 bhn,Khalidchukuchuk target,"['khalidchukuchuk', 'target']"
"{'retweet_count': 0, 'reply_count': 0, 'like_count': 0, 'quote_count': 0}",['1578819389146959872'],1578819389146959872,2022-10-08T18:47:30.000Z,Twitter Web App,1557261092556271616,en,$tonr Top analyst price target for next week;:~https://t.co/zbC9XFp5Ge,tonr analyst price target next weekhttpstcozbC9XFp5Ge,"['tonr', 'analyst', 'price', 'target', 'next', 'weekhttpstcozbc9xfp5ge']"
"{'retweet_count': 0, 'reply_count': 0, 'like_count': 0, 'quote_count': 0}",['1578819384008507393'],1578819384008507393,2022-10-08T18:47:28.000Z,Twitter for iPhone,491965078,ar,@Abuabdullah_68 @Al_ADAG @TARGET_10 Ù…Ùˆ Ù‚ØµØ© Ø§Ø³ØªÙ‡Ø§Ù†Ù‡ Ø¨Ø³ Ù‡Ø§Ù„Ø´ÙŠØ¡ Ù…Ø§ÙŠÙ‡ÙˆØ§Ùƒ,Abuabdullah68 AlADAG TARGET10,"['abuabdullah68', 'aladag', 'target10']"
"{'retweet_count': 64, 'reply_count': 0, 'like_count': 0, 'quote_count': 0}",['1578819380456337410'],1578819380456337410,2022-10-08T18:47:28.000Z,Twitter for iPhone,706678981,en,"RT @TeamSeyi4: Brands only have one target, to find a good ambassador and communicator, Adekunle is the man of the moment and for the job #â€¦",TeamSeyi4 Brands only have target find good ambassador communicator Adekunle moment,"['teamseyi4', 'brands', 'only', 'have', 'target', 'find', 'good', 'ambassador', 'communicator', 'adekunle', 'moment']"
"{'retweet_count': 300, 'reply_count': 0, 'like_count': 0, 'quote_count': 0}",['1578819377125728257'],1578819377125728257,2022-10-08T18:47:27.000Z,Twitter for Android,1207792074172420097,en,RT @RitaMcDougald6: Satanâ€™s target is your mind. So fill your mind with the Word of GOD!,RitaMcDougald6 Satans target your mind fill your mind with Word,"['ritamcdougald6', 'satans', 'target', 'your', 'mind', 'fill', 'your', 'mind', 'with', 'word']"
"{'retweet_count': 0, 'reply_count': 0, 'like_count': 0, 'quote_count': 0}",['1578819376706641920'],1578819376706641920,2022-10-08T18:47:27.000Z,Twitter Web App,1557261092556271616,en,$avya Top analyst price target for next week;:~https://t.co/zbC9XFp5Ge,avya analyst price target next weekhttpstcozbC9XFp5Ge,"['avya', 'analyst', 'price', 'target', 'next', 'weekhttpstcozbc9xfp5ge']"
"{'retweet_count': 0, 'reply_count': 0, 'like_count': 0, 'quote_count': 0}",['1578819374492037124'],1578819374492037124,2022-10-08T18:47:26.000Z,Twitter for iPhone,1578814180496318465,ja,"ãƒ¢ãƒ³ã‚¹ãƒˆã§ä¸€ç·’ã«ã‚¬ãƒãƒ£ã‚’å¼•ã‹ãªã„ï¼Ÿ
ã€Œä»Šå¹´ã§æœ€å¾Œï¼9å‘¨å¹´çˆ†çµ¶æ„Ÿè¬ãƒãƒ«ãƒã‚¬ãƒãƒ£ã€
ã¿ã‚“ãªã§å¼•ãã¨æœ€å¤§4ä½“ã‚²ãƒƒãƒˆï¼
https://t.co/M0B29iYNZy
â†‘ã“ã®URLã‚’ã‚¿ãƒƒãƒ—ã™ã‚‹ã¨ã€ã‚¿ãƒƒãƒ—ã—ãŸäººé”åŒå£«ã§ä¸€ç·’ã«ã‚¬ãƒãƒ£ãŒå¼•ã‘ã‚‹ã‚ˆï¼",94httpstcoM0B29iYNZyURL,['94httpstcom0b29iynzyurl']
"{'retweet_count': 91, 'reply_count': 0, 'like_count': 0, 'quote_count': 0}",['1578819372574875649'],1578819372574875649,2022-10-08T18:47:26.000Z,Twitter Web App,1209749431,en,RT @WonderKing82: You gotta be a weak ass Black man to be standing with Kemp. I promise you some Black men will always shit on a Black womaâ€¦,WonderKing82 gotta weak Black standing with Kemp promise some Black will always shit Black woma,"['wonderking82', 'gotta', 'weak', 'black', 'standing', 'with', 'kemp', 'promise', 'some', 'black', 'will', 'always', 'shit', 'black', 'woma']"
"{'retweet_count': 0, 'reply_count': 0, 'like_count': 0, 'quote_count': 0}",['1578819367584010240'],1578819367584010240,2022-10-08T18:47:24.000Z,Twitter for iPhone,277721899,en,Omg my Christmas decor came from target! When I say October needs to hurry up,Christmas decor came from target When October needs hurry,"['christmas', 'decor', 'came', 'from', 'target', 'when', 'october', 'needs', 'hurry']"
"{'retweet_count': 146, 'reply_count': 0, 'like_count': 0, 'quote_count': 0}",['1578819367546261504'],1578819367546261504,2022-10-08T18:47:24.000Z,Twitter for Android,1577264086903046146,tr,"RT @Lovers2Sila: Hayattaki en gÃ¼zel ÅŸey sana destek ve sevgi vermek 

ğŸ“ŒHEDEF: 100 MENTION âš ï¸

EN AZ : 80 RTğŸ’¥

ğŸ“Etiketimiz :
SÄ±laTÃ¼rkoÄŸlu  #â€¦",Lovers2Sila Hayattaki gzel sana destek sevgi vermek HEDEF MENTION RTEtiketimiz SlaTrkolu,"['lovers2sila', 'hayattaki', 'gzel', 'sana', 'destek', 'sevgi', 'vermek', 'hedef', 'mention', 'rtetiketimiz', 'slatrkolu']"
"{'retweet_count': 0, 'reply_count': 0, 'like_count': 0, 'quote_count': 0}",['1578819365189095424'],1578819365189095424,2022-10-08T18:47:24.000Z,Twitter Web App,1557261092556271616,en,$asts Top analyst price target for next week;:~https://t.co/zbC9XFp5Ge,asts analyst price target next weekhttpstcozbC9XFp5Ge,"['asts', 'analyst', 'price', 'target', 'next', 'weekhttpstcozbc9xfp5ge']"
"{'retweet_count': 121, 'reply_count': 0, 'like_count': 0, 'quote_count': 0}",['1578819360918888448'],1578819360918888448,2022-10-08T18:47:23.000Z,Twitter for Android,1444559898784772097,en,RT @BlvckBulmaa: They always skip past Goku and target Vegeta ğŸ’€ https://t.co/6xoW0AKvpX,BlvckBulmaa They always skip past Goku target Vegeta httpstco6xoW0AKvpX,"['blvckbulmaa', 'they', 'always', 'skip', 'past', 'goku', 'target', 'vegeta', 'httpstco6xow0akvpx']"
"{'retweet_count': 23, 'reply_count': 0, 'like_count': 0, 'quote_count': 0}",['1578819357282795521'],1578819357282795521,2022-10-08T18:47:22.000Z,Twitter for Android,1097529767761391616,en,RT @PemaKhanduBJP: We'll leave nothing unturned to fulfil Hon PM Shri @narendramodi ji's vision of 'Drug-free India.' As disclosed by Hon Hâ€¦,PemaKhanduBJP Well leave nothing unturned fulfil Shri narendramodi vision Drugfree India disclosed,"['pemakhandubjp', 'well', 'leave', 'nothing', 'unturned', 'fulfil', 'shri', 'narendramodi', 'vision', 'drugfree', 'india', 'disclosed']"
"{'retweet_count': 0, 'reply_count': 0, 'like_count': 0, 'quote_count': 0}",['1578819353109110784'],1578819353109110784,2022-10-08T18:47:21.000Z,Twitter for iPhone,1578819315578593281,und,"ğŸŒ»ğŸŒ»   H112   ğŸŒ»ğŸŒ» Ù†Ù…Ø´ÙŠ 
Excellence is always the target of champions.
#
_______________     
ğŸŒ»ğŸŒ»   8QX   ğŸŒ»ğŸŒ» ÙÙˆØºØ§ 
ğŸŒ»ğŸŒ»   AR44   ğŸŒ»ğŸŒ» Ø³ÙŠÙÙŠ 
ğŸŒ»ğŸŒ»   GA1   ğŸŒ»ğŸŒ» Ù†ÙˆÙ† 
ÙƒÌ·ÙˆÌ·Ø¯Ì¶ Ì¸Ø®Ì·ØµÌ¸Ù…Ì´ 
 â†’Ø§Í Ù†Í Ø§Ø³Í â˜­-â†’ ÙÙˆØºØ§â˜­ÙÙˆÙ‚Ø§â˜­ÙƒÙ„ÙˆØ³ÙŠØªâ˜­-â†’  ğŸ°ğŸ°ğŸ° 
ğŸŒ»ğŸŒ»   KK   ğŸŒ»ğŸŒ» ØªÙˆÙŠÙˆ ØªÙˆ ÙŠÙˆ https://t.co/dUNw7l3G9o",H112 Excellence always target champions AR44 httpstcodUNw7l3G9o,"['h112', 'excellence', 'always', 'target', 'champions', 'ar44', 'httpstcodunw7l3g9o']"
"{'retweet_count': 0, 'reply_count': 0, 'like_count': 0, 'quote_count': 0}",['1578819351528230914'],1578819351528230914,2022-10-08T18:47:21.000Z,Twitter Web App,1557261092556271616,en,$wish Top analyst price target for next week;:~https://t.co/zbC9XFp5Ge,wish analyst price target next weekhttpstcozbC9XFp5Ge,"['wish', 'analyst', 'price', 'target', 'next', 'weekhttpstcozbc9xfp5ge']"
"{'retweet_count': 0, 'reply_count': 0, 'like_count': 1, 'quote_count': 0}",['1578819348768370689'],1578819348768370689,2022-10-08T18:47:20.000Z,Twitter for Android,414129354,en,"ğŸ”´ğŸŸ¡ğŸ”µ || CAFCC
âŒš: 72
Another opportunity gone waste as Asubonteng's cross misses target. 

Real Bamako 2ï¸âƒ£ -  0ï¸âƒ£ Hearts of Oak 

#AHOSC
#RealBamakoHearts",CAFCC 72Another opportunity gone waste Asubontengs cross misses target Real Bamako Hearts AHOSCRealBamakoHearts,"['cafcc', '72another', 'opportunity', 'gone', 'waste', 'asubontengs', 'cross', 'misses', 'target', 'real', 'bamako', 'hearts', 'ahoscrealbamakohearts']"
"{'retweet_count': 0, 'reply_count': 1, 'like_count': 0, 'quote_count': 0}",['1578819346280767488'],1578819346280767488,2022-10-08T18:47:19.000Z,Twitter for iPhone,1490142359803285509,en,@_kathiiie Youâ€™re the next target ğŸ¤ğŸ˜‚,kathiiie Youre next target,"['kathiiie', 'youre', 'next', 'target']"
"{'retweet_count': 50, 'reply_count': 0, 'like_count': 0, 'quote_count': 0}",['1578819339893243904'],1578819339893243904,2022-10-08T18:47:18.000Z,Twitter for iPhone,1536626970196332547,tr,"RT @Elashkaa: 1 FotoÄŸraflÄ± Mention EtkinliÄŸi

ğŸ‘‰ Hedef:50
        ğŸ‘‰ en az 50 rt 

âœ…Etiket:ğŸ‘‡ğŸ‘‡ğŸ‘‡

HalilÄ°brahimCeyhan
       #HalilÄ°brahimCeyhanâ€¦",Elashkaa Fotorafl Mention Etkinlii Hedef50 EtiketHalilbrahimCeyhan HalilbrahimCeyhan,"['elashkaa', 'fotorafl', 'mention', 'etkinlii', 'hedef50', 'etikethalilbrahimceyhan', 'halilbrahimceyhan']"
"{'retweet_count': 1128, 'reply_count': 0, 'like_count': 0, 'quote_count': 0}",['1578819339264102400'],1578819339264102400,2022-10-08T18:47:18.000Z,Twitter for iPhone,713753070207836160,en,RT @DiscussingFilm: A new look at Dominique Thorne as Riri Williams in â€˜BLACK PANTHER: WAKANDA FOREVERâ€™ for a new Target ad. https://t.co/kâ€¦,DiscussingFilm look Dominique Thorne Riri Williams BLACK PANTHER WAKANDA FOREVER Target httpstcok,"['discussingfilm', 'look', 'dominique', 'thorne', 'riri', 'williams', 'black', 'panther', 'wakanda', 'forever', 'target', 'httpstcok']"
"{'retweet_count': 0, 'reply_count': 0, 'like_count': 0, 'quote_count': 0}",['1578819336466485249'],1578819336466485249,2022-10-08T18:47:17.000Z,Twitter for iPhone,1217646321710043137,en,"@steezysworld @shortdestroyer Maybe. If so, who scammed us? Shouldnâ€™t they be the target of your scorn, not the â€œidiotsâ€ that got conned?",steezysworld shortdestroyer Maybe scammed Shouldnt they target your scorn idiots that conned,"['steezysworld', 'shortdestroyer', 'maybe', 'scammed', 'shouldnt', 'they', 'target', 'your', 'scorn', 'idiots', 'that', 'conned']"
"{'retweet_count': 43, 'reply_count': 0, 'like_count': 0, 'quote_count': 0}",['1578819335904456704'],1578819335904456704,2022-10-08T18:47:17.000Z,Twitter for Android,903817812401152000,en,"RT @0x2nac0nda: Bruteforcing #subdomains using a wordlist
Best DNS wordlist :
https://t.co/KTok7m5vd0
Tips:
ffuf -u â€œhttps://t.co/IIY7Bc1fWâ€¦",0x2nac0nda Bruteforcing subdomains using wordlistBest wordlist httpstcoKTok7m5vd0Tipsffuf httpstcoIIY7Bc1fW,"['0x2nac0nda', 'bruteforcing', 'subdomains', 'using', 'wordlistbest', 'wordlist', 'httpstcoktok7m5vd0tipsffuf', 'httpstcoiiy7bc1fw']"
"{'retweet_count': 178, 'reply_count': 0, 'like_count': 0, 'quote_count': 0}",['1578819335065600000'],1578819335065600000,2022-10-08T18:47:17.000Z,Twitter for Android,1478030309350383622,en,RT @JonathanTurley: Hunter Bidenâ€™s laptop features a wide array of possible criminal acts â€” a target-rich environment for any prosecutor. Iâ€¦,JonathanTurley Hunter Bidens laptop features wide array possible criminal acts targetrich environment prosecutor,"['jonathanturley', 'hunter', 'bidens', 'laptop', 'features', 'wide', 'array', 'possible', 'criminal', 'acts', 'targetrich', 'environment', 'prosecutor']"
"{'retweet_count': 0, 'reply_count': 0, 'like_count': 0, 'quote_count': 0}",['1578819334067355649'],1578819334067355649,2022-10-08T18:47:16.000Z,Twitter Web App,1557261092556271616,en,$amd Top analyst price target for next week;:~https://t.co/zbC9XFp5Ge,analyst price target next weekhttpstcozbC9XFp5Ge,"['analyst', 'price', 'target', 'next', 'weekhttpstcozbc9xfp5ge']"
"{'retweet_count': 0, 'reply_count': 0, 'like_count': 0, 'quote_count': 0}",['1578819332443754496'],1578819332443754496,2022-10-08T18:47:16.000Z,Twitter for Android,874246324581011456,en,Shot on target fc ğŸ˜‚ğŸ˜‚ğŸ˜‚ğŸ˜‚ğŸ˜‚ğŸ˜‚,Shot target,"['shot', 'target']"
"{'retweet_count': 0, 'reply_count': 0, 'like_count': 0, 'quote_count': 0}",['1578819328300154882'],1578819328300154882,2022-10-08T18:47:15.000Z,Twitter for iPhone,2239893372,en,"@HemSandoval Good q. Possible on target as GBS assoc with reduced Treg.  But other anti-CD25 drugs not caused GBS at signif freq. Also cami-T only caused GBS in Hodgkin, not NHL or solid tumours.",HemSandoval Good Possible target assoc with reduced Treg other antiCD25 drugs caused signif freq Also camiT only caused Hodgkin solid tumours,"['hemsandoval', 'good', 'possible', 'target', 'assoc', 'with', 'reduced', 'treg', 'other', 'anticd25', 'drugs', 'caused', 'signif', 'freq', 'also', 'camit', 'only', 'caused', 'hodgkin', 'solid', 'tumours']"
"{'retweet_count': 0, 'reply_count': 0, 'like_count': 0, 'quote_count': 0}",['1578819323753533440'],1578819323753533440,2022-10-08T18:47:14.000Z,Twitter Web App,1557261092556271616,en,$amc Top analyst price target for next week;:~https://t.co/zbC9XFp5Ge,analyst price target next weekhttpstcozbC9XFp5Ge,"['analyst', 'price', 'target', 'next', 'weekhttpstcozbc9xfp5ge']"
"{'retweet_count': 0, 'reply_count': 0, 'like_count': 0, 'quote_count': 0}",['1578819322419347456'],1578819322419347456,2022-10-08T18:47:14.000Z,Twitter for iPhone,1575332912815218688,ja,"ãƒ¢ãƒ³ã‚¹ãƒˆã§ä¸€ç·’ã«ã‚¬ãƒãƒ£ã‚’å¼•ã‹ãªã„ï¼Ÿ
ã€Œä»Šå¹´ã§æœ€å¾Œï¼9å‘¨å¹´çˆ†çµ¶æ„Ÿè¬ãƒãƒ«ãƒã‚¬ãƒãƒ£ã€
ã¿ã‚“ãªã§å¼•ãã¨æœ€å¤§4ä½“ã‚²ãƒƒãƒˆï¼
https://t.co/q12W8yNC3X
â†‘ã“ã®URLã‚’ã‚¿ãƒƒãƒ—ã™ã‚‹ã¨ã€ã‚¿ãƒƒãƒ—ã—ãŸäººé”åŒå£«ã§ä¸€ç·’ã«ã‚¬ãƒãƒ£ãŒå¼•ã‘ã‚‹ã‚ˆï¼",94httpstcoq12W8yNC3XURL,['94httpstcoq12w8ync3xurl']
"{'retweet_count': 51, 'reply_count': 0, 'like_count': 0, 'quote_count': 0}",['1578819317562413056'],1578819317562413056,2022-10-08T18:47:13.000Z,Twitter Web App,1573537073771909120,en,"RT @Theunnamed_S: We are actually pushing the personal tags &amp; mention til we hit our target of 1M tweet so please keeps on going, do not slâ€¦",TheunnamedS actually pushing personal tags mention target tweet please keeps going,"['theunnameds', 'actually', 'pushing', 'personal', 'tags', 'mention', 'target', 'tweet', 'please', 'keeps', 'going']"
"{'retweet_count': 29, 'reply_count': 0, 'like_count': 0, 'quote_count': 0}",['1578819317155536896'],1578819317155536896,2022-10-08T18:47:12.000Z,Twitter Web App,1502680650557534211,en,RT @TWEETS4TIGRAY: In every bombardement civilian's are the main target. The main reason why @AbiyAhmedAli and #IsaiasAfeworki bombing Citiâ€¦,TWEETS4TIGRAY every bombardement civilians main target main reason AbiyAhmedAli IsaiasAfeworki bombing Citi,"['tweets4tigray', 'every', 'bombardement', 'civilians', 'main', 'target', 'main', 'reason', 'abiyahmedali', 'isaiasafeworki', 'bombing', 'citi']"
"{'retweet_count': 19, 'reply_count': 0, 'like_count': 0, 'quote_count': 0}",['1578819312021737473'],1578819312021737473,2022-10-08T18:47:11.000Z,Twitter for iPhone,1286763769138483201,en,RT @DepressRefugee: Afghanistan has never been safe for us as Hazara have always been under direct target throughout the 2 decades of war iâ€¦,DepressRefugee Afghanistan never been safe Hazara have always been under direct target throughout decades,"['depressrefugee', 'afghanistan', 'never', 'been', 'safe', 'hazara', 'have', 'always', 'been', 'under', 'direct', 'target', 'throughout', 'decades']"
"{'retweet_count': 0, 'reply_count': 0, 'like_count': 0, 'quote_count': 0}",['1578819310981902336'],1578819310981902336,2022-10-08T18:47:11.000Z,Twitter Web App,1557261092556271616,en,$mmat Top analyst price target for next week;:~https://t.co/zbC9XFp5Ge,mmat analyst price target next weekhttpstcozbC9XFp5Ge,"['mmat', 'analyst', 'price', 'target', 'next', 'weekhttpstcozbc9xfp5ge']"
"{'retweet_count': 0, 'reply_count': 0, 'like_count': 0, 'quote_count': 0}",['1578819309509349379'],1578819309509349379,2022-10-08T18:47:11.000Z,Missinglettr,892747500729376768,en,"When youâ€™re searching for the best baby registry to meet your needs, there are many options to choose from. If we narrow it down to Target vs Amazon baby registries, which one is better?

Read more ğŸ‘‰ https://t.co/LkAZggdSZo

#BabyGiftRegistry #WebBabyShower #VirtualBabyShower https://t.co/EmPRbE9qEH",When youre searching best baby registry meet your needs there many options choose from narrow down Target Amazon baby registries which betterRead more httpstcoLkAZggdSZoBabyGiftRegistry WebBabyShower VirtualBabyShower httpstcoEmPRbE9qEH,"['when', 'youre', 'searching', 'best', 'baby', 'registry', 'meet', 'your', 'needs', 'there', 'many', 'options', 'choose', 'from', 'narrow', 'down', 'target', 'amazon', 'baby', 'registries', 'which', 'betterread', 'more', 'httpstcolkazggdszobabygiftregistry', 'webbabyshower', 'virtualbabyshower', 'httpstcoemprbe9qeh']"
"{'retweet_count': 116, 'reply_count': 0, 'like_count': 0, 'quote_count': 0}",['1578819308448514048'],1578819308448514048,2022-10-08T18:47:10.000Z,Twitter for Android,3110461544,en,"RT @ScottHech: What possibly could go wrong w/ 700 new, nervous, inexperienced, &amp; armed cops being ordered to deploy into already overpolicâ€¦",ScottHech What possibly could wrong nervous inexperienced armed cops being ordered deploy into already overpolic,"['scotthech', 'what', 'possibly', 'could', 'wrong', 'nervous', 'inexperienced', 'armed', 'cops', 'being', 'ordered', 'deploy', 'into', 'already', 'overpolic']"
"{'retweet_count': 6, 'reply_count': 0, 'like_count': 0, 'quote_count': 0}",['1578819307613851648'],1578819307613851648,2022-10-08T18:47:10.000Z,Twitter for Android,1270457779493445637,en,"RT @jaemiisseoyoyo: At 50% of today's target! 

(Not collecting that bonus until the last minute cos I'm making the most of the x2.0 bonus.â€¦",jaemiisseoyoyo todays target collecting that bonus until last minute making most bonus,"['jaemiisseoyoyo', 'todays', 'target', 'collecting', 'that', 'bonus', 'until', 'last', 'minute', 'making', 'most', 'bonus']"
"{'retweet_count': 41, 'reply_count': 0, 'like_count': 0, 'quote_count': 0}",['1578819306926006272'],1578819306926006272,2022-10-08T18:47:10.000Z,Twitter for Android,1404342748342149120,hi,"RT @Itsbhawana_: #AnkitGupta ko target karlo vo fir bhi rule karega

Dekh lena

#BB16 #BiggBoss16 #BB16WithPriyAnkit #Priyankit",Itsbhawana AnkitGupta target karlo rule karegaDekh lenaBB16 BiggBoss16 BB16WithPriyAnkit Priyankit,"['itsbhawana', 'ankitgupta', 'target', 'karlo', 'rule', 'karegadekh', 'lenabb16', 'biggboss16', 'bb16withpriyankit', 'priyankit']"
"{'retweet_count': 0, 'reply_count': 0, 'like_count': 0, 'quote_count': 0}",['1578819306464612352'],1578819306464612352,2022-10-08T18:47:10.000Z,Twitter for Android,1100459896254779392,en,@CaptainRK8055 @IamReal_Raj Sajid is just playing safe he has no guts to play against anyone that's why he choose soft target on point kuch bi nahi tha uske shalin ke saath itne masle han usmein dum hi nahi hai usko Dene ka shalin ne th usko nominate bi kia hence he is coward,CaptainRK8055 IamRealRaj Sajid just playing safe guts play against anyone thats choose soft target point kuch nahi uske shalin saath itne masle usmein nahi usko Dene shalin usko nominate hence coward,"['captainrk8055', 'iamrealraj', 'sajid', 'just', 'playing', 'safe', 'guts', 'play', 'against', 'anyone', 'thats', 'choose', 'soft', 'target', 'point', 'kuch', 'nahi', 'uske', 'shalin', 'saath', 'itne', 'masle', 'usmein', 'nahi', 'usko', 'dene', 'shalin', 'usko', 'nominate', 'hence', 'coward']"
"{'retweet_count': 0, 'reply_count': 1, 'like_count': 0, 'quote_count': 0}",['1578819306288095233'],1578819306288095233,2022-10-08T18:47:10.000Z,Twitter for Android,1443631963454181376,en,"15. Read books about discipline and thoughts.

Each person needs to find a daily routine and treatment approach,
that works for them.

Self-help books that target anxiety management
can also be a very useful part of the treatment journey.",Read books about discipline thoughtsEach person needs find daily routine treatment approachthat works themSelfhelp books that target anxiety managementcan also very useful part treatment journey,"['read', 'books', 'about', 'discipline', 'thoughtseach', 'person', 'needs', 'find', 'daily', 'routine', 'treatment', 'approachthat', 'works', 'themselfhelp', 'books', 'that', 'target', 'anxiety', 'managementcan', 'also', 'very', 'useful', 'part', 'treatment', 'journey']"
"{'retweet_count': 5, 'reply_count': 0, 'like_count': 0, 'quote_count': 0}",['1578819305793519618'],1578819305793519618,2022-10-08T18:47:10.000Z,Twitter for iPhone,1289686413462601728,en,RT @discoverSKZ: Also to clarify this is not on JYP. This is solely on Target. Target orders a specific number of albums. Their orders wereâ€¦,discoverSKZ Also clarify this This solely Target Target orders specific number albums Their orders were,"['discoverskz', 'also', 'clarify', 'this', 'this', 'solely', 'target', 'target', 'orders', 'specific', 'number', 'albums', 'their', 'orders', 'were']"
"{'retweet_count': 0, 'reply_count': 0, 'like_count': 0, 'quote_count': 0}",['1578819301808930816'],1578819301808930816,2022-10-08T18:47:09.000Z,Twitter for iPhone,125524496,en,Target had 2 hatsâ€¦ both Chargers ğŸ™ƒ,Target hats both Chargers,"['target', 'hats', 'both', 'chargers']"
"{'retweet_count': 0, 'reply_count': 0, 'like_count': 0, 'quote_count': 0}",['1578819298755481600'],1578819298755481600,2022-10-08T18:47:08.000Z,Twitter for iPhone,1529438837277327362,ja,"ãƒ¢ãƒ³ã‚¹ãƒˆã§ä¸€ç·’ã«ã‚¬ãƒãƒ£ã‚’å¼•ã‹ãªã„ï¼Ÿ
ã€Œä»Šå¹´ã§æœ€å¾Œï¼9å‘¨å¹´çˆ†çµ¶æ„Ÿè¬ãƒãƒ«ãƒã‚¬ãƒãƒ£ã€
ã¿ã‚“ãªã§å¼•ãã¨æœ€å¤§4ä½“ã‚²ãƒƒãƒˆï¼
https://t.co/sBr8hrVe9A
â†‘ã“ã®URLã‚’ã‚¿ãƒƒãƒ—ã™ã‚‹ã¨ã€ã‚¿ãƒƒãƒ—ã—ãŸäººé”åŒå£«ã§ä¸€ç·’ã«ã‚¬ãƒãƒ£ãŒå¼•ã‘ã‚‹ã‚ˆï¼",94httpstcosBr8hrVe9AURL,['94httpstcosbr8hrve9aurl']
"{'retweet_count': 0, 'reply_count': 0, 'like_count': 0, 'quote_count': 0}",['1578819298080227328'],1578819298080227328,2022-10-08T18:47:08.000Z,Twitter Web App,1557261092556271616,en,$tggi Top analyst price target for next week;:~https://t.co/zbC9XFp5Ge,tggi analyst price target next weekhttpstcozbC9XFp5Ge,"['tggi', 'analyst', 'price', 'target', 'next', 'weekhttpstcozbc9xfp5ge']"
"{'retweet_count': 1753, 'reply_count': 0, 'like_count': 0, 'quote_count': 0}",['1578819297907920897'],1578819297907920897,2022-10-08T18:47:08.000Z,Twitter Web App,2749905416,en,"RT @Infamous_ltd: COMMENCE. MISSION. TARGET. DIABOLOS. 

https://t.co/pvm2QypW3c https://t.co/5Tm5EbgPkA",Infamousltd COMMENCE MISSION TARGET DIABOLOS httpstcopvm2QypW3c httpstco5Tm5EbgPkA,"['infamousltd', 'commence', 'mission', 'target', 'diabolos', 'httpstcopvm2qypw3c', 'httpstco5tm5ebgpka']"
"{'retweet_count': 0, 'reply_count': 0, 'like_count': 0, 'quote_count': 0}",['1578819287351185408'],1578819287351185408,2022-10-08T18:47:05.000Z,Twitter for Android,1491539964387106821,en,"The war on Tigray is a genocidal war. But make no mistake, its primary target isÂ TigrayÂ in its entirety. The reasons are stupidity&amp; jealousy. Said Mitiku

Stop watchingğŸ‡ªğŸ‡¹&amp;ğŸ‡ªğŸ‡·eliminate Tigrayans.
@IntlCrimCourt @UNGeneva
#StopTigrayGenocide https://t.co/RueP2Wm9cm",Tigray genocidal make mistake primary target isTigrayin entirety reasons stupidityamp jealousy Said MitikuStop watchingampeliminate TigrayansIntlCrimCourt UNGenevaStopTigrayGenocide httpstcoRueP2Wm9cm,"['tigray', 'genocidal', 'make', 'mistake', 'primary', 'target', 'istigrayin', 'entirety', 'reasons', 'stupidityamp', 'jealousy', 'said', 'mitikustop', 'watchingampeliminate', 'tigrayansintlcrimcourt', 'ungenevastoptigraygenocide', 'httpstcoruep2wm9cm']"
"{'retweet_count': 1128, 'reply_count': 0, 'like_count': 0, 'quote_count': 0}",['1578819287124684800'],1578819287124684800,2022-10-08T18:47:05.000Z,Twitter for Android,1145286538626064385,en,"RT @elMunir5: For grad students coming to the US in January, ask for Dollar Tree when you get here and do your shopping there. The store seâ€¦",elMunir5 grad students coming January Dollar Tree when here your shopping there store,"['elmunir5', 'grad', 'students', 'coming', 'january', 'dollar', 'tree', 'when', 'here', 'your', 'shopping', 'there', 'store']"
"{'retweet_count': 103, 'reply_count': 0, 'like_count': 0, 'quote_count': 0}",['1578819286445228032'],1578819286445228032,2022-10-08T18:47:05.000Z,Twitter for Android,1505255204324880387,kn,"RT @KKSSS_official: à²à²¨à³à²°à³‹ à²¨à²¡à³€à²¤à²¾ à²‡à²¦à³†ğŸ™„
#KicchaBOSSğ“ƒµ à²¨à³‹à²¡à²¿à²¦à³à²°à³† TARGET SET à²…à²‚à²¤ à²†à²•à²¿à²¦à²°à³†.
@Karthik1423 à²‡à²µà³à²°à³ à²¨à³‹à²¡à²¿à²¦à³à²°à³† TO NEW BEGINNINGS à²…à²‚à²¤ à²…à²•à²¿à²¦à²°à³†.â€¦",KKSSSofficial KicchaBOSS TARGET Karthik1423 BEGINNINGS,"['kksssofficial', 'kicchaboss', 'target', 'karthik1423', 'beginnings']"
"{'retweet_count': 141, 'reply_count': 0, 'like_count': 0, 'quote_count': 0}",['1578819282502586368'],1578819282502586368,2022-10-08T18:47:04.000Z,Twitter for Android,436084866,es,"RT @QuidVacuo_: Â¡Nuevo vistazo a Riri Williams en 'BLACK PANTHER WAKANDA FOREVER' por Target!
https://t.co/yiWZQgSmfK",QuidVacuo Nuevo vistazo Riri Williams BLACK PANTHER WAKANDA FOREVER TargethttpstcoyiWZQgSmfK,"['quidvacuo', 'nuevo', 'vistazo', 'riri', 'williams', 'black', 'panther', 'wakanda', 'forever', 'targethttpstcoyiwzqgsmfk']"
"{'retweet_count': 112, 'reply_count': 0, 'like_count': 0, 'quote_count': 0}",['1578819282104115200'],1578819282104115200,2022-10-08T18:47:04.000Z,Twitter for iPhone,484516041,en,"RT @KianSharifi: This is some footage: Filmed in downtown Tehran, it shows a persistent security officer pursuing his target(s) into an allâ€¦",KianSharifi This some footage Filmed downtown Tehran shows persistent security officer pursuing targets into,"['kiansharifi', 'this', 'some', 'footage', 'filmed', 'downtown', 'tehran', 'shows', 'persistent', 'security', 'officer', 'pursuing', 'targets', 'into']"
"{'retweet_count': 0, 'reply_count': 0, 'like_count': 0, 'quote_count': 0}",['1578819281256878080'],1578819281256878080,2022-10-08T18:47:04.000Z,Twitter Web App,1557261092556271616,en,$DC Top analyst price target for next week;:~https://t.co/zbC9XFp5Ge,analyst price target next weekhttpstcozbC9XFp5Ge,"['analyst', 'price', 'target', 'next', 'weekhttpstcozbc9xfp5ge']"
"{'retweet_count': 25, 'reply_count': 0, 'like_count': 0, 'quote_count': 0}",['1578819274226876416'],1578819274226876416,2022-10-08T18:47:02.000Z,Twitter for Android,1371126331426140161,tr,"RT @halilibrahiminf: HALÄ°L Ä°BRAHÄ°M CEYHAN DÃ–RT FOTOÄRAFLI MENTÄ°ON ETKÄ°NLÄ°ÄÄ°
ğŸ“ŒHEDEFğŸ“Œ
 250 mention, Rt, Fav 

ğŸ“ETÄ°KETğŸ“
HalilÄ°brahimCeyhan
#Haâ€¦",halilibrahiminf HALL BRAHM CEYHAN FOTORAFLI MENTON ETKNLHEDEF mention ETKETHalilbrahimCeyhanHa,"['halilibrahiminf', 'hall', 'brahm', 'ceyhan', 'fotorafli', 'menton', 'etknlhedef', 'mention', 'etkethalilbrahimceyhanha']"
"{'retweet_count': 0, 'reply_count': 0, 'like_count': 0, 'quote_count': 0}",['1578819271903555584'],1578819271903555584,2022-10-08T18:47:02.000Z,Twitter for Android,956202192507203587,en,@sbell021 Good in the long run. Coming full circle for Gemon back in 2020 when he was abused now they dont even target him,sbell021 Good long Coming full circle Gemon back 2020 when abused they dont even target,"['sbell021', 'good', 'long', 'coming', 'full', 'circle', 'gemon', 'back', '2020', 'when', 'abused', 'they', 'dont', 'even', 'target']"
"{'retweet_count': 0, 'reply_count': 0, 'like_count': 0, 'quote_count': 0}",['1578819268728455168'],1578819268728455168,2022-10-08T18:47:01.000Z,Twitter Web App,1557261092556271616,en,$LAC Top analyst price target for next week;:~https://t.co/zbC9XFp5Ge,analyst price target next weekhttpstcozbC9XFp5Ge,"['analyst', 'price', 'target', 'next', 'weekhttpstcozbc9xfp5ge']"
"{'retweet_count': 0, 'reply_count': 0, 'like_count': 0, 'quote_count': 0}",['1578819267243700225'],1578819267243700225,2022-10-08T18:47:01.000Z,Twitter for iPhone,913968153402777600,en,also cramping because my periods starting soonğŸ™‚ i got cinnamon rolls at target tho so itâ€™s fine,also cramping because periods starting soon cinnamon rolls target fine,"['also', 'cramping', 'because', 'periods', 'starting', 'soon', 'cinnamon', 'rolls', 'target', 'fine']"
"{'retweet_count': 22, 'reply_count': 0, 'like_count': 0, 'quote_count': 0}",['1578819260339539968'],1578819260339539968,2022-10-08T18:46:59.000Z,Twitter for iPhone,1289686413462601728,en,RT @discoverSKZ: Just spoke to a target employee apparently most MAXIDENT albums are not even making it to the stores because they sold outâ€¦,discoverSKZ Just spoke target employee apparently most MAXIDENT albums even making stores because they sold,"['discoverskz', 'just', 'spoke', 'target', 'employee', 'apparently', 'most', 'maxident', 'albums', 'even', 'making', 'stores', 'because', 'they', 'sold']"
"{'retweet_count': 20, 'reply_count': 0, 'like_count': 0, 'quote_count': 0}",['1578819259303460864'],1578819259303460864,2022-10-08T18:46:59.000Z,Twitter for Android,1578564140947410945,en,RT @MistressNicola1: My loser piggy ğŸ· will do anything to please me! ğŸ· has a lot of cock to suck to reach her target! https://t.co/xHuFGWoUâ€¦,MistressNicola1 loser piggy will anything please cock suck reach target httpstcoxHuFGWoU,"['mistressnicola1', 'loser', 'piggy', 'will', 'anything', 'please', 'cock', 'suck', 'reach', 'target', 'httpstcoxhufgwou']"
"{'retweet_count': 0, 'reply_count': 0, 'like_count': 0, 'quote_count': 0}",['1578819257257033728'],1578819257257033728,2022-10-08T18:46:58.000Z,Twitter for iPhone,520888522,en,I went to target and they already have Christmas decorations like can I enjoy my Fall decor in my apartment smhğŸ˜­,went target they already have Christmas decorations like enjoy Fall decor apartment,"['went', 'target', 'they', 'already', 'have', 'christmas', 'decorations', 'like', 'enjoy', 'fall', 'decor', 'apartment']"
"{'retweet_count': 0, 'reply_count': 0, 'like_count': 0, 'quote_count': 0}",['1578819254576877569'],1578819254576877569,2022-10-08T18:46:57.000Z,Twitter Web App,1557261092556271616,en,$EWT Top analyst price target for next week;:~https://t.co/zbC9XFp5Ge,analyst price target next weekhttpstcozbC9XFp5Ge,"['analyst', 'price', 'target', 'next', 'weekhttpstcozbc9xfp5ge']"
"{'retweet_count': 483, 'reply_count': 0, 'like_count': 0, 'quote_count': 0}",['1578819252685254657'],1578819252685254657,2022-10-08T18:46:57.000Z,Twitter for Android,1347651227946000384,en,"RT @shopbeyonce: RENAISSANCE Deluxe Vinyl available in stores NOW.

@Target @Amazon @Walmart @BNBuzz and at your local indie retailer. httpâ€¦",shopbeyonce RENAISSANCE Deluxe Vinyl available stores NOWTarget Amazon Walmart BNBuzz your local indie retailer http,"['shopbeyonce', 'renaissance', 'deluxe', 'vinyl', 'available', 'stores', 'nowtarget', 'amazon', 'walmart', 'bnbuzz', 'your', 'local', 'indie', 'retailer', 'http']"
"{'retweet_count': 0, 'reply_count': 0, 'like_count': 0, 'quote_count': 0}",['1578819247874404354'],1578819247874404354,2022-10-08T18:46:56.000Z,Twitter Web App,3419278342,en,"@JohnnyMcNabb21 Think heâ€™s saying need to push on in games more attacking threat final third and more shots on target oh sorry at target.early days but need faster thinking on feet lads,very little shots in three games .Sell out too -bit flat at home.WE ARE COLERAINE @OranKearney @W5Murphy",JohnnyMcNabb21 Think saying need push games more attacking threat final third more shots target sorry targetearly days need faster thinking feet ladsvery little shots three games Sell flat homeWE COLERAINE OranKearney W5Murphy,"['johnnymcnabb21', 'think', 'saying', 'need', 'push', 'games', 'more', 'attacking', 'threat', 'final', 'third', 'more', 'shots', 'target', 'sorry', 'targetearly', 'days', 'need', 'faster', 'thinking', 'feet', 'ladsvery', 'little', 'shots', 'three', 'games', 'sell', 'flat', 'homewe', 'coleraine', 'orankearney', 'w5murphy']"
"{'retweet_count': 19, 'reply_count': 0, 'like_count': 0, 'quote_count': 0}",['1578819247265890304'],1578819247265890304,2022-10-08T18:46:56.000Z,Twitter for iPhone,446235349,en,"RT @SaintRob__: 15 defeats in 21 games, 1 shot on target in 3 away games, 12 points out of a possible 60. 

His time is up. Thereâ€™s no moreâ€¦",SaintRob defeats games shot target away games points possible time Theres more,"['saintrob', 'defeats', 'games', 'shot', 'target', 'away', 'games', 'points', 'possible', 'time', 'theres', 'more']"
"{'retweet_count': 91, 'reply_count': 0, 'like_count': 0, 'quote_count': 0}",['1578819246335070208'],1578819246335070208,2022-10-08T18:46:56.000Z,Twitter for iPhone,891464396,en,RT @WonderKing82: You gotta be a weak ass Black man to be standing with Kemp. I promise you some Black men will always shit on a Black womaâ€¦,WonderKing82 gotta weak Black standing with Kemp promise some Black will always shit Black woma,"['wonderking82', 'gotta', 'weak', 'black', 'standing', 'with', 'kemp', 'promise', 'some', 'black', 'will', 'always', 'shit', 'black', 'woma']"
"{'retweet_count': 0, 'reply_count': 0, 'like_count': 0, 'quote_count': 0}",['1578819244204036096'],1578819244204036096,2022-10-08T18:46:55.000Z,Twitter Web App,780604137301876737,en,"@LTsarcasm @lerwill_t @OlgaNYC1211 You think the Russians weren't expecting this attack?  (Honest Q here, it's just such an obvious target I'm surprised there hasn't been an attempt before now).",LTsarcasm lerwillt OlgaNYC1211 think Russians werent expecting this attack Honest here just such obvious target surprised there hasnt been attempt before,"['ltsarcasm', 'lerwillt', 'olganyc1211', 'think', 'russians', 'werent', 'expecting', 'this', 'attack', 'honest', 'here', 'just', 'such', 'obvious', 'target', 'surprised', 'there', 'hasnt', 'been', 'attempt', 'before']"
"{'retweet_count': 483, 'reply_count': 0, 'like_count': 0, 'quote_count': 0}",['1578819236218441728'],1578819236218441728,2022-10-08T18:46:53.000Z,Twitter for iPhone,1535766745478475777,en,"RT @shopbeyonce: RENAISSANCE Deluxe Vinyl available in stores NOW.

@Target @Amazon @Walmart @BNBuzz and at your local indie retailer. httpâ€¦",shopbeyonce RENAISSANCE Deluxe Vinyl available stores NOWTarget Amazon Walmart BNBuzz your local indie retailer http,"['shopbeyonce', 'renaissance', 'deluxe', 'vinyl', 'available', 'stores', 'nowtarget', 'amazon', 'walmart', 'bnbuzz', 'your', 'local', 'indie', 'retailer', 'http']"
"{'retweet_count': 175, 'reply_count': 0, 'like_count': 0, 'quote_count': 0}",['1578819235488288768'],1578819235488288768,2022-10-08T18:46:53.000Z,Twitter for Android,1530856171250270209,en,"RT @RgbeKeshi: Civilians under attack,no IC  has officially condemned #Iran,the #UAE,&amp; #Turkey for the financing &amp; sale of weaponized droneâ€¦",RgbeKeshi Civilians under attackno officially condemned Iranthe UAEamp Turkey financing sale weaponized drone,"['rgbekeshi', 'civilians', 'under', 'attackno', 'officially', 'condemned', 'iranthe', 'uaeamp', 'turkey', 'financing', 'sale', 'weaponized', 'drone']"
"{'retweet_count': 0, 'reply_count': 0, 'like_count': 0, 'quote_count': 0}",['1578819235358593024'],1578819235358593024,2022-10-08T18:46:53.000Z,Twitter Web App,1557261092556271616,en,$SAVA Top analyst price target for next week;:~https://t.co/zbC9XFp5Ge,SAVA analyst price target next weekhttpstcozbC9XFp5Ge,"['sava', 'analyst', 'price', 'target', 'next', 'weekhttpstcozbc9xfp5ge']"
"{'retweet_count': 23, 'reply_count': 0, 'like_count': 0, 'quote_count': 0}",['1578819233685078016'],1578819233685078016,2022-10-08T18:46:53.000Z,Twitter for Android,1245648395407994881,en,"RT @MatthewHyland_: The breakdown target of this #Bitcoin Rising Wedge is $18,200 https://t.co/U1PzicE5Cl",MatthewHyland breakdown target this Bitcoin Rising Wedge 18200 httpstcoU1PzicE5Cl,"['matthewhyland', 'breakdown', 'target', 'this', 'bitcoin', 'rising', 'wedge', '18200', 'httpstcou1pzice5cl']"
"{'retweet_count': 198, 'reply_count': 0, 'like_count': 0, 'quote_count': 0}",['1578819229872427008'],1578819229872427008,2022-10-08T18:46:52.000Z,Twitter for Android,1559635359595626504,en,"RT @GebremeskelGeb: A staff of Raya Horticulture said last year, ""The Amhara Fano &amp; militia entered our farm; collected the fruits, cut theâ€¦",GebremeskelGeb staff Raya Horticulture said last year Amhara Fano militia entered farm collected fruits,"['gebremeskelgeb', 'staff', 'raya', 'horticulture', 'said', 'last', 'year', 'amhara', 'fano', 'militia', 'entered', 'farm', 'collected', 'fruits']"
"{'retweet_count': 0, 'reply_count': 0, 'like_count': 0, 'quote_count': 0}",['1578819227754328064'],1578819227754328064,2022-10-08T18:46:51.000Z,Twitter for iPhone,2265684269,en,"Tomorrows the day, help me smash my target @m__brownfield @MichaelTrevask3 @Stephen34477730 
https://t.co/1uGcSD9ASz",Tomorrows help smash target mbrownfield MichaelTrevask3 Stephen34477730 httpstco1uGcSD9ASz,"['tomorrows', 'help', 'smash', 'target', 'mbrownfield', 'michaeltrevask3', 'stephen34477730', 'httpstco1ugcsd9asz']"
"{'retweet_count': 0, 'reply_count': 0, 'like_count': 0, 'quote_count': 0}",['1578819223480307713'],1578819223480307713,2022-10-08T18:46:50.000Z,Twitter for Android,1250022957918728193,ja,"ãƒ¢ãƒ³ã‚¹ãƒˆã§ä¸€ç·’ã«ã‚¬ãƒãƒ£ã‚’å¼•ã‹ãªã„ï¼Ÿ
ã€Œä»Šå¹´ã§æœ€å¾Œï¼9å‘¨å¹´çˆ†çµ¶æ„Ÿè¬ãƒãƒ«ãƒã‚¬ãƒãƒ£ã€
ã¿ã‚“ãªã§å¼•ãã¨æœ€å¤§4ä½“ã‚²ãƒƒãƒˆï¼
https://t.co/QRXauWMFGd
â†‘ã“ã®URLã‚’ã‚¿ãƒƒãƒ—ã™ã‚‹ã¨ã€ã‚¿ãƒƒãƒ—ã—ãŸäººé”åŒå£«ã§ä¸€ç·’ã«ã‚¬ãƒãƒ£ãŒå¼•ã‘ã‚‹ã‚ˆï¼",94httpstcoQRXauWMFGdURL,['94httpstcoqrxauwmfgdurl']
"{'retweet_count': 0, 'reply_count': 0, 'like_count': 0, 'quote_count': 0}",['1578819218166145025'],1578819218166145025,2022-10-08T18:46:49.000Z,Twitter Web App,1557261092556271616,en,$VRA Top analyst price target for next week;:~https://t.co/zbC9XFp5Ge,analyst price target next weekhttpstcozbC9XFp5Ge,"['analyst', 'price', 'target', 'next', 'weekhttpstcozbc9xfp5ge']"
"{'retweet_count': 0, 'reply_count': 0, 'like_count': 0, 'quote_count': 0}",['1578819209278410752'],1578819209278410752,2022-10-08T18:46:47.000Z,Twitter for Android,904324219604877313,ja,"ãƒ¢ãƒ³ã‚¹ãƒˆã§ä¸€ç·’ã«ã‚¬ãƒãƒ£ã‚’å¼•ã‹ãªã„ï¼Ÿ
ã€Œä»Šå¹´ã§æœ€å¾Œï¼9å‘¨å¹´çˆ†çµ¶æ„Ÿè¬ãƒãƒ«ãƒã‚¬ãƒãƒ£ã€
ã¿ã‚“ãªã§å¼•ãã¨æœ€å¤§4ä½“ã‚²ãƒƒãƒˆï¼
https://t.co/kbkXG7QhWu
â†‘ã“ã®URLã‚’ã‚¿ãƒƒãƒ—ã™ã‚‹ã¨ã€ã‚¿ãƒƒãƒ—ã—ãŸäººé”åŒå£«ã§ä¸€ç·’ã«ã‚¬ãƒãƒ£ãŒå¼•ã‘ã‚‹ã‚ˆï¼",94httpstcokbkXG7QhWuURL,['94httpstcokbkxg7qhwuurl']
"{'retweet_count': 93, 'reply_count': 0, 'like_count': 0, 'quote_count': 0}",['1578819209072893952'],1578819209072893952,2022-10-08T18:46:47.000Z,Twitter for Android,1571590835908517889,tr,"RT @halilibrahimir: Event4 

4FotoÄŸraflÄ± Mention EtkinliÄŸi

ğŸ‘‰ Hedef:25
        ğŸ‘‰ en az 50rt

âœ…Etiket:ğŸ‘‡ğŸ‘‡ğŸ‘‡

HalilÄ°brahimCeyhan
       #HalilÄ°â€¦",halilibrahimir Event4 4Fotorafl Mention Etkinlii Hedef25 50rtEtiketHalilbrahimCeyhan Halil,"['halilibrahimir', 'event4', '4fotorafl', 'mention', 'etkinlii', 'hedef25', '50rtetikethalilbrahimceyhan', 'halil']"
"{'retweet_count': 449, 'reply_count': 0, 'like_count': 0, 'quote_count': 0}",['1578819205004087296'],1578819205004087296,2022-10-08T18:46:46.000Z,Twitter Web App,1487096561616277524,en,"RT @UnSubtleDesi: A very important thread and article on the latest hit piece by Rina Chandran, blaming Hindus for Leicester violence. Theâ€¦",UnSubtleDesi very important thread article latest piece Rina Chandran blaming Hindus Leicester violence,"['unsubtledesi', 'very', 'important', 'thread', 'article', 'latest', 'piece', 'rina', 'chandran', 'blaming', 'hindus', 'leicester', 'violence']"
"{'retweet_count': 116, 'reply_count': 0, 'like_count': 0, 'quote_count': 0}",['1578819204740173824'],1578819204740173824,2022-10-08T18:46:46.000Z,Twitter for iPhone,708693121,en,RT @Maryam_Rajavi: Youths of Sanandaj have taken control of parts of the city. The barrage of bullets &amp; tear gas have filled the air. Someâ€¦,MaryamRajavi Youths Sanandaj have taken control parts city barrage bullets tear have filled Some,"['maryamrajavi', 'youths', 'sanandaj', 'have', 'taken', 'control', 'parts', 'city', 'barrage', 'bullets', 'tear', 'have', 'filled', 'some']"
"{'retweet_count': 0, 'reply_count': 0, 'like_count': 0, 'quote_count': 0}",['1578819201950973952'],1578819201950973952,2022-10-08T18:46:45.000Z,Twitter for Android,1488640629856952328,en,I bet you this Casanova bitch Jay wheeler this Walking Dead Target that doesn't have any chains or protection is probably concerned about the Pitney wheeler Bose connection to Big Commerce now that everybody's getting shot right?,this Casanova bitch wheeler this Walking Dead Target that doesnt have chains protection probably concerned about Pitney wheeler Bose connection Commerce that everybodys getting shot right,"['this', 'casanova', 'bitch', 'wheeler', 'this', 'walking', 'dead', 'target', 'that', 'doesnt', 'have', 'chains', 'protection', 'probably', 'concerned', 'about', 'pitney', 'wheeler', 'bose', 'connection', 'commerce', 'that', 'everybodys', 'getting', 'shot', 'right']"
"{'retweet_count': 0, 'reply_count': 0, 'like_count': 1, 'quote_count': 0}",['1578819200080281600'],1578819200080281600,2022-10-08T18:46:44.000Z,Twitter for iPhone,2861924124,es,"@K_Marmota Si, creo que el estilo de los Targets de Jakobi lo hacen un mejor target para Zappe.",KMarmota creo estilo Targets Jakobi hacen mejor target para Zappe,"['kmarmota', 'creo', 'estilo', 'targets', 'jakobi', 'hacen', 'mejor', 'target', 'para', 'zappe']"
"{'retweet_count': 2, 'reply_count': 0, 'like_count': 0, 'quote_count': 0}",['1578819199665074176'],1578819199665074176,2022-10-08T18:46:44.000Z,Twitter for iPhone,2953717680,en,"RT @Krishnauvaccha: There is no doubt that #Chandrachud is one of the best legal minds this country has ever produced. 
It has now become mâ€¦",Krishnauvaccha There doubt that Chandrachud best legal minds this country ever produced become,"['krishnauvaccha', 'there', 'doubt', 'that', 'chandrachud', 'best', 'legal', 'minds', 'this', 'country', 'ever', 'produced', 'become']"
"{'retweet_count': 0, 'reply_count': 0, 'like_count': 0, 'quote_count': 0}",['1578819199287562240'],1578819199287562240,2022-10-08T18:46:44.000Z,Twitter for Android,1524957696,qme,"@ptc_indialtd @ZeeBusiness @mishra_r
https://t.co/ITF2uVMMW5",ptcindialtd ZeeBusiness mishrarhttpstcoITF2uVMMW5,"['ptcindialtd', 'zeebusiness', 'mishrarhttpstcoitf2uvmmw5']"
"{'retweet_count': 0, 'reply_count': 0, 'like_count': 0, 'quote_count': 0}",['1578819195193606144'],1578819195193606144,2022-10-08T18:46:43.000Z,"Cheap Bots, Done Quick!",1525908893787881475,en,Discussion of team status is irrelevant-- the target escaped. This needs to be corrected with fire.,Discussion team status irrelevant target escaped This needs corrected with fire,"['discussion', 'team', 'status', 'irrelevant', 'target', 'escaped', 'this', 'needs', 'corrected', 'with', 'fire']"
"{'retweet_count': 2555, 'reply_count': 0, 'like_count': 0, 'quote_count': 0}",['1578819194652880896'],1578819194652880896,2022-10-08T18:46:43.000Z,Twitter Web App,1509461718463926278,en,"RT @og_jujunwa: Praying this reaches the target demographic ğŸ™ğŸ¾

#Raeda #Dariraine #TheOwlHouse 
#monstertober2022 https://t.co/yGcBHV5bGK",ogjujunwa Praying this reaches target demographic Raeda Dariraine TheOwlHouse monstertober2022 httpstcoyGcBHV5bGK,"['ogjujunwa', 'praying', 'this', 'reaches', 'target', 'demographic', 'raeda', 'dariraine', 'theowlhouse', 'monstertober2022', 'httpstcoygcbhv5bgk']"
"{'retweet_count': 0, 'reply_count': 0, 'like_count': 0, 'quote_count': 0}",['1578819191721058304'],1578819191721058304,2022-10-08T18:46:43.000Z,Twitter Web App,1557261092556271616,en,$NIO Top analyst price target for next week;:~https://t.co/zbC9XFp5Ge,analyst price target next weekhttpstcozbC9XFp5Ge,"['analyst', 'price', 'target', 'next', 'weekhttpstcozbc9xfp5ge']"
"{'retweet_count': 0, 'reply_count': 0, 'like_count': 0, 'quote_count': 0}",['1578819182979751936'],1578819182979751936,2022-10-08T18:46:40.000Z,Twitter for iPhone,1578819149089964034,und,"ğŸ³ğŸ³   KK   ğŸ³ğŸ³ ØªÙˆÙŠÙˆ ØªÙˆ ÙŠÙˆ 
ğŸ³ğŸ³   H112   ğŸ³ğŸ³ Ù†Ù…Ø´ÙŠ 
Ø®ØµÙ… Ù‚ÙˆÙŠ
Excellence is always the target of champions.
ÙƒÌ·ÙˆÌ·Ø¯Ì¶ Ì¸Ø®Ì·ØµÌ¸Ù…Ì´ 
ğŸ³ğŸ³   8QX   ğŸ³ğŸ³ ÙÙˆØºØ§ 
 â†’Ø§Í Ù†Í Ø§Ø³Í â˜­-â†’ ÙÙˆØºØ§â˜­ÙÙˆÙ‚Ø§â˜­ÙƒÙ„ÙˆØ³ÙŠØªâ˜­-â†’  ğŸ”¶ğŸ”¶ğŸ”¶ğŸ”¶ 
_______________     
ğŸ³ğŸ³   GA1   ğŸ³ğŸ³ Ù†ÙˆÙ† 
ğŸ³ğŸ³   AR44   ğŸ³ğŸ³ Ø³ÙŠÙÙŠ https://t.co/k2IrGIBzXf",H112 Excellence always target champions AR44 httpstcok2IrGIBzXf,"['h112', 'excellence', 'always', 'target', 'champions', 'ar44', 'httpstcok2irgibzxf']"
"{'retweet_count': 94, 'reply_count': 0, 'like_count': 0, 'quote_count': 0}",['1578819182925598720'],1578819182925598720,2022-10-08T18:46:40.000Z,Twitter for Android,1526635810614874113,tr,"RT @CassiaA50073189: Hayalciyim diyebilirsin ama tek ben deÄŸilim

HEDEF: 100 MENTION 

EN AZ : 80 RT

âœ…Etiketimiz :
#KÄ±zÄ±lcÄ±kÅerbeti  
 #SÄ±â€¦",CassiaA50073189 Hayalciyim diyebilirsin deilimHEDEF MENTION RTEtiketimiz Kzlckerbeti,"['cassiaa50073189', 'hayalciyim', 'diyebilirsin', 'deilimhedef', 'mention', 'rtetiketimiz', 'kzlckerbeti']"
"{'retweet_count': 0, 'reply_count': 0, 'like_count': 0, 'quote_count': 0}",['1578819181080104960'],1578819181080104960,2022-10-08T18:46:40.000Z,Twitter Web App,1557261092556271616,en,$PHIL Top analyst price target for next week;:~https://t.co/zbC9XFp5Ge,PHIL analyst price target next weekhttpstcozbC9XFp5Ge,"['phil', 'analyst', 'price', 'target', 'next', 'weekhttpstcozbc9xfp5ge']"
"{'retweet_count': 13, 'reply_count': 0, 'like_count': 0, 'quote_count': 0}",['1578819175958519808'],1578819175958519808,2022-10-08T18:46:39.000Z,Twitter for Android,2369253458,en,RT @Bookbugsdragon1: Absolute Scenes at our bookshop all day. Floods of people followed by floods of tears followed by a strange kind of reâ€¦,Bookbugsdragon1 Absolute Scenes bookshop Floods people followed floods tears followed strange kind,"['bookbugsdragon1', 'absolute', 'scenes', 'bookshop', 'floods', 'people', 'followed', 'floods', 'tears', 'followed', 'strange', 'kind']"
"{'retweet_count': 116, 'reply_count': 0, 'like_count': 0, 'quote_count': 0}",['1578819174226624512'],1578819174226624512,2022-10-08T18:46:38.000Z,Twitter for Android,1399027856597041159,en,RT @Maryam_Rajavi: Youths of Sanandaj have taken control of parts of the city. The barrage of bullets &amp; tear gas have filled the air. Someâ€¦,MaryamRajavi Youths Sanandaj have taken control parts city barrage bullets tear have filled Some,"['maryamrajavi', 'youths', 'sanandaj', 'have', 'taken', 'control', 'parts', 'city', 'barrage', 'bullets', 'tear', 'have', 'filled', 'some']"
